0,43,42,39,34,39,45,39,34,39,43,50,55,59,64,79,157,170,173,161,176,174,120,116,122,147,154,158,166,165,163,96,53,63,64,85,101,132,164,178,92,46,43,41,43,45,53,57,63,77,120,153,186,187,198,205,182,189,189,201,206,226,223,224,213,205,188,210,220,219,210,196,199,188,187,188,199,211,221,213,216,215,213,218,217,219,222,216,184,138,111,134,208,214,204,198,206,202,189,197,183,105,61,70,79,69,52,52,58,63,82,100,101,102,109,117,103,88,80,66,55,46,43,45,46,45,46,52,49,46,45,45,45,43,46,43,52,43
1,50,45,39,46,43,46,39,50,43,53,53,71,66,74,95,157,173,138,107,164,170,132,164,169,169,167,168,172,172,159,131,101,59,72,79,92,110,147,179,106,53,39,40,39,47,60,92,123,149,168,186,193,192,199,193,189,192,190,203,206,215,226,233,221,192,181,218,215,211,209,199,203,196,195,196,199,187,189,201,208,219,220,229,238,231,215,208,201,199,193,167,122,202,216,211,211,196,211,190,184,152,76,61,64,65,57,56,59,69,80,103,112,109,104,96,92,79,68,57,46,43,45,43,45,46,43,45,43,43,43,45,46,45,46,43,43,43
2,46,43,49,39,60,60,67,56,59,65,66,68,68,76,98,157,155,134,118,165,169,136,160,176,169,162,160,167,177,157,148,148,84,68,84,109,103,142,160,114,55,36,43,41,43,48,66,103,159,187,200,197,200,207,183,179,192,192,210,198,204,227,222,220,198,192,211,203,212,197,197,210,211,215,222,232,214,197,185,179,197,211,213,219,238,237,231,225,222,218,215,215,151,180,217,212,204,196,190,191,154,94,64,54,57,52,50,59,70,76,89,92,101,92,87,75,68,57,46,43,46,43,39,43,43,39,52,46,43,46,46,46,49,46,43,46,45
3,43,50,43,39,43,59,70,67,60,51,64,79,71,95,85,152,144,161,127,170,173,132,144,126,124,117,132,129,156,161,141,168,131,76,71,89,100,150,156,121,62,39,40,41,45,51,56,73,121,173,194,197,188,184,193,172,191,189,209,208,202,217,217,214,195,198,210,204,210,199,202,205,210,205,210,204,191,187,213,207,220,225,229,233,236,238,236,234,236,227,225,222,215,178,151,188,184,195,182,150,173,80,66,50,51,49,50,55,67,73,75,82,93,97,76,62,56,50,43,46,43,46,43,43,43,45,42,46,46,46,43,50,46,43,46,43,46
4,39,43,46,43,39,46,46,55,50,46,53,61,71,61,61,151,172,176,135,161,168,133,133,163,166,175,176,165,143,167,136,170,173,138,91,75,98,125,173,151,70,43,41,42,47,56,62,79,113,154,175,174,184,180,187,174,193,196,208,207,208,206,218,209,191,197,204,205,203,199,207,200,207,184,205,186,183,200,207,213,221,220,218,222,224,229,231,222,232,235,230,224,219,209,178,133,122,114,135,163,103,126,69,60,54,51,51,62,71,73,77,79,87,83,69,51,50,45,43,45,46,46,46,45,43,43,43,43,49,43,46,43,49,43,43,49,43
5,39,34,38,43,38,39,39,45,39,43,43,43,52,53,52,156,173,175,141,160,175,175,173,175,176,179,179,158,144,172,151,147,180,172,101,91,93,110,156,173,83,41,41,40,45,51,66,87,125,150,178,185,179,192,198,177,185,203,205,218,211,200,219,206,200,200,204,201,203,200,207,206,201,194,198,174,187,204,207,208,205,214,218,223,228,225,224,219,217,226,228,230,224,206,193,200,173,116,95,86,83,79,75,63,58,46,53,62,68,66,79,70,68,66,61,50,44,46,46,43,43,43,46,43,43,43,43,45,46,46,46,55,43,46,43,46,43
6,39,34,39,34,39,38,38,39,38,38,39,42,52,45,45,157,176,175,142,154,174,171,176,180,177,180,178,150,161,179,177,135,127,140,127,93,103,123,130,161,84,47,45,46,46,46,55,80,106,129,160,199,199,201,198,215,190,199,210,215,211,216,212,209,204,205,199,202,202,201,199,200,191,205,185,200,201,194,192,189,194,186,198,201,198,207,210,217,220,213,205,189,191,176,159,159,108,169,112,83,67,65,71,68,67,65,61,63,68,58,71,66,67,62,54,52,44,52,46,46,46,49,43,43,43,43,46,46,49,43,49,46,46,46,46,45,43
7,39,28,34,34,34,38,34,34,34,34,38,34,38,39,44,154,172,175,152,136,170,177,137,136,158,157,146,155,178,185,183,183,171,169,166,155,119,142,155,139,79,43,43,43,50,53,51,57,75,113,141,176,195,210,213,214,220,200,209,216,213,218,210,203,204,205,202,199,190,197,183,203,196,184,201,206,196,183,172,187,164,188,196,203,173,166,176,176,186,197,169,148,110,89,69,66,63,61,84,83,69,67,62,65,67,61,52,58,50,68,63,76,75,66,67,61,51,46,43,43,43,46,45,45,43,43,43,43,43,45,49,43,43,45,43,43,43
8,39,33,34,34,34,34,34,38,34,34,38,38,34,39,37,139,170,177,164,135,161,177,181,163,144,149,178,180,184,185,184,180,184,180,180,179,162,140,139,173,99,45,45,46,50,56,51,51,52,88,145,170,193,211,212,224,219,210,209,218,211,211,211,200,201,204,198,185,193,195,188,195,191,193,206,191,195,163,163,151,178,127,101,110,127,126,131,130,112,97,65,55,61,72,67,66,56,58,59,67,60,66,63,61,64,70,57,56,56,61,59,61,56,51,54,50,50,53,46,46,46,43,43,43,43,39,45,43,43,45,46,46,46,45,46,43,43
9,39,28,34,34,34,34,39,34,39,34,39,34,34,39,38,122,168,179,169,136,169,178,183,189,188,187,183,183,183,185,185,188,187,187,184,192,172,170,167,167,94,53,45,43,48,52,56,53,55,55,109,176,189,201,210,211,222,214,207,214,219,206,213,191,191,192,195,185,201,189,195,189,187,193,186,186,155,145,106,111,93,84,87,84,88,90,89,83,68,66,59,50,51,51,56,57,65,61,60,75,70,62,61,66,64,67,62,47,53,50,55,59,59,57,51,46,53,50,55,50,43,39,49,45,43,42,43,45,43,49,45,46,46,46,43,49,42
10,34,34,34,34,38,34,39,39,38,39,34,39,39,34,38,93,164,175,174,127,162,176,179,181,180,179,183,181,183,186,189,184,189,190,185,190,182,173,176,169,91,50,46,47,43,50,53,51,53,54,55,140,173,205,203,216,214,213,207,207,215,202,213,187,191,190,180,196,197,201,183,194,191,191,179,153,134,100,84,71,66,66,63,59,59,60,51,54,52,57,58,57,61,60,59,56,56,66,63,60,65,76,64,64,67,67,59,53,51,53,53,56,47,56,53,44,49,49,49,43,46,46,43,43,43,43,45,43,43,45,46,39,45,42,39,45,43
11,34,34,34,28,38,34,34,38,34,34,34,39,39,39,39,68,160,177,179,179,175,181,184,187,184,184,186,186,186,184,188,186,186,187,190,193,205,204,153,86,58,46,46,51,52,53,51,50,55,59,50,70,171,180,207,212,208,210,204,207,204,199,196,197,186,190,194,209,210,197,182,198,195,174,162,127,104,78,64,62,57,53,53,57,53,56,57,57,56,57,56,58,58,53,57,56,59,68,62,68,71,65,71,64,64,62,58,48,50,46,55,53,53,65,56,50,43,50,35,45,46,43,46,43,43,46,42,43,43,43,43,45,43,42,45,46,49
12,39,38,34,34,34,34,38,38,39,34,28,38,42,34,39,50,148,170,179,171,174,176,181,182,188,187,190,184,187,191,205,211,194,166,121,81,58,45,43,37,47,47,45,53,53,54,51,56,53,54,54,75,127,173,204,202,203,207,200,203,202,191,193,192,191,195,211,215,207,188,188,197,178,162,142,119,64,66,62,58,54,54,54,53,50,50,57,59,56,53,56,57,54,60,59,60,62,68,64,70,59,66,65,56,53,56,53,52,46,46,49,52,57,53,64,53,53,53,49,45,43,43,43,39,43,42,45,45,43,43,39,43,42,45,46,46,43
13,34,34,38,28,34,38,38,38,34,39,38,34,34,39,34,41,143,169,177,174,172,174,181,182,187,199,197,174,131,82,63,43,43,43,39,43,43,41,40,48,40,43,50,47,53,55,59,58,56,59,55,55,110,154,182,200,197,202,201,199,189,182,184,188,194,211,215,209,190,186,190,186,168,166,132,118,83,61,59,56,52,47,50,47,53,51,51,54,57,53,60,60,58,56,58,55,66,66,65,78,76,63,65,64,54,53,53,49,55,53,50,54,50,52,53,98,61,46,46,43,43,43,43,39,45,43,43,45,39,42,45,46,43,46,52,46,43
14,42,34,38,34,28,34,38,38,38,38,38,34,38,39,38,38,143,170,172,183,199,191,149,103,69,47,39,39,35,39,39,39,39,39,39,37,39,43,48,51,43,45,39,43,46,50,62,65,57,64,63,56,87,148,165,193,194,194,204,195,185,191,176,183,200,212,208,196,191,188,198,180,176,158,143,68,69,65,66,56,54,48,44,45,51,48,54,50,57,53,56,57,59,58,60,59,59,60,57,64,62,69,64,63,58,54,51,56,49,50,59,53,59,53,52,51,56,52,46,45,45,61,60,50,47,45,46,49,49,49,46,45,43,43,43,46,43
15,39,34,38,38,34,34,34,34,39,34,38,34,39,39,39,42,41,44,56,55,50,40,40,40,43,43,39,39,39,39,39,39,35,39,42,37,39,43,43,50,53,46,43,46,50,48,48,57,55,60,73,62,53,102,184,182,198,201,201,180,186,188,177,188,196,209,193,194,179,192,190,184,184,139,84,80,64,64,68,57,53,46,48,50,50,48,51,53,53,62,56,56,58,58,59,67,67,68,70,61,66,65,62,59,55,50,53,53,52,62,62,58,60,53,53,46,50,60,57,56,55,46,50,49,43,43,46,46,43,43,46,46,46,43,45,43,46
16,34,34,34,38,34,34,34,34,39,34,34,34,34,39,42,39,39,45,43,42,43,42,43,34,34,34,39,39,35,42,39,37,43,34,39,37,39,41,40,40,51,40,48,46,53,46,47,46,56,54,64,73,52,75,146,186,188,201,189,181,189,184,172,185,195,186,181,180,174,193,178,163,117,70,70,59,62,72,75,53,47,47,50,48,51,51,56,51,48,55,54,53,57,62,76,67,62,58,64,61,60,54,53,53,59,53,52,52,50,53,47,55,57,51,51,46,50,51,61,47,49,43,43,43,43,43,45,43,43,45,45,45,43,46,46,49,49
17,39,38,43,38,34,34,38,39,34,34,39,38,39,39,39,42,41,39,38,39,39,39,34,34,39,43,39,34,35,34,39,39,39,42,37,40,39,49,45,39,45,52,47,46,49,57,48,52,51,53,64,55,71,61,123,143,173,194,198,166,175,174,163,186,175,160,178,165,169,167,156,116,89,73,66,67,68,60,49,51,48,48,56,56,51,50,47,50,53,46,55,59,65,56,61,59,61,59,52,56,56,58,59,50,62,61,54,50,54,50,56,56,58,53,46,43,45,49,50,46,43,43,43,43,43,45,45,45,43,45,49,52,46,45,46,45,45
18,34,39,39,34,34,34,38,34,39,34,39,38,39,38,39,39,42,39,39,39,45,42,35,34,34,34,43,34,41,35,39,35,37,34,40,37,40,37,43,40,41,50,45,48,46,56,53,54,62,57,62,62,62,61,75,122,161,167,181,173,157,173,159,173,171,163,175,154,158,136,119,82,64,61,65,63,57,60,60,53,53,56,52,51,47,51,46,50,50,60,53,52,63,62,53,55,60,60,58,59,59,64,61,59,64,59,50,52,56,59,50,53,53,50,43,45,55,43,45,45,39,43,45,42,45,45,43,43,45,39,45,43,46,43,43,46,43
19,39,38,34,34,34,34,34,39,39,39,39,42,39,39,42,42,39,39,39,42,39,43,39,34,34,34,39,38,39,39,39,39,39,37,34,35,36,39,35,40,40,43,48,43,47,45,53,62,66,64,59,69,60,57,63,114,134,156,147,159,150,159,144,165,161,158,144,124,129,94,70,66,62,58,66,67,75,59,51,51,54,60,59,52,56,48,46,51,56,57,61,57,57,60,56,61,56,56,56,53,53,51,52,46,52,59,56,55,56,59,56,55,47,50,43,43,46,46,43,43,43,43,43,43,45,43,45,43,45,42,45,45,43,43,52,43,46
20,34,38,28,28,34,34,38,39,34,34,39,38,39,39,42,39,38,42,43,42,39,40,39,38,39,39,34,42,39,34,34,37,39,34,37,35,39,43,39,43,37,45,46,43,56,50,44,56,63,63,57,60,59,59,56,75,103,134,130,105,110,134,142,125,123,158,122,108,81,76,79,58,65,64,60,61,59,63,61,50,50,53,52,56,53,48,46,53,57,51,52,60,55,60,58,51,52,52,51,47,53,50,52,53,52,50,53,48,57,54,56,54,46,49,45,46,43,45,43,45,42,42,39,39,43,45,43,46,46,49,49,50,49,43,46,45,49
21,34,34,38,33,34,34,28,38,34,43,39,39,34,34,39,34,39,38,43,42,39,43,43,34,39,42,46,43,39,37,39,39,42,39,39,39,37,43,39,37,46,49,58,48,56,47,51,56,56,59,57,59,62,61,55,51,87,94,109,86,92,110,121,102,115,139,90,75,69,70,66,62,56,56,64,65,58,55,51,51,55,57,59,64,56,48,52,53,50,54,52,54,53,58,58,61,63,52,46,52,52,50,52,53,50,49,50,44,52,53,56,54,49,46,46,43,46,42,45,42,45,39,43,45,43,45,45,46,43,46,43,46,49,46,45,45,45
22,34,34,38,34,33,34,34,34,34,34,39,39,38,34,34,38,38,35,39,46,43,45,43,38,39,36,51,52,45,37,35,42,37,39,39,39,35,36,41,39,43,45,56,52,58,53,47,56,59,56,46,53,57,60,62,57,53,72,95,73,72,80,88,82,92,79,68,66,56,53,52,53,57,51,57,62,50,51,50,58,65,70,58,51,47,50,53,51,52,53,51,57,59,61,61,61,52,48,50,46,50,50,50,54,47,52,50,49,46,56,50,46,43,45,49,45,43,43,43,39,43,43,43,49,43,43,43,45,46,49,45,49,46,43,43,46,43
23,39,39,34,34,34,34,28,34,34,34,38,39,34,29,34,34,39,45,52,50,51,46,42,45,39,44,85,76,48,42,39,39,37,34,35,39,40,39,39,40,41,47,48,46,53,59,50,64,53,59,61,56,54,62,51,52,57,72,69,61,62,74,71,72,70,77,65,62,66,65,58,57,58,67,66,56,50,46,61,59,57,55,47,48,51,48,54,51,48,54,56,59,64,59,55,50,48,50,47,48,50,52,50,54,49,50,52,49,51,57,50,46,48,50,43,43,46,45,43,43,39,43,43,45,49,45,45,49,43,46,46,46,46,50,46,46,43
24,39,38,34,34,34,38,34,34,34,34,39,34,38,34,34,34,43,45,50,58,46,46,51,42,40,39,52,77,42,39,37,39,39,34,39,39,40,34,35,46,56,47,57,53,53,55,54,50,57,56,59,57,60,56,55,55,55,60,59,55,63,56,53,61,62,64,57,54,62,60,58,57,64,63,55,51,44,60,69,64,56,53,50,45,52,50,53,45,54,55,59,56,58,61,63,55,50,46,46,47,43,43,50,54,50,52,49,47,49,52,46,43,51,46,43,43,46,43,42,43,45,42,43,43,49,43,46,46,52,46,43,49,46,52,52,49,46
25,34,42,34,39,34,34,34,38,39,42,38,38,34,28,34,39,42,45,44,64,47,47,56,56,43,46,50,44,45,39,37,35,43,35,39,41,39,41,35,45,46,47,48,64,47,58,47,50,56,59,59,56,56,53,56,53,54,53,60,50,65,54,50,55,55,57,64,66,72,67,64,64,59,50,53,50,50,61,73,57,48,50,50,46,50,60,57,55,48,54,57,60,57,52,50,50,48,46,47,46,48,48,46,50,53,50,52,46,56,50,44,50,48,46,40,43,43,43,45,42,43,45,45,48,49,49,49,50,50,46,55,50,50,49,43,50,46
26,34,39,38,39,38,34,34,39,34,34,34,34,34,34,38,34,43,50,46,67,53,56,57,57,50,49,49,45,50,43,39,39,39,39,39,43,41,41,39,40,57,56,57,48,52,61,61,47,50,59,55,51,54,53,53,52,48,51,55,57,58,50,49,54,52,52,49,65,75,66,61,52,46,51,49,53,64,65,57,54,57,51,52,47,51,50,57,64,55,48,48,52,49,46,48,46,48,45,46,48,48,46,46,44,49,50,50,48,48,48,46,49,49,50,46,43,45,43,43,45,43,46,45,43,49,52,46,46,50,52,49,49,46,43,46,49,43
27,39,39,39,38,38,38,34,38,34,38,38,34,34,34,39,39,42,45,45,52,53,56,57,51,47,54,42,50,46,43,44,42,42,44,42,45,40,39,34,40,42,51,55,50,56,56,57,65,62,52,65,47,53,57,50,50,55,47,56,59,51,49,54,50,52,46,49,65,58,53,50,49,54,58,64,60,60,55,54,52,54,53,50,55,58,68,65,55,53,48,52,51,50,46,48,46,46,49,45,49,48,45,45,46,51,50,46,45,51,46,49,50,49,50,49,43,44,44,43,49,43,45,43,45,46,46,49,52,49,50,49,50,49,46,46,49,43
28,42,42,45,34,38,34,38,38,34,34,34,38,42,34,34,38,39,39,39,46,52,63,55,54,57,49,48,50,52,46,43,39,36,39,42,39,41,40,41,36,45,53,54,56,54,56,58,54,67,55,57,61,52,59,48,51,51,45,56,65,48,47,48,55,46,57,66,67,53,53,58,55,53,51,54,63,68,66,55,57,53,56,53,63,63,68,63,56,50,51,49,49,45,43,48,48,50,48,46,46,46,43,48,45,46,50,48,45,48,54,46,49,53,46,46,46,40,43,43,43,46,46,45,49,50,49,49,50,52,46,49,46,49,46,52,46,46
29,43,39,43,45,39,39,42,38,39,34,34,39,34,34,34,34,34,34,34,39,53,58,46,73,69,56,52,52,43,49,44,39,39,46,45,43,40,40,46,41,40,49,56,56,61,50,52,53,54,64,56,49,57,47,57,53,44,41,57,59,53,48,48,48,44,50,60,52,56,59,51,48,59,66,70,61,61,63,67,67,61,53,56,59,59,59,51,47,54,46,46,50,48,50,43,47,45,48,46,46,47,53,52,49,49,46,50,46,45,49,50,50,50,45,43,48,51,39,43,45,43,46,49,49,46,46,53,46,46,46,50,50,46,49,50,52,43
30,39,39,39,34,38,34,38,34,34,34,39,34,38,34,34,38,34,43,39,43,47,58,48,58,57,47,58,50,56,52,53,43,46,46,45,42,39,43,47,39,43,50,53,66,63,52,52,55,59,51,55,61,48,50,50,59,51,46,54,59,53,46,51,41,50,50,50,46,51,50,54,59,60,60,63,62,62,55,57,47,55,60,69,67,57,54,48,53,48,44,46,43,46,47,46,48,45,47,50,50,48,62,93,49,46,44,46,46,48,52,51,50,49,46,43,46,43,40,45,43,46,49,52,55,55,53,52,50,55,43,58,52,53,46,46,49,46
31,39,38,38,33,28,28,28,28,28,42,38,39,38,34,28,34,34,34,47,82,39,46,45,53,43,52,52,46,51,52,53,49,46,49,44,43,43,41,41,43,45,56,62,66,59,56,59,65,44,51,53,59,56,46,53,59,48,53,51,53,48,46,53,49,48,47,51,49,49,54,60,53,51,51,53,59,56,50,53,61,56,61,59,64,57,48,54,51,50,46,43,46,48,48,46,47,48,43,48,43,46,50,66,47,43,49,48,43,47,48,56,55,49,48,43,43,46,45,46,45,43,50,49,50,46,49,50,50,46,45,50,55,52,50,46,46,46
32,34,34,33,34,28,34,34,39,39,34,39,38,28,34,34,34,38,38,38,41,57,49,45,39,43,52,64,47,52,46,53,54,54,49,50,43,43,47,45,43,47,52,70,55,48,53,50,57,65,63,55,61,70,55,48,60,59,59,48,55,48,50,49,54,46,53,54,56,52,56,51,54,62,60,62,62,57,55,57,58,68,59,66,61,52,56,55,51,46,44,44,46,43,50,45,52,45,48,47,46,46,51,53,49,45,49,49,43,48,59,53,53,50,45,47,52,47,50,52,52,56,53,52,49,55,53,43,46,53,50,50,46,46,46,46,43,45
33,34,28,34,34,34,34,34,34,38,33,34,33,34,34,28,33,34,38,38,39,44,45,44,45,52,53,50,54,50,48,52,53,56,53,53,44,48,48,43,40,45,64,55,58,46,53,53,55,51,61,53,61,54,55,54,55,56,74,56,53,47,49,51,60,50,58,62,53,49,60,47,54,59,54,59,62,55,53,51,53,60,57,54,51,53,57,51,44,46,46,43,44,50,49,48,50,46,43,48,48,50,46,45,46,46,43,50,46,46,58,59,60,55,48,50,50,50,50,52,50,47,50,53,46,50,49,49,50,49,49,50,50,50,46,45,45,39
34,34,34,34,34,38,34,34,28,34,34,28,34,34,34,33,38,39,42,46,38,42,55,39,39,51,71,57,50,43,50,49,50,58,50,55,52,54,44,46,40,45,54,62,54,56,66,59,56,53,62,55,61,51,48,62,55,54,59,68,53,47,52,57,61,62,60,53,51,44,50,54,54,57,56,56,51,49,64,57,61,56,63,59,48,54,50,46,44,43,44,46,46,48,48,48,46,52,46,50,53,50,46,48,50,49,46,43,46,64,61,61,56,59,53,55,53,55,53,55,55,50,53,50,52,50,52,46,46,50,50,49,50,50,61,66,53,56
35,34,28,28,28,34,28,33,34,34,28,34,34,34,38,34,34,34,43,43,49,35,124,45,39,47,52,39,42,43,46,44,52,53,59,56,54,55,52,40,43,47,58,75,62,55,55,63,66,50,59,59,54,53,46,46,60,63,62,61,53,46,56,68,62,67,51,48,51,52,55,61,58,57,67,57,56,56,56,53,59,67,54,46,80,54,44,55,47,46,48,50,48,45,45,47,46,47,47,52,50,46,50,47,53,47,50,46,46,55,67,67,62,51,54,54,55,53,53,53,47,58,51,50,52,46,52,45,43,43,46,46,49,46,97,119,101,80
36,28,33,34,34,34,33,34,34,34,34,34,34,28,34,34,34,38,34,39,41,49,113,50,39,43,44,50,64,43,45,46,46,63,61,52,58,48,46,45,40,43,50,60,59,59,60,66,53,53,47,57,63,54,57,55,60,56,57,58,56,47,63,66,55,54,56,54,52,51,57,59,64,61,54,52,60,62,57,54,60,57,51,56,55,51,57,50,48,50,47,47,48,50,48,47,50,52,57,49,47,48,55,63,51,50,46,50,45,63,69,68,59,51,50,53,51,56,58,51,58,50,47,46,50,50,46,43,50,46,49,46,50,46,73,92,127,116
37,34,34,34,34,34,28,34,34,28,34,28,28,33,28,40,39,39,28,34,36,102,94,41,39,50,45,49,60,45,43,43,50,52,59,59,58,47,43,43,43,45,47,56,51,51,51,50,62,52,48,54,59,53,48,51,64,56,50,51,56,44,70,62,57,53,63,54,61,64,56,54,56,58,57,61,59,54,56,64,70,54,53,63,56,50,54,48,56,53,54,50,51,46,48,50,53,56,56,60,53,57,64,56,58,56,50,43,43,53,62,65,56,59,53,51,55,53,52,53,56,52,50,52,46,46,46,50,45,46,45,49,53,46,128,118,124,123
38,34,34,33,34,34,34,34,28,34,28,28,34,34,39,34,43,41,38,34,48,77,94,39,39,46,52,55,51,46,42,39,43,50,53,59,58,48,44,39,47,53,47,48,51,52,53,50,48,55,50,50,57,54,56,54,58,58,66,62,54,57,66,62,54,68,59,68,71,54,61,52,46,56,60,62,57,53,63,79,67,57,63,63,50,56,52,52,57,50,47,56,51,50,51,55,61,59,60,75,66,61,62,61,65,51,53,49,54,52,56,60,61,57,53,51,50,53,53,50,53,49,46,50,46,46,49,52,50,46,46,46,46,71,150,145,144,130
39,34,34,34,33,34,39,34,28,28,34,34,34,34,34,39,34,34,39,34,34,39,39,39,40,53,56,64,68,56,39,42,43,43,51,59,56,54,39,40,47,52,59,60,60,65,59,60,54,53,59,60,70,64,62,60,59,56,51,83,68,59,65,64,63,68,65,66,60,65,52,51,61,62,56,51,48,58,62,66,59,54,61,58,57,59,50,50,55,54,57,53,53,54,52,67,61,57,76,69,65,68,70,62,59,58,52,46,54,50,52,55,61,58,49,53,55,51,49,50,55,44,46,46,46,49,50,46,46,50,52,50,53,111,142,149,149,157
40,34,34,34,34,38,34,34,34,28,34,34,34,34,34,38,38,39,34,39,39,39,39,39,43,56,67,56,52,51,43,39,43,43,54,54,60,52,43,45,50,55,60,54,50,56,48,53,54,50,59,58,64,64,62,62,85,62,61,64,64,61,64,64,65,64,68,66,62,68,75,62,63,65,58,59,65,64,66,67,56,60,66,56,57,62,50,57,59,51,58,62,61,54,64,63,72,92,75,83,88,61,75,53,59,62,48,50,48,53,51,47,59,56,47,52,52,50,49,46,50,53,46,45,46,43,49,49,50,50,50,46,46,126,141,157,155,156
41,34,28,38,34,34,33,34,28,34,34,34,34,34,29,39,39,44,45,42,39,43,39,38,44,58,67,59,47,69,50,35,41,46,52,55,60,52,40,48,61,64,48,43,49,61,46,53,58,56,56,56,50,59,54,67,61,74,70,65,73,62,67,69,62,74,62,59,70,71,74,69,67,61,56,58,57,66,70,61,57,79,64,60,65,59,53,59,57,59,62,65,59,59,61,64,75,82,98,80,67,80,81,69,57,52,50,50,51,49,53,53,54,53,56,49,53,53,46,52,50,48,46,45,43,46,50,46,53,50,46,46,63,152,146,155,160,129
42,34,28,34,38,28,34,34,28,34,34,39,34,34,34,39,43,43,55,55,43,39,39,39,43,62,94,75,65,65,42,35,40,51,46,60,60,51,43,46,47,47,48,50,56,58,52,53,61,62,60,67,67,57,71,59,60,66,71,70,69,68,67,85,71,66,73,67,66,80,57,67,61,55,54,61,54,54,60,56,69,63,61,57,65,48,59,59,62,64,64,70,68,75,54,65,69,76,99,58,59,63,69,65,70,61,54,50,46,52,47,56,53,56,49,49,46,50,53,51,60,55,52,55,50,50,58,53,46,46,46,46,126,154,146,163,118,146
43,34,33,34,38,34,34,28,28,34,34,34,34,34,38,39,48,54,58,75,49,45,48,43,44,60,71,75,47,61,50,39,39,44,47,51,57,43,43,44,50,51,66,64,56,52,53,58,55,56,51,56,62,72,58,70,77,66,74,77,85,68,72,84,68,79,66,61,83,73,76,69,61,62,66,67,66,72,64,54,63,68,58,56,62,62,56,67,64,61,69,68,66,68,61,72,76,101,79,68,64,62,64,67,66,69,54,55,53,46,51,55,53,51,51,57,53,53,55,62,59,74,64,60,61,59,60,50,60,46,46,58,152,162,156,171,125,171
44,34,33,34,34,34,34,34,34,38,34,34,34,34,34,39,43,47,63,62,55,49,43,51,45,59,64,59,56,65,45,34,35,39,46,46,50,41,40,46,46,50,43,47,63,62,54,53,55,48,57,53,50,53,57,62,65,88,76,66,72,81,73,84,77,83,62,99,79,68,69,61,61,64,55,51,53,64,59,56,71,68,55,68,59,54,66,63,66,64,73,62,66,68,66,54,68,70,60,53,57,54,56,59,63,67,60,50,53,50,54,53,53,51,53,55,53,54,54,50,53,50,58,53,56,59,88,84,59,67,65,115,166,119,153,176,131,161
45,34,34,28,38,34,34,34,34,33,34,105,34,34,34,39,39,39,51,57,43,50,52,53,59,48,64,66,59,59,45,37,39,43,39,47,57,42,39,39,46,53,59,58,53,56,57,53,57,51,49,48,51,56,56,59,67,70,74,80,77,77,79,79,80,75,85,76,70,64,70,76,61,62,57,51,61,61,58,57,67,59,69,71,59,65,59,59,56,66,70,70,65,60,69,131,85,66,65,54,46,43,43,39,46,62,52,50,46,50,53,50,55,52,53,56,60,56,61,52,50,43,50,46,50,50,60,100,98,78,66,98,170,137,120,174,167,132
46,34,34,34,34,33,33,28,34,34,34,35,34,34,34,34,38,43,48,50,54,55,47,63,57,53,68,69,66,61,54,39,34,39,43,47,55,41,43,45,52,68,59,59,61,62,50,51,51,48,52,48,53,57,53,60,62,62,64,72,78,78,83,89,71,82,66,69,78,72,67,73,69,61,54,57,64,59,59,60,67,66,62,55,66,67,70,59,55,62,182,165,68,85,96,75,72,65,52,74,54,50,43,40,43,50,56,50,55,50,52,53,52,55,54,60,64,63,54,56,50,50,50,43,46,52,53,65,67,89,76,56,178,164,159,127,172,146
47,34,38,38,34,34,38,34,34,34,34,34,34,34,34,34,39,34,39,46,43,55,56,59,48,60,46,55,64,59,50,42,37,35,36,46,45,43,46,46,64,61,47,56,55,46,63,70,50,57,52,51,51,52,60,54,56,53,69,72,70,86,93,86,85,80,72,79,77,61,74,73,63,59,58,64,63,57,50,60,72,62,60,71,66,69,61,55,51,155,130,159,125,79,84,96,62,91,114,82,56,47,41,53,43,48,53,55,56,59,54,51,51,55,60,62,57,60,53,56,50,52,52,50,49,50,45,53,56,64,65,61,91,184,182,131,161,175
48,34,34,34,34,34,34,34,33,34,34,34,34,28,34,29,34,34,39,39,43,46,55,53,53,54,55,56,50,58,46,44,37,35,43,42,43,43,50,59,65,50,43,50,46,59,61,66,70,64,57,51,52,51,50,50,48,54,55,70,71,76,95,85,75,78,81,76,84,76,72,67,63,59,68,64,55,62,50,67,70,56,63,68,60,64,53,50,52,162,171,185,199,102,120,111,128,134,104,96,81,64,43,47,44,39,46,53,59,73,59,57,56,55,62,57,54,57,56,53,51,53,49,46,51,49,43,46,50,55,55,58,43,178,184,180,133,175
49,34,28,34,34,34,34,34,39,34,34,38,33,34,34,39,34,38,40,51,39,46,55,48,56,59,57,61,54,49,40,43,39,39,40,39,35,47,45,46,48,45,41,47,50,65,78,61,62,57,52,47,50,48,51,53,60,59,61,63,61,66,83,73,70,76,81,87,79,73,61,69,70,73,77,82,77,58,56,70,61,61,67,65,59,52,50,51,47,97,155,196,207,114,125,121,126,78,47,43,43,50,51,51,50,49,46,51,61,61,60,59,56,59,61,65,61,53,52,49,46,50,50,46,46,46,43,49,49,52,50,56,53,69,180,186,151,151
50,34,34,28,34,34,33,34,34,34,34,34,34,34,34,42,38,34,39,42,38,47,45,47,47,46,64,80,50,46,44,42,37,34,39,39,39,43,47,47,50,51,64,74,76,80,66,64,59,56,48,50,47,51,59,51,48,58,61,58,61,60,66,67,65,69,66,69,77,84,95,87,68,64,62,67,62,60,49,71,58,60,58,56,57,46,45,47,56,94,151,236,166,151,122,94,66,52,58,66,52,51,54,50,53,50,50,47,60,63,63,59,56,60,68,65,59,53,49,50,52,53,50,46,50,49,45,43,45,46,50,52,50,49,173,182,184,135
51,34,34,34,34,34,28,34,34,34,38,38,28,33,43,39,34,34,39,39,39,51,47,53,46,51,59,69,53,51,49,39,34,37,39,39,43,45,43,50,61,66,64,72,60,70,68,64,61,59,61,54,54,61,60,53,54,50,60,61,64,51,54,58,62,75,88,95,87,79,70,61,66,62,68,64,62,53,60,62,60,59,53,47,48,48,46,60,52,111,193,93,77,103,152,114,54,47,43,47,59,63,56,52,55,50,54,57,60,88,64,60,61,63,64,56,55,44,44,50,52,57,53,53,46,43,45,46,52,46,45,49,50,50,46,184,185,170
52,34,34,34,34,38,34,34,34,34,33,34,34,34,34,34,34,41,39,34,39,39,43,49,51,53,58,47,57,50,48,39,39,29,42,36,43,47,64,62,59,65,71,85,60,56,56,51,64,54,53,53,50,51,56,51,45,44,51,63,61,54,51,63,64,69,70,71,69,74,66,65,72,82,75,65,65,61,61,64,67,56,51,46,48,44,56,74,63,142,151,50,97,119,131,122,47,46,50,55,75,64,58,52,52,51,50,64,59,96,95,76,65,64,66,61,58,49,43,46,54,46,45,46,43,45,46,46,46,52,50,50,46,53,52,157,182,180
53,34,34,34,39,34,33,38,34,33,34,34,34,34,34,34,34,34,38,39,39,41,44,58,45,43,61,47,50,51,44,42,39,34,39,43,50,50,47,53,62,87,68,56,61,77,65,75,60,51,53,54,53,54,51,51,52,47,55,54,53,61,69,50,66,66,88,84,78,74,69,74,75,62,57,58,56,57,62,70,67,54,51,46,50,94,159,156,118,90,96,85,107,116,111,128,63,45,46,48,56,70,58,51,53,57,53,63,66,74,90,101,72,66,66,64,55,50,44,50,52,50,52,50,50,43,46,46,50,46,50,52,50,50,52,39,184,174
54,34,38,38,36,28,34,34,38,34,34,38,34,38,34,34,34,33,29,34,38,40,52,39,45,51,52,58,53,46,47,39,39,39,38,42,48,50,53,61,67,60,47,58,57,76,63,55,53,51,51,51,55,50,48,52,57,52,56,57,54,52,65,65,59,67,78,76,78,72,73,69,60,70,70,61,58,54,58,64,57,50,43,50,111,101,192,193,149,83,62,74,91,98,115,114,53,46,47,55,60,77,55,50,52,50,52,57,69,67,77,94,80,59,59,56,58,46,46,46,52,50,53,50,50,50,46,50,49,49,55,49,50,50,56,55,115,170
55,34,34,34,38,34,38,38,34,34,34,34,38,33,34,34,38,38,34,34,34,39,45,43,45,49,50,53,50,47,45,42,35,36,35,39,41,50,64,60,48,54,60,64,70,55,58,59,54,47,48,60,53,47,44,50,59,51,54,59,51,55,59,71,64,86,79,87,66,54,70,88,92,59,60,63,57,51,59,55,52,47,47,61,183,209,240,161,129,116,107,72,79,93,101,83,58,59,54,47,52,71,52,54,53,52,53,50,68,68,81,74,67,66,61,59,59,52,46,46,49,49,52,49,50,53,55,50,45,49,49,50,53,53,52,55,46,193
56,34,34,34,38,28,34,33,38,34,34,34,33,28,33,38,33,38,34,34,38,38,40,40,42,46,50,53,50,57,42,42,35,38,39,36,52,61,51,52,48,63,77,70,62,61,56,61,51,55,60,48,52,53,48,47,62,61,60,61,75,57,56,70,75,73,72,86,74,93,81,74,64,69,68,73,61,54,57,50,44,44,45,134,185,231,206,180,140,144,150,103,77,82,92,75,53,50,47,47,55,56,57,52,53,50,50,50,59,66,61,67,63,66,61,64,75,60,47,49,45,46,49,55,50,46,52,49,52,49,53,49,55,52,49,56,58,46
57,43,38,34,33,34,34,34,34,34,38,34,38,38,34,34,34,38,34,39,34,38,42,43,46,43,50,54,59,58,47,34,39,39,39,36,43,52,43,50,59,63,59,66,61,55,51,53,65,54,54,54,54,61,50,52,64,56,59,56,68,68,67,68,83,89,73,77,100,81,90,83,82,80,83,65,57,53,53,46,48,43,50,123,206,170,181,151,190,159,178,86,71,72,73,74,76,67,61,56,59,47,58,53,50,53,54,48,57,68,64,67,64,66,61,60,70,70,60,46,50,46,52,52,50,50,50,52,55,46,50,50,52,50,50,52,53,50
58,34,34,34,34,34,34,34,28,34,34,38,34,34,34,34,34,34,34,34,38,38,35,39,43,46,50,54,46,52,44,39,35,39,39,43,47,47,48,62,82,61,58,63,50,50,53,59,56,51,59,52,57,53,47,53,60,57,60,54,58,69,67,68,68,85,78,72,74,100,93,95,71,74,86,68,55,52,50,50,46,48,78,110,165,207,183,153,213,161,148,82,76,71,93,97,94,79,69,73,65,54,48,51,53,51,55,53,50,63,65,61,61,64,64,61,67,76,61,53,46,43,49,55,43,50,50,50,49,50,46,43,46,55,46,52,55,46
59,34,34,34,39,38,34,28,34,34,38,39,34,34,34,34,34,38,34,38,39,34,38,39,39,43,52,54,60,46,42,39,39,43,40,41,56,48,57,64,56,59,74,52,59,59,53,57,53,56,56,53,48,53,53,57,59,56,68,61,63,67,69,69,65,75,88,86,80,84,83,85,68,64,77,73,54,47,46,46,47,53,61,81,121,131,153,141,131,146,92,92,100,111,89,90,107,89,67,67,65,53,46,56,53,53,54,54,53,57,69,67,65,66,66,65,60,64,54,59,44,46,43,52,50,52,46,52,46,50,50,46,52,46,46,43,46,46
60,34,34,34,34,42,42,38,34,28,34,34,38,38,38,34,34,38,34,34,38,38,39,39,43,40,52,54,56,48,42,42,42,35,43,40,56,57,53,60,82,69,60,58,61,60,55,66,57,58,58,54,53,55,61,51,56,62,66,59,61,66,63,75,76,77,91,102,83,79,84,74,71,70,63,54,49,50,47,48,51,51,64,88,134,113,119,122,111,110,103,100,111,99,105,97,69,74,62,64,60,47,47,48,56,53,59,54,55,54,68,65,64,65,65,65,55,65,60,60,54,46,45,43,52,45,46,46,45,46,43,49,43,43,43,45,42,43
61,34,34,38,39,39,34,34,38,38,34,28,34,38,34,34,39,34,34,34,34,39,39,42,39,53,54,61,58,51,44,39,37,39,39,46,50,50,56,71,58,58,55,64,67,61,56,59,57,65,59,57,60,59,56,53,61,61,63,69,57,77,74,74,94,79,79,90,81,86,79,65,56,63,62,54,54,50,46,50,50,57,77,70,73,78,96,93,106,97,83,111,103,90,71,69,59,59,53,59,59,52,43,45,55,56,54,53,58,46,59,70,64,65,69,59,65,60,64,59,64,46,45,43,42,46,43,46,39,45,45,45,42,34,39,42,43,39
62,34,34,34,38,34,45,34,34,34,34,34,38,39,33,38,34,38,34,34,34,35,39,39,45,56,52,59,53,50,43,39,39,39,43,47,47,59,68,57,60,63,70,72,77,63,65,65,75,57,46,66,60,64,62,53,53,64,67,54,62,79,77,78,79,101,94,88,100,95,93,73,56,54,52,55,47,47,50,46,55,63,79,91,90,111,101,105,94,108,90,105,90,74,78,62,70,60,56,56,50,47,50,45,54,50,53,56,52,53,52,66,61,65,68,63,66,61,65,62,61,51,45,45,43,43,43,43,43,43,46,45,43,43,43,34,39,42
63,28,34,34,34,34,34,39,38,38,34,34,34,34,34,34,38,34,34,34,34,39,43,40,44,62,52,60,48,46,39,39,44,41,45,50,53,59,58,57,58,61,58,76,63,63,64,59,60,54,60,65,62,61,55,53,59,61,66,64,57,75,90,76,84,81,109,77,120,82,84,67,64,64,56,51,51,50,48,51,59,73,77,84,85,91,88,92,97,87,102,82,70,72,69,60,58,56,47,59,53,50,46,46,48,53,54,53,55,54,48,59,61,65,65,66,63,61,61,63,59,59,43,46,39,39,39,45,43,39,43,43,39,39,43,39,43,38
64,39,34,34,34,39,34,34,34,39,28,38,34,34,34,34,34,39,34,41,39,39,43,42,50,48,50,56,50,46,43,43,43,43,43,50,50,50,55,58,53,51,61,70,60,61,58,56,57,50,61,55,60,61,59,50,58,67,62,61,59,79,79,93,83,67,100,82,99,101,69,71,65,54,54,55,52,46,48,56,59,74,80,79,79,83,89,84,76,76,79,74,68,62,55,62,63,53,52,64,54,47,50,50,46,57,56,56,53,56,53,61,64,67,65,68,66,64,63,64,59,59,44,45,39,45,43,43,43,46,43,39,45,39,39,42,38,39
65,34,34,34,38,34,34,39,34,38,34,34,34,38,34,34,34,28,34,34,39,42,34,43,46,43,51,50,50,43,44,39,43,46,49,46,47,56,48,47,47,55,63,59,58,53,61,57,48,62,57,61,59,59,56,59,64,58,71,64,62,87,79,78,86,90,87,92,88,85,93,71,83,57,52,53,50,47,51,54,60,70,80,86,74,74,72,69,69,69,79,69,67,51,52,50,50,48,52,55,55,50,46,50,43,53,50,56,58,53,53,51,66,65,66,64,64,61,67,64,61,64,47,43,43,43,43,45,43,42,45,43,43,34,34,42,34,42
66,43,34,34,38,34,39,34,34,39,39,39,34,38,38,38,38,38,34,34,39,39,39,39,45,45,55,49,45,44,45,39,43,45,50,50,43,50,55,51,50,54,61,60,57,58,52,50,53,51,51,57,57,50,54,61,70,59,69,65,60,87,70,71,88,99,96,96,94,93,98,79,72,62,61,54,48,48,51,59,63,72,86,84,76,69,67,66,63,58,55,56,62,49,52,52,51,54,50,54,51,50,48,50,50,49,53,53,53,56,53,54,59,66,64,65,65,67,66,61,64,64,59,46,46,43,43,46,43,45,45,39,39,43,42,39,39,39
67,43,38,34,38,34,39,34,34,38,38,42,38,39,34,34,34,34,34,34,39,34,39,39,43,49,54,43,50,51,43,43,46,49,43,45,43,56,50,53,48,47,65,58,50,60,50,52,70,72,52,58,51,51,56,57,61,61,67,65,57,77,73,80,90,87,99,84,95,95,86,89,72,53,54,49,47,51,58,54,69,74,84,86,86,69,66,64,62,51,54,53,53,55,48,52,53,52,48,50,50,47,50,50,46,43,52,56,59,54,56,55,50,65,59,64,69,60,68,64,66,61,64,44,45,43,39,49,46,46,42,45,42,39,42,39,39,39
68,43,42,34,39,34,39,39,39,34,34,34,39,34,38,38,34,34,38,34,34,39,39,39,39,50,53,57,46,46,44,50,46,49,45,42,47,47,51,46,50,48,53,56,58,52,51,54,59,64,56,61,54,50,61,56,59,63,64,54,64,95,74,87,84,87,77,80,86,90,74,81,64,61,53,51,49,47,56,61,73,83,93,91,73,70,68,68,57,55,48,47,51,45,47,46,54,53,50,53,52,47,51,50,50,44,46,52,58,54,56,56,55,54,61,69,65,66,71,64,66,64,64,56,46,43,43,46,43,43,45,43,42,39,39,43,39,42
69,46,43,42,34,34,34,34,39,39,34,34,38,34,34,34,34,34,29,39,34,39,42,41,46,51,51,54,50,52,44,49,46,47,44,43,43,42,54,47,45,53,47,53,58,52,56,58,62,50,59,59,54,51,54,54,59,61,58,64,64,91,68,70,80,77,70,81,76,68,70,72,59,54,50,49,50,53,56,62,87,91,82,93,75,64,62,60,54,56,47,47,48,50,43,52,54,53,50,56,50,51,53,53,50,50,46,59,53,59,59,57,53,55,66,65,68,66,62,64,65,61,65,63,46,45,45,43,43,43,45,43,39,42,42,39,39,39
70,43,43,43,39,34,34,34,39,38,34,34,39,38,34,34,39,34,38,38,39,34,35,40,43,44,53,47,55,53,51,54,53,52,46,45,51,43,47,47,50,54,48,59,51,60,59,57,64,57,64,53,62,54,60,59,60,64,61,83,70,84,74,69,83,67,66,80,79,77,68,57,54,49,51,50,53,53,61,75,83,95,84,89,73,64,62,57,51,54,46,46,48,49,47,48,50,53,56,53,53,53,53,55,50,50,50,51,58,56,53,58,54,58,67,67,65,66,66,66,68,68,66,61,54,43,46,43,46,43,46,43,43,39,42,43,42,39
71,43,45,43,45,34,34,34,34,39,34,38,34,34,38,39,38,34,34,34,39,38,39,39,39,40,51,50,46,51,54,51,46,43,46,44,46,47,50,54,56,46,45,46,64,58,54,53,64,64,51,51,46,55,53,59,68,66,70,66,68,69,70,63,77,60,61,69,83,72,66,57,57,51,47,53,53,56,69,78,80,88,86,83,75,66,53,55,50,52,50,48,46,47,47,52,50,53,59,52,51,52,58,55,52,50,52,49,56,59,56,56,57,59,62,67,66,67,69,66,68,64,65,64,54,49,46,43,42,46,43,43,39,39,42,39,38,39
72,43,46,45,45,39,38,34,34,34,38,42,34,34,34,34,39,39,34,38,39,39,34,34,42,43,50,55,47,50,50,51,49,50,46,51,48,46,50,47,47,46,48,61,61,53,65,66,59,69,53,57,54,76,72,69,79,70,65,64,69,78,69,64,69,68,65,71,70,70,62,60,51,53,49,54,57,62,69,76,84,75,74,79,67,57,57,50,50,45,47,48,46,48,48,53,56,54,56,53,50,52,56,56,53,50,53,44,57,56,53,60,56,59,60,66,67,67,66,61,66,64,64,67,76,47,46,46,46,39,45,42,43,39,43,39,39,39
73,46,39,46,39,39,39,38,34,39,38,34,34,34,34,38,38,28,39,39,34,34,39,42,39,46,50,51,54,53,54,51,50,53,50,59,48,44,46,50,51,48,50,53,67,56,55,67,68,56,48,57,61,70,64,71,77,61,61,70,82,77,61,63,79,71,62,70,69,69,70,59,50,57,54,57,57,65,68,77,80,83,77,76,59,59,59,50,51,45,48,47,48,48,50,55,54,56,56,53,51,53,54,56,56,52,51,50,50,59,54,56,57,61,64,64,65,64,66,60,61,66,65,71,79,56,46,43,46,45,46,42,39,39,39,43,43,39
74,46,45,49,42,43,39,38,34,39,34,39,38,34,33,34,42,38,34,39,34,39,34,39,43,49,51,50,46,49,57,54,57,48,58,44,43,41,47,47,55,48,53,51,56,54,67,60,63,55,54,59,72,62,64,62,73,63,60,69,87,78,69,70,85,65,62,74,66,61,70,63,53,54,59,57,61,68,66,73,74,74,74,70,69,54,53,51,50,46,44,48,51,50,52,50,51,55,56,56,56,59,59,56,56,53,51,52,47,58,57,56,59,60,56,59,66,66,71,69,64,67,69,74,70,59,43,43,46,43,43,40,43,43,39,39,43,42
75,46,49,45,45,39,38,34,38,39,39,39,39,34,38,34,34,34,39,34,39,38,39,34,36,44,49,46,53,54,50,55,53,53,43,45,40,47,47,52,51,50,60,53,61,53,58,58,55,57,54,63,66,60,62,68,66,62,63,64,78,74,76,63,73,64,61,66,68,64,71,62,62,59,61,66,67,70,76,71,72,68,72,66,67,62,53,54,48,46,48,46,53,50,53,51,50,54,53,51,58,52,56,56,62,56,49,52,46,56,56,55,59,62,60,58,63,64,69,67,64,68,66,68,68,66,46,45,43,43,43,43,43,43,39,45,34,39
76,39,46,43,45,45,45,38,39,38,38,34,42,39,38,34,34,39,34,39,34,34,39,34,43,46,46,37,46,49,48,56,58,46,43,39,43,50,48,48,45,59,58,64,61,50,51,63,60,57,56,63,55,64,69,80,76,54,69,62,64,69,70,59,70,63,54,62,70,67,68,63,54,59,57,71,74,69,70,72,69,66,61,63,59,64,51,51,48,48,47,51,51,53,53,53,53,52,52,51,56,59,63,59,57,53,52,53,46,49,59,56,59,56,59,61,61,66,67,69,66,67,68,64,71,64,56,49,45,42,43,39,39,39,43,43,43,42
77,43,43,45,45,39,43,42,42,39,34,34,34,39,34,34,34,38,34,34,34,34,34,42,46,46,43,39,50,51,57,57,46,43,44,43,46,50,43,44,58,65,54,63,47,50,57,51,51,64,56,62,55,64,66,62,66,60,72,62,68,61,66,68,63,58,56,58,65,70,69,65,57,64,64,68,76,74,73,73,66,64,59,61,57,53,56,47,51,50,43,49,51,52,53,52,53,56,53,58,57,63,58,63,61,56,54,53,46,46,58,59,59,56,60,65,59,62,67,69,66,67,66,70,66,66,65,44,45,43,39,43,42,39,43,39,43,39
78,39,42,43,46,46,45,42,42,39,34,34,34,34,39,39,34,34,34,34,39,38,35,39,43,43,39,46,50,52,50,55,50,49,49,48,52,46,43,46,56,65,53,50,43,52,55,56,61,55,59,53,61,57,64,67,65,66,70,63,62,67,70,73,80,60,56,61,64,72,72,67,69,65,65,71,74,71,72,68,64,66,60,56,56,55,50,50,44,50,47,48,54,53,57,51,53,53,55,56,59,66,63,59,59,56,55,52,53,49,54,59,56,61,59,61,60,69,66,68,69,69,68,71,69,66,67,47,43,39,43,39,43,43,43,39,39,45
79,43,45,45,49,49,43,42,38,39,38,39,34,34,38,34,34,34,38,39,39,38,38,39,39,41,42,43,45,42,46,51,46,50,50,50,47,50,44,48,50,50,58,55,46,52,48,54,50,56,60,56,84,54,59,63,64,67,67,73,61,76,78,67,70,58,57,62,62,71,72,75,68,71,68,75,68,73,72,64,63,62,67,53,53,54,51,50,51,50,51,50,54,50,53,56,58,53,59,59,63,64,63,62,59,59,53,52,50,49,48,55,56,59,64,64,61,61,66,73,75,69,70,70,69,67,66,59,43,43,43,43,39,43,39,39,39,39
80,43,46,43,43,46,43,45,39,38,39,39,38,38,38,34,34,34,34,34,34,39,34,39,39,34,39,50,43,43,49,43,63,48,43,43,46,43,43,40,44,55,53,52,41,43,59,58,50,55,62,57,61,55,64,68,63,69,65,71,59,68,69,66,64,60,57,56,64,66,74,74,72,74,77,70,68,77,66,64,58,61,59,58,53,50,51,50,48,48,51,51,53,49,50,53,57,57,56,59,63,66,56,63,59,59,53,53,52,51,49,61,59,59,59,64,64,67,69,69,72,70,65,68,68,67,64,66,46,39,43,43,39,43,42,43,39,39
81,43,45,43,46,43,43,39,45,42,39,39,34,34,38,38,34,34,39,39,38,34,39,41,34,39,46,48,46,43,50,46,46,46,46,39,43,45,43,43,45,62,46,52,53,48,57,52,46,56,75,62,59,59,64,64,67,70,64,70,59,64,57,64,64,63,54,52,69,59,68,71,74,70,71,68,68,65,64,57,56,53,52,56,48,49,54,50,50,46,54,50,53,54,50,53,57,61,60,59,63,66,58,61,56,60,53,53,56,52,52,57,59,59,65,64,61,63,67,69,70,68,69,72,68,64,68,67,53,43,45,43,39,43,42,39,42,38
82,43,45,46,45,43,45,43,39,43,38,39,39,39,38,38,38,34,34,38,38,39,34,34,38,34,43,39,49,43,46,46,44,46,42,39,40,45,46,40,45,55,51,52,47,46,53,50,47,54,59,57,55,62,65,71,64,71,63,75,61,60,59,65,64,62,49,54,65,68,68,70,73,69,69,70,69,63,64,57,56,54,53,50,49,47,46,51,51,51,55,52,54,52,54,56,61,60,59,60,66,62,55,59,59,58,56,53,50,47,53,46,64,63,59,63,65,61,59,71,69,70,70,70,69,64,68,64,64,39,42,43,39,43,39,43,43,34
83,50,43,45,43,46,42,43,45,39,45,34,39,34,38,34,34,38,38,38,38,38,38,34,39,34,47,49,44,46,46,43,43,43,43,43,40,41,43,41,43,41,51,49,52,59,50,53,59,60,66,54,60,78,67,61,65,63,59,66,63,56,55,59,64,54,58,56,64,68,73,72,68,67,62,68,69,58,62,58,56,53,51,52,46,50,51,50,48,53,50,52,54,53,57,53,58,59,60,60,65,61,60,63,59,56,57,56,51,53,53,50,54,59,61,59,65,64,61,68,69,72,72,66,67,69,66,66,67,44,45,45,43,45,45,42,39,39
84,43,43,46,45,39,43,49,43,39,42,39,34,38,39,34,38,34,34,34,34,38,34,34,34,39,46,45,46,53,44,43,43,43,50,39,41,39,40,45,44,52,45,46,50,52,45,57,54,58,53,57,56,66,67,64,56,54,63,57,59,53,60,65,54,60,59,59,56,70,70,64,75,64,63,64,69,61,62,57,53,53,50,51,44,48,48,50,52,50,53,49,51,54,50,59,58,60,59,62,61,65,61,59,59,57,58,58,53,53,50,50,49,57,61,59,61,66,59,67,64,68,72,69,71,66,66,66,66,56,39,43,43,43,45,45,43,39
85,43,43,43,45,43,45,42,45,43,43,42,34,38,38,29,28,34,34,34,34,39,34,34,39,43,46,39,47,51,46,46,43,43,39,39,40,41,40,39,43,43,48,43,48,47,55,62,56,61,51,54,57,68,70,67,57,56,53,57,59,59,61,64,58,56,58,59,65,69,69,76,72,64,66,64,70,61,59,51,52,51,51,53,50,53,52,51,51,50,51,53,51,57,53,62,59,59,56,63,66,62,65,63,59,58,56,56,58,50,57,53,49,63,61,64,63,61,63,59,68,68,68,69,75,70,66,68,66,69,46,43,42,39,39,46,42,39
86,46,43,43,46,43,43,43,43,39,39,43,34,34,34,38,38,39,34,39,34,39,38,34,39,39,44,41,50,46,51,43,45,43,39,39,39,41,40,40,53,43,43,43,48,46,58,48,51,45,51,47,50,57,71,57,53,54,56,54,58,62,70,52,68,57,61,59,65,71,68,76,72,66,65,61,70,64,59,53,54,53,53,51,51,54,51,53,51,53,50,51,57,53,54,61,62,60,59,62,65,66,64,59,58,54,56,55,58,50,53,53,50,52,61,63,64,61,59,64,69,66,68,70,68,70,66,69,66,66,50,46,43,39,43,45,45,39
87,46,45,45,46,39,46,45,45,39,42,45,39,38,38,28,34,39,38,34,39,38,34,38,39,39,45,47,48,46,50,36,43,42,39,35,41,41,39,43,50,49,43,40,48,50,45,55,57,53,55,47,56,59,62,57,56,59,56,55,59,64,67,57,62,54,61,61,59,74,67,72,72,66,60,63,61,60,57,57,56,50,53,50,53,50,51,47,53,51,51,54,55,57,58,59,64,61,64,61,61,63,59,63,64,60,56,59,53,56,54,53,47,50,63,65,63,60,63,64,65,66,71,72,75,68,69,69,66,67,59,49,45,46,45,43,45,39
88,46,43,43,46,43,43,45,42,45,42,42,43,34,34,34,34,34,34,34,34,38,38,34,39,35,43,49,43,50,42,43,39,39,39,37,41,40,35,45,44,53,44,43,46,48,52,51,46,50,48,56,57,53,53,54,61,54,60,57,58,70,51,57,53,54,55,61,66,74,72,69,70,70,60,64,56,58,58,53,50,51,51,51,47,53,51,54,54,51,50,50,53,60,60,60,63,63,64,63,64,64,66,67,62,58,58,53,53,56,53,53,52,50,62,66,61,65,64,64,61,68,68,71,73,68,71,66,70,67,66,46,46,43,43,43,39,43
89,46,43,46,46,43,39,45,43,42,43,45,39,39,38,38,34,34,34,34,39,38,38,34,34,39,39,45,46,42,43,43,43,39,39,42,40,40,45,46,44,48,37,43,43,49,58,47,44,51,53,55,52,60,53,54,54,57,51,54,59,59,61,54,56,55,60,61,64,72,70,64,65,66,57,60,56,61,54,54,51,53,50,51,56,51,51,53,54,54,54,53,53,56,62,63,63,65,65,64,60,66,70,65,64,63,59,54,55,56,59,53,51,54,50,66,66,65,60,69,60,67,72,74,73,70,68,66,69,67,68,53,46,43,45,39,43,39
90,43,45,43,43,49,43,43,39,42,43,42,42,39,38,34,34,34,38,38,34,38,41,34,34,39,43,43,46,42,43,46,46,43,42,40,41,39,46,41,43,54,45,50,52,54,48,51,46,53,61,48,51,56,48,51,56,51,54,58,56,57,60,55,57,56,64,63,74,74,66,61,60,62,56,56,57,54,56,59,51,53,51,51,51,51,48,50,51,53,51,55,54,58,56,64,60,64,61,66,62,63,66,64,62,62,61,59,58,56,56,53,56,53,47,65,63,64,63,61,63,61,73,69,71,68,71,66,70,64,69,64,46,46,46,45,45,39
91,43,43,39,39,43,45,39,45,39,42,43,39,39,34,34,38,34,39,34,34,29,38,34,34,39,44,47,54,44,45,50,45,43,39,39,41,40,40,40,53,52,48,50,46,47,50,57,47,59,54,47,54,53,46,47,57,53,54,52,54,65,63,60,62,58,67,70,75,75,68,55,60,60,53,54,51,54,54,57,53,51,51,53,55,50,50,46,53,54,51,55,57,56,62,64,62,64,66,65,66,64,64,64,64,64,59,56,58,52,56,56,51,56,53,62,61,64,66,64,64,63,69,70,69,68,71,69,67,64,68,70,46,46,45,45,43,43
92,43,60,39,43,43,42,43,43,42,42,39,39,43,45,28,39,38,39,34,39,38,38,38,34,35,49,50,46,41,48,45,42,39,39,42,39,40,43,47,45,52,48,50,45,47,53,50,45,53,54,51,57,54,54,48,54,57,57,53,55,53,64,59,62,64,71,69,74,70,62,58,56,54,54,56,51,51,52,50,54,54,51,53,52,51,51,52,53,51,54,54,56,61,61,62,61,65,61,66,68,64,64,65,64,60,68,61,61,56,53,56,56,53,55,53,61,64,61,65,65,64,63,66,70,66,66,66,68,64,64,67,59,46,43,43,43,43
93,43,45,43,43,43,45,43,42,42,43,34,43,43,42,42,34,34,34,38,34,38,38,39,34,44,50,50,46,48,46,40,43,45,45,43,41,45,40,44,48,53,46,54,47,50,52,47,47,48,51,53,57,51,51,55,50,59,56,55,47,56,58,61,59,66,68,66,72,67,53,51,52,51,52,51,54,51,51,51,51,50,51,45,56,54,50,51,57,51,54,56,64,64,67,66,68,66,61,66,68,66,65,65,68,64,67,70,60,59,56,58,59,59,53,51,65,61,61,65,63,61,61,67,69,68,67,67,70,66,64,61,66,46,45,45,45,49
94,39,43,43,39,45,46,43,45,43,45,43,45,43,39,42,42,38,34,39,34,34,34,38,40,43,40,47,46,50,39,49,42,40,50,42,41,41,43,48,48,43,43,45,42,54,47,45,48,49,55,50,46,48,53,51,51,54,61,47,54,57,54,57,59,64,71,71,66,61,56,54,52,54,53,54,51,49,50,54,54,53,50,51,54,51,53,56,54,56,54,60,60,64,67,68,65,66,66,70,70,68,67,66,68,67,68,66,64,60,59,59,56,56,54,53,56,61,64,63,64,61,59,65,69,68,70,64,69,66,66,67,69,46,46,39,39,45
95,34,39,43,43,46,39,43,42,43,43,39,43,43,43,43,38,34,34,33,33,34,34,38,39,34,43,54,60,41,45,42,42,46,39,43,39,36,45,46,45,48,48,43,43,48,43,50,48,45,47,51,51,48,56,51,51,54,54,50,50,51,58,61,66,66,71,72,66,60,55,51,52,51,53,52,52,51,53,50,51,51,50,50,53,49,55,51,54,57,54,59,61,66,68,66,68,70,68,72,72,66,66,68,66,68,65,70,62,68,66,59,60,58,56,56,53,68,66,68,64,64,64,64,68,68,70,68,64,71,68,68,73,64,46,46,43,43
96,39,34,43,39,43,45,42,43,45,43,43,43,43,43,46,39,34,41,39,34,38,34,34,38,39,46,50,50,51,50,48,43,43,39,40,41,40,43,43,43,47,41,47,49,48,46,51,43,50,53,50,51,51,50,57,54,57,53,48,50,50,59,61,69,66,68,73,69,65,57,53,54,51,51,51,53,56,57,60,56,54,54,51,51,54,53,56,54,56,60,62,59,65,72,73,73,73,69,76,72,72,72,72,72,70,66,70,72,79,78,61,68,69,59,59,62,69,64,69,64,66,61,61,68,68,68,66,68,68,69,70,67,66,50,45,46,43
97,34,34,39,45,46,45,50,43,46,43,45,43,39,46,45,39,34,34,33,34,34,34,39,34,43,43,50,55,50,51,41,45,42,42,39,43,39,40,43,45,47,45,43,46,48,46,50,44,39,44,47,50,51,51,57,50,50,48,50,50,55,59,61,62,64,70,69,64,67,57,55,51,52,53,54,53,54,53,57,54,53,53,55,51,56,54,57,53,59,60,64,66,73,77,81,93,81,74,74,72,70,75,72,73,70,68,70,71,89,103,82,80,97,69,72,65,69,73,69,64,68,67,64,69,68,69,70,68,68,68,68,66,68,53,46,45,49
98,34,39,39,46,46,45,43,43,49,46,45,45,45,39,43,45,38,34,34,38,39,39,39,39,39,39,46,54,54,43,48,43,43,42,43,40,40,40,43,46,45,43,46,43,48,50,47,44,52,45,46,50,54,54,55,51,48,51,52,53,57,66,64,63,64,65,71,64,62,58,54,53,53,50,54,53,55,53,53,56,53,47,54,59,56,57,57,54,57,64,64,70,76,93,113,126,100,93,85,79,76,80,79,76,77,78,73,74,93,122,122,95,125,110,94,86,100,85,73,68,69,67,68,64,71,70,71,66,68,69,69,72,68,66,46,46,46
99,34,34,39,42,39,45,45,43,49,43,45,43,45,39,39,45,38,38,34,34,34,34,34,34,39,44,53,52,50,49,42,43,42,39,42,39,41,39,40,43,43,43,40,49,42,51,48,44,46,46,44,51,51,49,55,50,49,51,55,61,61,68,70,62,63,67,63,70,64,59,51,54,57,52,54,54,51,53,52,50,53,54,54,55,58,57,57,61,62,64,67,78,84,113,148,171,116,151,102,89,82,81,78,83,82,76,74,78,87,127,148,143,159,162,131,129,126,117,72,68,66,73,70,67,69,66,70,70,72,71,69,70,70,68,53,50,46
100,34,39,43,42,45,43,43,43,43,39,46,43,46,46,43,42,39,38,39,39,38,35,34,39,39,39,46,52,50,46,44,43,42,43,43,40,41,41,45,43,47,43,46,50,43,48,50,46,46,47,44,46,48,53,51,54,50,48,54,63,66,71,68,62,62,64,70,69,66,59,53,51,51,56,54,54,54,56,54,54,54,56,56,57,57,59,61,58,62,66,71,94,114,143,204,210,192,229,166,109,87,90,87,83,84,82,85,86,89,144,181,202,206,211,201,168,156,133,84,70,70,66,72,71,71,70,72,71,75,72,70,73,71,75,66,56,50
101,39,42,38,38,42,46,50,52,46,49,49,45,43,45,43,45,39,34,38,34,38,34,38,34,42,42,46,57,52,48,49,45,39,42,39,36,42,39,40,41,40,43,42,43,47,45,46,45,46,52,44,48,50,50,49,51,50,55,59,65,66,64,66,67,65,67,70,70,66,55,53,51,55,50,54,56,55,54,56,56,54,53,60,54,55,65,64,64,69,67,99,195,191,195,242,247,245,247,246,173,110,106,96,98,89,86,86,86,106,174,210,233,239,244,244,217,184,156,131,74,71,74,66,70,70,76,74,72,70,73,71,71,68,73,68,61,53
102,39,34,34,39,39,34,45,46,46,43,50,56,50,58,49,45,38,38,42,38,34,39,38,39,39,40,50,48,49,43,55,43,39,39,43,40,40,39,43,43,40,43,40,40,45,52,43,48,48,48,46,50,50,48,50,47,53,52,63,62,68,66,61,67,67,70,68,72,62,54,54,51,51,56,53,53,56,54,55,59,59,53,58,57,62,60,65,66,67,77,188,248,246,242,248,248,248,248,248,236,153,113,108,104,101,101,100,99,131,225,247,248,248,248,248,244,206,171,142,84,74,71,77,74,72,75,76,74,73,72,70,72,73,70,73,53,50
103,34,39,42,34,39,39,45,43,43,45,46,49,43,43,46,49,52,57,45,38,34,34,34,42,45,49,46,45,45,51,43,42,44,42,39,43,41,45,43,41,40,43,45,45,41,48,44,46,41,45,48,47,46,48,52,51,57,54,61,63,65,65,59,70,65,69,68,67,65,54,54,54,52,54,54,55,51,58,59,59,58,60,62,57,65,68,68,70,74,131,243,247,247,248,248,248,248,248,248,249,191,151,133,110,176,147,147,162,239,248,247,248,248,248,248,248,232,191,156,111,72,72,74,75,74,72,74,74,72,72,74,70,71,75,71,67,50
104,34,39,38,42,39,39,43,43,43,46,45,50,46,46,43,45,38,34,34,48,46,39,43,46,49,45,43,46,50,40,43,39,43,39,42,40,39,45,40,43,41,43,41,43,47,45,50,43,43,48,44,48,44,48,47,47,56,60,57,65,62,63,66,66,66,68,63,62,63,54,56,54,56,53,53,56,59,63,59,59,59,59,61,62,67,68,75,81,121,239,248,248,248,248,248,248,248,248,248,247,231,173,196,238,248,230,251,247,248,248,248,248,248,248,248,248,242,202,164,134,81,76,75,78,74,78,81,78,76,72,72,71,72,75,73,70,56
105,34,34,39,38,39,34,38,39,46,43,49,43,46,46,50,43,39,39,34,38,42,39,53,39,46,46,42,45,40,43,39,39,42,39,39,41,41,39,43,40,41,43,43,43,43,47,43,43,44,48,43,50,44,50,50,50,52,66,57,62,61,65,66,64,67,62,59,60,60,54,56,56,53,53,56,61,60,62,58,57,59,59,64,67,70,74,79,93,243,248,248,248,248,248,248,248,248,248,248,240,242,248,248,248,248,248,248,248,248,248,248,248,248,248,248,248,248,211,171,136,85,83,80,81,78,74,83,84,78,72,79,75,72,76,70,68,66
106,39,34,38,42,34,39,39,34,39,49,45,46,46,49,43,43,38,42,34,39,39,44,39,51,67,43,43,39,45,43,39,46,42,39,39,43,43,45,40,39,40,43,47,46,43,46,46,44,45,44,46,46,48,48,51,51,53,59,58,58,64,64,66,62,59,61,59,60,61,59,54,52,54,57,57,59,60,59,61,60,60,62,65,69,75,78,85,194,249,248,248,248,248,248,248,248,248,248,248,247,248,247,248,248,248,248,248,248,248,248,248,248,248,248,248,248,248,233,180,154,117,82,74,84,78,77,76,83,74,74,76,74,72,72,74,72,71
107,34,34,28,38,45,34,43,39,39,52,46,43,43,45,43,46,39,44,38,34,39,48,43,39,47,49,45,44,45,43,43,39,39,42,45,43,47,44,43,43,40,43,43,41,46,43,44,46,44,44,40,45,47,50,53,57,61,61,65,62,62,67,65,62,58,59,57,56,57,57,56,58,54,54,53,56,61,62,61,64,61,62,66,70,83,88,175,250,248,248,248,248,248,248,248,248,248,248,248,248,248,248,248,248,248,248,248,248,248,248,248,248,248,248,248,248,248,249,197,173,134,89,82,88,80,79,74,84,81,78,81,75,75,70,70,76,71
108,34,34,34,38,39,39,39,42,42,45,43,46,46,43,45,43,43,42,34,45,35,43,56,49,44,50,54,43,45,46,43,43,39,39,39,41,40,43,40,40,43,47,47,45,45,45,40,44,44,45,44,45,48,51,50,57,62,64,67,65,62,64,58,59,57,54,55,59,56,57,51,54,54,54,54,57,58,61,62,63,64,66,68,78,85,145,247,248,248,248,248,248,248,248,248,248,248,248,248,248,248,248,248,248,248,248,248,248,248,248,247,248,248,248,248,248,248,248,224,184,145,113,101,85,85,82,80,79,86,74,79,77,74,72,72,76,70
109,34,39,34,34,38,39,39,43,39,43,49,46,46,45,46,43,42,36,39,39,52,46,45,43,47,46,50,54,43,44,46,50,52,53,53,48,46,50,48,50,52,55,49,43,46,43,46,47,50,46,46,46,48,50,50,56,56,62,62,59,61,59,64,57,57,57,55,57,53,57,55,54,53,56,54,61,59,64,64,62,64,68,72,84,118,249,248,248,248,248,248,248,248,248,248,248,248,248,248,248,248,248,248,248,248,248,248,248,248,248,248,248,248,248,248,248,248,248,248,192,170,124,124,119,111,99,92,82,86,78,81,78,70,78,73,73,73
110,39,39,34,34,34,42,42,39,39,39,46,52,45,46,49,45,39,39,52,55,46,46,49,45,46,43,47,51,52,52,48,55,56,51,54,52,50,54,52,54,51,53,52,48,48,47,43,46,51,48,51,47,46,55,55,54,56,54,57,54,57,60,65,65,59,57,54,58,54,54,57,55,56,56,54,59,64,61,61,63,66,71,78,97,229,248,248,248,248,248,248,248,248,248,248,248,248,248,248,248,248,248,248,248,248,248,248,246,248,248,247,248,248,248,248,248,248,248,248,216,176,130,127,127,125,107,107,90,92,78,82,81,78,74,70,75,74
111,43,42,38,34,34,42,43,42,39,39,39,46,52,49,51,43,49,43,49,50,52,53,46,46,50,56,47,47,50,53,51,56,55,50,48,55,59,53,50,50,52,58,56,61,54,58,57,59,56,51,53,51,53,53,59,54,56,50,50,57,56,64,56,57,58,58,54,53,60,57,57,57,57,56,57,59,61,64,64,68,68,77,90,228,248,248,248,248,248,248,248,248,248,248,248,248,248,248,248,248,248,248,248,248,248,248,248,248,248,248,248,248,248,248,248,248,248,248,248,239,196,157,132,132,133,123,106,99,87,89,85,85,76,79,74,72,72
112,39,42,38,33,34,34,39,42,39,45,39,45,49,46,65,44,38,39,56,51,58,60,55,52,52,53,47,51,51,51,53,51,54,56,53,55,56,52,51,56,63,54,54,56,59,63,60,65,60,59,62,55,53,54,57,55,53,52,54,55,58,60,56,57,52,53,57,59,57,61,60,58,59,60,58,61,63,66,66,67,74,80,141,250,248,248,248,248,248,248,248,248,248,248,248,248,248,248,248,248,248,248,248,248,248,248,248,248,248,248,247,248,248,248,248,248,248,248,248,248,200,173,135,134,136,129,115,102,93,95,82,89,80,81,77,74,73
113,43,42,39,42,34,34,43,43,42,39,39,46,46,50,43,39,42,44,53,65,56,55,56,52,54,53,54,51,55,50,57,52,50,59,55,58,56,59,57,66,57,54,56,53,59,64,59,62,57,59,57,59,61,56,51,52,54,58,59,59,56,54,57,52,54,56,52,57,59,62,64,58,56,59,62,64,64,65,70,73,78,97,239,248,248,248,248,248,248,248,248,248,248,248,248,248,248,248,248,248,248,248,248,248,248,248,248,248,248,248,248,248,248,248,248,248,248,248,248,248,219,173,153,121,143,148,137,116,106,89,85,82,91,84,78,75,73
114,39,38,39,39,34,38,34,42,42,34,43,42,46,46,42,34,43,50,60,55,46,46,44,54,50,50,50,55,49,53,46,52,53,56,57,58,55,53,65,99,79,54,58,59,57,59,56,57,61,55,57,59,56,59,56,54,54,57,59,56,59,59,53,54,54,57,56,59,64,62,59,56,59,57,61,64,66,68,71,78,81,135,250,248,248,248,248,248,248,248,248,248,248,248,248,248,248,248,248,248,248,248,248,248,248,248,248,248,248,248,248,248,248,248,248,248,249,249,248,248,242,171,139,125,134,157,125,129,109,90,93,84,87,78,80,74,75
115,43,34,42,39,38,33,34,34,39,43,39,39,46,49,38,39,52,56,61,55,44,40,43,51,55,51,54,50,54,58,53,56,59,58,59,59,53,54,48,56,56,54,54,54,57,56,57,53,57,57,56,59,59,59,61,59,57,60,61,61,58,59,59,57,57,56,57,57,61,59,59,59,59,60,62,66,67,71,75,83,111,248,248,248,248,248,248,248,248,248,248,248,248,248,248,248,248,248,248,248,248,248,248,248,248,248,247,248,248,248,248,248,248,248,248,251,191,195,224,248,249,150,160,119,145,167,144,135,126,102,94,85,88,78,80,76,76
116,39,34,38,39,34,38,34,45,43,38,43,45,43,43,34,39,50,63,78,58,43,43,46,47,53,58,47,50,49,56,58,54,56,57,58,59,56,55,54,50,51,53,56,54,58,54,62,54,55,57,57,62,59,62,57,59,64,90,61,61,60,60,54,59,60,56,61,58,56,59,60,59,61,61,61,62,72,76,81,91,225,248,248,248,248,248,248,248,248,248,248,248,248,248,248,248,248,248,248,248,248,248,248,248,248,248,248,246,237,224,248,248,248,247,247,226,224,218,248,248,240,146,143,134,127,151,158,143,129,107,90,89,86,80,81,76,74
117,34,34,38,42,39,34,38,38,39,39,50,49,46,44,39,40,53,68,75,59,54,44,43,43,46,46,51,53,58,51,54,55,51,59,59,60,63,56,55,56,53,53,55,53,55,59,57,54,56,57,59,62,60,62,59,63,61,60,59,64,66,66,62,59,54,57,57,63,62,60,59,59,59,73,64,66,73,81,92,205,248,248,248,248,248,248,248,248,248,248,248,248,248,248,248,248,248,248,248,248,248,248,248,248,248,248,248,248,248,239,236,236,252,238,219,227,236,207,249,236,173,144,144,135,112,165,178,156,138,119,98,94,84,78,84,78,78
118,39,34,38,39,34,42,39,39,34,43,49,49,43,45,34,43,57,76,91,67,46,53,44,43,43,49,50,59,61,53,56,56,61,61,67,61,61,61,60,72,63,55,53,57,53,56,57,57,59,55,57,58,64,64,60,59,63,66,62,65,71,67,67,61,65,81,62,55,62,59,65,61,62,74,68,68,75,81,218,248,248,248,248,248,248,248,248,248,248,248,248,248,248,248,248,248,248,248,248,248,248,248,248,248,248,248,248,248,246,236,209,188,244,216,190,166,244,209,183,179,159,141,137,138,124,141,160,166,144,130,116,96,90,85,80,75,79
119,39,34,34,34,38,34,38,34,38,38,42,39,39,38,34,44,59,82,100,67,56,43,45,45,45,50,55,56,64,61,63,59,62,70,66,74,75,65,62,62,58,57,58,60,65,71,59,59,60,57,60,61,62,62,64,62,62,66,73,82,84,76,70,65,69,101,67,62,62,59,60,63,75,69,67,71,81,127,243,248,248,248,248,248,248,248,248,248,248,248,248,248,248,248,248,248,248,248,248,248,248,248,248,248,248,247,245,244,234,225,187,202,245,198,250,200,215,201,151,150,145,136,146,136,139,116,171,181,171,147,130,92,96,82,84,74,73
120,34,39,34,39,34,38,39,42,34,34,43,43,45,38,33,46,63,70,97,80,113,199,67,51,40,50,50,67,64,60,68,77,72,78,80,91,85,78,66,59,56,61,63,60,68,66,59,64,62,60,61,62,67,61,62,67,61,72,88,83,66,78,80,70,65,60,59,59,62,60,60,63,69,64,62,72,85,144,247,248,248,248,248,248,248,248,248,248,248,248,248,248,248,248,248,248,248,248,248,248,248,248,248,248,248,245,242,233,224,219,222,191,172,165,170,252,233,211,143,156,146,144,143,149,143,111,160,185,166,151,135,102,84,85,78,70,77
121,34,38,38,39,42,39,38,38,34,34,34,42,39,38,34,44,56,70,85,79,100,184,118,58,43,49,57,57,64,68,72,62,85,78,97,91,90,84,71,68,68,58,66,76,86,84,67,71,71,68,64,63,57,64,69,71,82,87,69,60,64,72,80,80,65,57,60,62,64,63,61,63,69,64,66,76,91,191,248,248,248,248,248,248,248,248,248,248,248,248,248,248,248,248,248,248,248,248,248,247,245,245,244,244,245,238,230,217,215,213,182,178,174,162,153,224,244,245,250,211,157,150,147,132,150,131,148,192,196,147,125,137,96,95,70,114,76
122,34,34,34,34,39,34,34,34,34,28,34,39,38,28,34,39,58,64,80,98,72,196,96,56,58,46,54,66,82,84,110,60,76,93,225,96,99,86,82,71,67,68,84,93,99,99,85,77,72,70,69,70,71,70,74,84,88,76,59,56,59,69,85,81,68,59,62,64,65,59,62,69,66,68,72,83,151,249,248,248,248,248,248,248,248,248,248,248,248,248,248,248,248,248,247,248,248,246,248,246,241,237,234,227,222,208,206,203,203,186,160,168,160,154,174,247,243,234,205,247,251,214,140,243,159,137,107,188,195,185,160,133,110,89,72,117,94
123,34,34,34,34,28,38,34,34,34,34,34,34,39,33,34,39,47,58,56,93,95,70,71,66,54,43,55,65,76,84,129,80,88,105,103,108,170,105,97,62,62,102,84,117,111,121,103,86,75,73,70,72,71,66,67,74,77,70,60,52,59,70,86,82,70,60,59,62,63,61,63,65,65,69,75,101,173,249,248,248,248,248,248,248,248,248,248,248,248,248,248,248,245,242,242,235,231,230,227,224,234,228,217,204,201,198,197,195,188,178,163,157,148,147,161,156,244,223,199,247,213,208,253,174,177,137,119,183,182,134,163,149,110,89,74,114,91
124,34,38,34,34,34,34,34,38,34,39,34,28,38,34,34,39,46,53,53,58,65,99,64,69,107,60,50,61,77,85,99,103,97,97,99,79,89,164,121,77,110,94,95,127,105,119,108,116,76,68,71,69,64,61,68,77,72,66,61,57,62,71,86,80,69,56,61,60,61,62,66,62,62,68,84,134,209,248,248,248,248,248,248,248,248,248,248,248,248,248,248,246,223,226,227,218,203,201,199,213,209,202,198,194,190,185,180,176,171,163,161,155,147,139,140,155,193,235,130,246,231,161,161,170,203,128,121,161,148,153,196,161,123,101,80,93,81
125,34,34,39,34,33,38,34,34,34,34,42,38,34,34,43,43,43,47,54,55,64,87,133,51,51,74,41,59,72,99,93,105,105,86,100,121,111,93,112,121,90,195,121,120,190,172,126,85,110,70,64,70,66,73,67,64,72,64,45,61,63,86,96,75,67,62,59,58,60,68,57,59,62,66,89,131,198,253,251,249,248,249,246,248,248,248,248,248,248,245,232,205,199,194,196,185,178,178,181,177,184,183,177,175,169,169,168,164,158,153,146,145,141,136,129,112,121,249,141,234,243,182,238,108,228,254,184,148,179,118,158,193,152,119,80,99,84
126,34,34,34,38,39,38,38,28,34,34,34,28,42,38,39,43,43,46,52,58,51,55,70,57,50,46,53,56,70,78,89,95,79,96,91,117,127,105,157,153,122,114,126,115,140,157,165,164,135,79,85,75,77,64,64,64,70,110,144,72,74,101,98,75,68,62,59,59,66,67,60,54,59,63,77,104,123,134,163,185,195,200,208,222,230,234,228,222,219,228,201,185,172,176,169,171,164,157,148,163,166,166,162,154,160,154,153,145,151,127,132,144,133,131,119,244,252,249,140,123,237,218,201,252,210,249,182,142,99,107,61,183,118,110,78,156,72
127,39,34,34,34,34,34,38,38,42,34,34,34,34,34,34,43,45,49,50,52,55,68,48,41,47,50,54,51,62,74,84,97,82,78,94,78,81,136,135,88,94,114,94,169,137,169,177,93,172,106,98,80,69,68,64,58,144,230,112,69,80,121,97,72,66,65,59,62,78,60,55,54,56,60,69,94,109,108,120,138,152,168,176,187,191,192,190,189,190,185,172,167,160,162,159,160,152,140,144,142,144,147,142,145,147,142,142,133,221,254,255,195,117,128,126,252,209,225,253,171,162,236,124,117,248,159,244,248,94,53,43,172,77,84,85,167,93
128,21,50,130,104,49,38,28,39,34,34,34,34,39,39,34,43,43,43,49,56,55,59,111,94,58,49,47,50,60,68,82,74,85,89,91,84,106,125,115,71,95,84,143,121,131,112,131,128,125,112,76,71,60,56,62,111,127,72,86,66,117,137,92,72,63,59,58,62,79,55,55,54,57,59,65,85,95,95,107,129,141,155,162,168,166,170,168,170,164,161,155,155,155,148,152,148,139,130,124,125,127,129,130,125,132,135,134,127,232,247,248,248,253,209,116,103,241,148,243,210,255,251,201,219,236,250,244,243,250,202,188,252,147,197,59,86,59
129,219,153,59,71,87,84,123,127,117,56,28,39,54,59,43,44,52,59,71,88,81,127,153,39,50,46,53,43,60,65,70,81,80,90,90,82,82,79,78,97,86,99,96,109,107,97,124,155,123,88,69,64,49,55,72,77,79,71,76,104,131,103,79,68,58,57,58,62,68,61,56,59,57,56,69,76,82,91,106,128,135,146,151,156,156,157,154,155,150,146,146,142,145,143,145,136,128,118,120,115,115,115,114,112,122,122,119,118,191,248,248,248,252,248,253,180,233,114,242,166,109,243,211,99,242,246,249,160,243,172,239,254,251,236,177,130,134
130,124,180,160,86,46,50,95,107,140,152,114,97,69,34,34,39,49,43,46,53,58,45,41,55,46,46,46,72,51,62,65,70,76,70,78,76,81,86,78,86,93,84,88,128,141,115,109,107,89,70,72,55,48,52,68,66,69,83,85,79,68,70,68,61,54,57,61,65,69,69,59,57,59,59,65,76,81,86,105,130,141,154,155,149,152,149,144,146,139,136,141,135,140,137,133,130,121,111,110,103,105,104,101,98,115,110,111,114,114,249,252,140,112,168,252,244,248,254,235,248,112,174,236,252,187,223,133,254,255,222,205,215,183,246,241,138,210
131,96,116,126,137,129,109,71,38,34,33,28,28,56,44,34,39,45,46,43,54,44,50,58,44,55,46,60,43,54,62,67,66,68,70,73,75,71,73,74,77,87,85,78,78,76,84,95,86,74,70,59,69,148,189,139,69,71,81,72,62,66,69,63,58,54,55,60,62,63,71,60,59,62,58,66,72,92,112,135,146,161,166,153,152,139,144,136,139,134,132,135,136,131,133,127,123,115,105,102,96,94,87,92,91,98,97,99,82,238,248,248,156,104,107,102,220,255,248,248,248,254,193,83,205,250,185,193,133,247,181,224,205,251,245,252,243,176
132,28,28,76,60,49,34,39,34,39,39,58,101,55,39,39,43,43,46,46,43,46,55,43,46,48,52,51,48,56,61,64,60,62,68,72,78,72,75,75,74,74,76,69,71,72,78,77,78,89,57,61,96,185,182,89,81,71,70,63,63,68,64,60,61,57,56,59,63,61,73,60,61,57,66,69,105,153,163,157,155,146,140,152,155,142,139,132,133,130,128,131,132,132,131,125,118,111,96,97,90,88,79,86,82,94,81,200,251,253,235,248,235,109,92,77,254,122,132,232,252,248,247,183,205,236,247,186,139,174,188,186,235,219,250,168,254,114
133,64,95,53,94,38,38,38,38,45,34,39,38,28,39,39,39,39,39,43,43,46,56,57,45,43,46,48,51,56,61,65,63,64,66,70,69,81,74,70,68,70,70,70,65,69,73,78,82,62,63,59,59,62,67,83,96,69,68,63,61,61,59,57,61,54,55,61,61,64,60,60,58,60,61,70,107,136,143,153,151,135,137,146,149,142,133,131,131,125,127,129,128,127,122,122,117,103,93,82,82,79,77,77,82,86,240,251,221,119,99,250,252,136,97,146,203,122,197,235,181,241,249,227,245,239,160,254,146,253,254,225,195,240,245,251,144,89
134,53,56,94,28,34,39,34,39,49,49,54,34,39,38,43,43,39,43,43,43,54,52,55,46,52,53,56,59,61,64,65,62,63,73,69,66,68,67,70,69,68,66,65,71,70,81,81,69,67,59,59,54,56,59,66,130,213,79,67,59,57,59,55,57,56,59,58,58,60,62,56,56,60,63,72,93,110,117,125,128,123,128,145,153,151,135,125,125,120,128,128,127,125,121,116,112,101,84,79,75,77,76,71,75,80,210,134,109,90,89,225,248,196,98,70,132,251,238,129,144,209,178,252,250,222,142,134,246,248,167,245,235,174,243,249,134,140
135,64,42,34,34,38,34,38,34,34,75,38,38,34,42,34,39,34,46,45,39,46,52,50,55,57,53,56,61,63,62,66,61,64,60,66,76,80,67,68,68,66,64,66,67,73,66,66,72,83,71,69,67,95,59,68,58,78,98,58,54,56,57,57,54,56,56,54,57,58,67,57,56,57,62,66,83,80,99,107,120,120,142,142,161,160,138,125,122,122,127,127,126,123,120,117,108,95,80,74,72,70,70,70,73,75,90,85,76,88,83,175,243,255,108,188,214,184,124,139,194,238,233,193,176,218,246,234,235,248,248,249,252,250,227,195,229,167
136,34,34,34,34,38,34,34,34,66,123,38,34,34,39,39,39,39,45,46,46,48,47,50,53,56,63,56,58,60,63,61,62,61,65,66,66,66,64,63,66,65,65,69,70,61,65,66,74,77,66,62,62,87,59,61,68,68,61,59,53,53,55,59,56,53,56,54,58,57,70,59,56,58,61,72,84,88,101,107,140,132,141,145,166,163,142,123,119,120,122,119,124,121,121,109,106,94,76,68,66,68,67,69,73,74,77,77,82,80,82,75,107,89,124,90,74,120,133,191,221,161,111,104,137,140,151,242,231,160,215,193,165,163,235,248,252,125
137,34,38,28,38,34,34,39,33,74,134,34,38,34,34,34,34,39,39,46,46,46,53,56,47,58,59,51,60,62,61,68,66,59,64,57,64,65,65,63,64,61,66,66,61,64,68,69,71,65,59,81,66,62,59,66,61,56,59,56,54,54,56,58,54,51,53,51,61,56,65,56,59,62,64,75,90,111,132,139,134,125,128,138,168,164,145,127,121,121,121,122,124,120,115,108,104,91,77,66,66,63,66,68,70,75,75,75,74,81,78,96,93,119,130,133,84,136,126,196,149,142,110,153,223,162,137,177,236,248,243,145,117,151,140,248,248,249
138,39,34,33,34,34,38,34,34,55,128,34,34,34,34,34,39,39,39,46,46,50,56,53,68,57,63,59,53,56,61,62,67,61,63,64,66,66,58,63,62,63,64,65,74,76,80,85,87,66,60,59,56,59,67,66,59,57,54,56,54,54,54,52,53,49,57,59,56,61,63,56,59,62,72,95,116,129,134,107,69,114,128,145,159,160,146,132,119,118,119,123,121,119,111,106,103,87,74,69,64,64,66,65,70,76,75,72,77,77,88,98,81,67,109,135,127,171,161,161,157,127,174,134,163,143,244,187,249,248,228,143,109,130,138,211,235,242
139,34,34,34,34,38,34,34,34,47,96,34,34,34,38,34,38,39,39,46,50,54,50,50,60,60,57,60,59,59,60,53,61,66,64,55,59,64,61,61,61,63,60,61,59,63,61,58,63,70,66,63,71,68,64,61,60,60,50,51,54,54,58,56,51,53,56,57,60,59,60,60,60,70,103,111,120,110,107,98,90,95,117,146,152,149,151,134,121,116,115,120,120,117,108,105,98,82,74,68,66,70,67,70,68,61,72,81,97,111,121,119,129,128,119,143,150,136,212,188,200,240,227,200,135,132,141,190,248,250,157,107,139,203,145,179,106,221
140,34,34,28,34,33,34,34,28,47,98,38,34,38,34,34,34,34,35,49,46,46,50,53,53,56,55,64,59,64,61,59,59,61,62,57,59,59,56,60,60,59,59,64,61,61,66,62,68,70,66,67,67,65,67,62,59,51,51,47,53,56,56,54,53,53,53,54,57,57,59,58,67,100,112,113,113,112,103,102,90,101,115,146,147,154,145,139,125,123,112,112,113,115,106,100,92,80,69,72,79,71,70,89,105,93,93,85,100,97,95,99,89,124,253,235,122,136,198,150,140,179,248,232,144,151,145,138,223,212,237,238,255,223,157,168,153,89
141,34,35,34,34,34,34,34,34,41,103,34,28,28,34,34,34,34,34,34,34,39,52,53,56,53,54,54,54,58,55,59,60,59,67,58,61,61,57,62,60,59,58,60,61,64,64,66,64,64,66,68,67,65,65,60,56,51,51,56,55,55,51,52,51,54,54,54,54,53,58,61,106,123,130,147,117,113,111,107,103,113,142,149,158,137,139,139,137,127,117,118,120,116,111,98,92,74,70,78,78,159,151,242,167,221,135,200,98,85,81,82,60,74,204,253,175,152,159,115,125,138,221,243,191,134,143,204,246,134,130,155,127,111,122,186,186,125
142,34,34,34,33,34,34,34,34,36,112,28,34,33,34,34,34,34,29,34,34,34,34,39,46,50,57,56,61,59,60,60,59,60,64,60,61,62,66,64,66,63,61,60,59,61,64,59,66,65,64,68,66,64,57,59,59,48,50,54,52,54,51,53,51,52,51,51,57,54,65,65,104,145,132,111,143,113,131,140,145,146,169,152,145,100,134,145,150,137,117,118,112,112,102,98,86,71,80,112,109,127,136,195,250,254,190,81,239,164,78,126,157,255,145,146,137,117,127,119,121,122,170,252,171,139,190,176,124,105,107,105,190,201,140,249,143,173
143,34,34,34,33,38,38,34,34,41,113,34,34,33,34,34,34,34,34,34,34,34,39,34,42,38,43,43,34,39,39,41,40,50,57,60,61,64,60,65,64,64,59,57,59,60,60,57,65,64,66,68,64,59,62,57,57,53,56,51,53,53,53,53,50,48,56,60,74,71,72,84,77,136,138,138,129,147,153,151,147,135,133,130,129,108,126,155,160,147,128,118,116,112,107,96,89,90,84,87,85,111,76,89,215,254,247,254,99,97,150,148,131,113,190,251,211,146,96,113,124,136,130,103,125,161,155,95,93,117,111,99,161,156,130,191,185,248
144,34,34,34,34,33,34,34,34,36,128,28,34,34,34,34,34,34,34,34,34,34,34,34,39,36,61,43,41,46,57,63,70,69,147,87,52,78,80,92,84,70,63,59,61,62,61,59,62,59,63,59,61,63,62,59,57,51,51,51,47,46,46,44,51,59,62,104,121,125,124,112,145,151,167,143,145,172,136,115,87,118,109,117,118,111,114,160,167,156,140,120,116,97,84,85,96,74,77,100,107,113,79,80,81,72,194,170,206,117,86,115,114,129,140,135,125,120,106,127,124,103,116,145,139,119,136,186,107,106,119,128,136,113,137,166,249,248
145,34,34,34,34,34,34,34,34,35,122,28,38,34,33,34,34,34,34,34,34,38,34,34,34,34,46,121,46,43,51,62,69,83,65,71,94,77,99,131,149,174,183,171,135,91,63,65,62,61,62,60,59,61,57,59,53,51,47,46,46,54,70,81,99,113,135,136,133,153,133,156,148,141,138,166,122,127,98,90,86,114,100,116,114,112,123,156,162,163,149,124,100,81,72,72,79,78,77,123,103,106,82,64,149,99,93,106,254,249,254,153,81,206,130,137,157,148,124,129,109,127,135,158,127,119,114,130,96,104,128,118,130,113,108,252,248,249
146,34,28,33,34,28,34,34,34,29,110,38,34,34,34,34,34,34,34,34,34,34,38,34,34,34,36,87,62,46,43,60,61,69,73,90,86,101,77,86,109,132,141,143,132,116,102,83,66,66,57,52,53,48,51,50,46,48,66,74,129,134,129,144,118,107,97,91,85,88,133,128,108,149,118,137,144,108,120,112,88,121,101,113,115,111,108,135,151,125,129,107,92,87,74,86,78,77,76,152,142,84,88,149,171,165,187,172,200,240,251,128,136,188,123,107,143,125,134,128,132,137,177,174,115,84,116,135,75,124,138,119,97,105,249,251,253,176
147,28,34,34,34,28,33,28,34,29,100,51,38,38,34,34,34,34,34,34,34,34,34,34,34,34,40,99,79,53,50,48,60,62,71,78,74,82,88,87,89,90,87,87,74,75,76,70,75,73,106,86,100,93,72,69,68,72,94,99,81,74,74,61,57,56,51,52,99,77,131,139,116,91,110,71,142,142,131,117,102,126,96,102,107,92,94,146,144,152,129,117,114,106,103,86,82,76,79,197,133,170,235,252,178,148,241,246,250,250,249,250,182,154,177,251,207,119,126,108,128,145,128,123,96,102,115,70,131,130,112,86,109,151,148,187,144,154
148,125,86,28,33,34,34,28,34,29,107,65,34,28,34,28,34,34,34,34,45,28,34,34,38,38,35,68,63,43,47,51,52,59,61,65,70,82,73,150,91,115,137,70,162,56,66,121,104,78,150,93,83,107,68,76,130,76,119,111,96,75,60,61,54,61,56,54,77,75,113,144,133,102,79,67,126,146,142,126,103,111,89,85,87,70,81,69,101,158,150,116,120,115,107,73,74,80,78,119,140,254,243,248,185,247,201,244,248,248,248,248,253,195,187,179,235,253,253,188,142,110,132,129,81,106,124,71,113,106,166,172,106,199,232,129,143,125
149,170,125,146,28,34,34,34,35,28,99,72,34,34,28,34,28,34,33,63,93,108,28,34,34,34,37,102,87,39,39,48,70,59,56,58,66,68,66,68,70,71,138,113,102,154,68,170,98,146,118,104,95,144,92,85,86,77,108,117,88,70,59,57,54,51,50,53,71,113,94,154,135,108,85,79,117,112,149,110,103,104,98,101,85,74,66,78,80,98,143,138,116,125,119,101,80,78,79,119,220,249,234,251,242,239,246,247,201,197,198,253,174,150,240,255,192,177,235,249,230,133,100,113,118,110,198,251,215,249,247,123,161,236,178,254,145,92
150,34,180,154,141,80,34,89,38,34,88,74,34,34,34,28,34,34,34,29,97,96,122,28,36,38,33,89,86,105,113,78,61,83,69,66,59,59,57,61,64,66,65,68,72,76,77,75,96,109,99,142,216,107,116,97,79,72,99,116,89,60,53,53,53,59,56,53,52,104,88,148,166,115,86,98,107,94,100,146,138,115,111,96,76,72,68,71,74,71,60,116,142,177,178,111,112,121,201,107,235,182,252,130,221,241,244,248,247,235,179,249,218,125,150,153,143,106,179,180,187,161,199,212,247,255,244,136,209,249,201,250,170,174,180,139,251,165
151,34,33,65,194,152,124,24,75,34,112,79,34,34,34,34,28,33,34,34,34,88,103,144,94,133,146,113,82,37,43,43,42,47,76,97,85,74,69,59,57,63,60,61,59,61,65,65,73,70,73,70,75,68,67,66,64,59,93,119,80,57,51,54,63,51,51,50,60,81,85,113,146,120,137,81,113,76,116,116,159,116,106,100,97,87,75,70,70,69,66,48,227,198,141,162,205,245,248,252,197,141,224,187,210,244,240,247,247,248,249,243,201,230,251,229,117,244,158,101,232,121,143,238,249,248,241,242,207,135,155,205,122,242,246,177,173,246
152,50,52,28,22,177,176,127,89,35,87,54,34,34,38,34,33,34,28,28,29,44,98,120,130,110,168,144,67,35,47,42,39,39,46,54,70,99,119,113,115,103,88,80,70,65,56,51,50,50,54,53,53,52,52,57,54,53,80,96,79,63,59,56,56,57,54,50,53,49,58,101,148,114,108,128,78,63,101,134,135,163,123,108,96,84,77,70,68,70,74,177,249,182,147,178,234,238,249,248,247,250,246,217,227,243,250,241,233,237,237,248,243,249,248,248,252,202,206,157,141,120,144,80,98,244,248,253,255,143,135,131,105,154,166,243,209,253
153,59,52,58,39,34,81,195,144,122,74,59,34,39,39,33,21,46,122,160,122,71,38,60,119,129,152,102,96,79,81,35,39,39,45,49,48,68,85,105,117,117,118,112,102,79,65,56,50,50,50,51,51,54,55,55,51,54,75,98,79,71,62,58,48,44,50,50,59,54,56,85,160,121,115,74,80,69,82,123,109,154,167,119,96,88,86,81,72,63,107,191,243,96,174,234,223,150,146,199,246,248,247,245,242,227,188,158,229,251,247,247,167,252,224,244,251,179,218,209,230,253,129,218,253,203,249,198,158,210,235,172,157,151,171,237,160,214
154,64,49,43,38,35,80,30,180,151,138,53,33,29,58,122,159,108,48,28,28,38,34,34,47,122,132,123,148,131,60,39,39,39,39,40,48,43,46,58,81,94,96,91,86,72,65,59,57,58,59,62,59,59,57,66,62,64,73,100,74,72,61,54,51,50,48,48,48,53,53,80,129,117,88,75,81,55,122,142,119,99,170,167,97,90,93,101,116,62,153,158,89,70,126,242,246,145,174,194,185,208,214,251,245,247,249,253,191,233,244,242,225,221,123,122,134,175,228,185,140,228,155,198,135,171,249,190,184,208,184,239,242,219,203,226,206,211
155,59,52,55,28,79,94,34,33,102,201,140,122,124,94,51,34,28,57,73,46,34,38,34,38,43,123,137,152,91,99,87,47,39,43,42,43,43,46,43,45,66,76,62,63,72,63,65,68,66,61,69,59,66,64,92,122,89,71,96,75,72,56,51,48,44,48,46,46,51,51,67,106,121,84,78,68,60,73,130,133,110,146,160,132,95,94,89,80,91,131,95,64,61,71,239,251,127,134,217,215,169,107,103,232,245,242,246,248,249,248,246,124,181,151,144,254,235,171,160,105,183,252,151,123,220,249,246,248,248,248,248,249,225,241,248,248,248
156,66,53,71,87,52,34,45,52,39,38,194,167,138,29,42,45,81,62,33,65,95,28,34,29,68,81,110,124,124,167,127,53,39,39,39,40,45,43,43,45,64,78,47,46,59,57,57,59,51,58,159,153,100,73,156,253,80,57,88,77,76,72,62,56,68,67,64,47,48,51,59,112,120,85,74,66,120,135,142,109,131,158,139,174,137,82,99,122,136,105,90,126,148,62,202,244,230,113,150,200,242,126,93,102,111,248,229,239,248,248,248,252,222,130,189,248,250,148,126,139,145,254,136,120,249,245,247,249,248,248,241,178,219,247,245,248,248
157,64,50,73,77,34,33,63,28,29,129,143,145,197,150,81,100,50,37,28,33,53,131,59,42,44,56,82,93,117,157,174,59,42,39,39,36,43,40,43,40,57,85,43,41,50,52,68,52,50,37,81,68,79,62,57,99,48,32,76,89,94,68,58,51,48,48,54,71,70,50,50,110,107,87,74,67,58,102,142,108,137,136,138,119,195,169,109,129,140,95,97,87,67,94,197,243,239,108,124,132,157,242,173,65,58,52,245,220,243,248,248,248,248,249,247,248,222,104,111,181,141,184,255,209,248,248,243,233,246,248,235,161,228,250,234,205,233
158,66,50,70,69,34,28,39,38,80,144,50,44,55,209,155,148,35,39,112,54,114,83,109,81,95,56,72,108,92,117,132,125,121,54,34,37,40,46,43,43,59,87,65,86,83,70,48,43,46,49,90,61,62,59,74,119,247,236,208,148,109,59,42,64,46,50,58,46,49,56,77,81,110,82,71,84,56,114,118,106,133,158,155,143,145,179,133,121,113,122,121,125,124,139,152,192,170,183,197,134,187,222,240,248,255,255,249,218,209,243,248,180,232,251,248,248,249,249,191,112,93,165,157,248,249,248,248,244,247,250,178,212,206,218,182,250,249
159,56,46,56,73,38,28,28,55,155,67,82,74,60,37,193,225,126,30,43,97,98,101,64,98,52,102,155,97,99,110,125,135,166,39,37,34,35,35,35,35,69,97,54,41,40,39,39,43,44,45,45,72,137,109,150,207,119,94,123,156,119,103,73,124,81,39,64,57,54,47,68,120,103,95,104,108,98,149,122,122,142,149,137,116,129,151,181,167,160,152,153,144,159,161,147,128,155,155,220,158,194,210,246,245,245,248,248,251,206,224,231,207,127,126,203,248,248,248,248,252,208,161,163,156,172,249,221,245,249,247,189,209,187,206,194,161,211
160,56,49,66,71,76,112,118,105,95,114,103,72,66,67,29,142,174,121,96,129,110,139,126,116,105,124,106,54,99,98,138,125,162,47,44,34,29,36,111,105,78,88,41,43,40,43,38,43,44,69,122,109,111,44,67,135,87,44,58,78,46,50,44,76,46,125,100,82,51,71,75,89,130,100,96,110,127,147,137,119,130,133,124,111,120,118,150,172,133,122,137,157,156,148,141,142,160,227,186,207,244,247,235,243,239,244,246,247,240,169,240,242,154,184,128,148,246,248,249,248,248,251,212,166,153,155,180,250,166,245,251,239,250,202,253,248,249
161,53,50,84,91,65,114,108,96,94,140,92,105,66,81,80,90,110,201,115,55,104,76,66,38,112,147,86,106,64,62,94,86,113,109,127,118,121,111,79,62,82,132,70,39,41,43,55,75,96,84,58,70,47,46,59,96,93,60,47,54,88,48,40,72,109,85,67,108,109,99,69,76,117,109,96,98,115,131,107,104,110,123,117,107,101,97,80,128,167,148,139,112,93,90,80,77,177,204,141,192,242,249,152,164,234,190,229,245,188,207,234,246,213,149,139,245,249,250,178,215,249,248,248,251,186,131,145,247,213,250,249,238,247,251,220,243,245
162,46,59,105,104,68,135,86,34,34,35,101,85,107,127,137,90,122,89,157,100,58,73,103,105,144,59,124,107,117,74,72,115,110,112,72,87,121,125,123,132,118,116,106,124,105,84,81,64,41,44,60,59,62,44,53,126,130,68,59,72,90,119,135,125,112,111,115,105,115,105,93,104,117,131,124,117,126,131,115,133,130,113,82,105,105,98,81,96,123,174,132,101,113,119,119,142,133,206,146,170,211,236,187,168,122,232,117,186,251,201,126,228,234,139,203,207,167,227,153,178,213,248,248,248,250,204,123,201,234,240,204,225,182,252,248,247,244
163,53,52,28,117,72,86,49,46,44,63,93,101,201,107,37,82,89,39,63,116,126,86,131,126,72,81,119,164,109,100,102,68,90,103,116,88,70,74,63,100,119,144,126,124,128,160,93,43,46,66,85,77,96,129,129,163,159,117,102,110,111,107,102,86,67,73,72,99,106,108,80,67,84,128,141,148,129,134,116,138,136,109,79,78,87,76,84,88,80,102,169,165,125,146,139,136,123,189,158,145,182,199,185,156,118,76,225,108,135,236,200,88,240,152,241,190,187,146,138,122,248,248,247,248,248,248,241,185,165,214,199,234,248,216,248,248,248
164,78,63,63,101,64,83,34,45,64,67,99,46,194,175,127,82,54,87,88,34,69,98,81,127,93,84,114,118,98,70,77,122,78,78,93,111,104,81,43,46,76,85,101,126,108,109,141,197,198,120,112,125,102,66,91,102,100,67,69,92,125,126,133,146,155,150,132,146,136,120,90,73,70,80,81,100,123,148,152,177,156,118,94,70,91,95,93,93,83,95,103,182,193,150,129,98,108,95,163,131,173,148,183,140,117,117,99,196,64,69,188,99,230,248,131,111,122,118,123,233,248,248,250,234,242,249,248,253,196,121,186,219,194,228,246,244,248
165,72,46,87,70,73,61,63,28,63,99,99,99,92,155,137,102,77,71,55,75,46,79,135,104,134,90,85,131,53,104,70,114,118,74,95,97,119,107,83,82,90,86,75,63,98,129,118,124,214,242,249,163,67,92,115,127,111,99,82,71,80,62,81,117,114,110,108,108,115,111,93,108,91,103,117,138,150,175,150,157,168,133,111,90,95,106,80,131,124,168,168,112,106,113,82,76,124,109,125,125,161,137,190,112,103,99,98,114,215,182,250,252,251,246,253,255,252,219,250,248,248,248,237,237,229,226,247,248,248,252,252,233,208,214,198,248,248
166,84,68,61,102,77,76,91,67,99,106,95,88,97,164,178,165,107,88,76,74,82,57,136,137,98,77,119,63,123,104,70,85,130,84,79,100,102,124,111,72,75,70,46,49,40,102,129,99,94,137,223,244,234,162,85,115,117,61,74,72,73,76,91,61,55,54,78,90,97,95,65,72,72,91,135,141,149,146,176,208,199,165,130,108,95,89,88,75,89,100,124,114,119,113,101,131,149,199,102,132,149,114,132,94,86,77,168,158,153,235,248,248,248,248,244,233,218,237,247,251,244,245,248,248,248,248,248,248,248,248,248,247,190,199,197,220,248
167,102,50,58,83,82,91,64,85,102,81,94,92,98,71,166,123,186,109,84,69,109,83,152,105,141,121,107,99,114,108,84,66,122,161,70,87,121,118,130,103,95,98,101,86,75,50,115,110,76,101,109,112,228,252,239,132,94,98,87,80,114,112,101,102,95,109,140,135,94,95,93,72,71,109,123,122,152,131,155,176,197,159,124,109,83,65,98,113,106,92,100,89,91,99,111,145,151,184,125,125,136,116,143,158,158,114,114,107,91,107,220,217,213,219,246,171,127,163,246,213,158,209,206,206,247,242,248,248,248,248,248,248,226,202,253,248,248
168,76,46,82,109,88,39,60,87,113,110,88,81,67,108,138,146,155,95,100,120,147,113,136,96,127,162,129,112,113,50,90,95,126,120,116,117,99,63,132,129,91,74,82,61,54,73,63,128,90,90,109,96,102,137,249,229,123,103,55,73,104,86,73,79,73,96,109,116,133,99,86,79,84,99,115,109,152,133,166,216,217,174,113,79,83,69,60,63,86,98,124,127,106,114,119,149,153,118,172,117,116,117,108,133,170,150,112,94,83,95,102,107,103,84,247,212,92,143,222,249,185,116,146,246,248,187,196,249,250,253,248,248,248,247,249,247,248
169,46,127,117,63,69,97,52,85,76,105,81,70,82,69,41,169,149,102,98,105,132,117,130,123,58,109,142,132,71,91,114,123,127,149,104,119,75,71,113,149,125,82,75,75,68,64,69,80,133,56,69,89,83,104,117,223,183,75,109,144,104,102,87,84,93,112,134,115,109,107,103,81,76,72,84,92,147,161,196,222,234,217,160,110,101,94,76,60,61,65,88,74,105,126,134,174,140,101,134,135,107,119,116,115,113,120,114,95,95,96,134,128,84,81,98,111,161,254,219,245,248,201,196,248,252,211,234,229,172,147,246,248,248,249,232,248,248
170,112,67,46,92,74,108,66,67,81,107,85,84,77,63,53,44,107,103,110,133,109,124,116,88,81,88,91,96,100,102,74,43,82,147,116,120,59,108,87,109,155,134,99,68,61,67,62,66,117,123,59,62,71,91,91,107,227,224,135,121,120,82,60,68,68,69,65,58,72,61,65,69,74,71,66,94,167,200,229,245,244,230,172,101,94,77,76,65,67,73,59,86,90,73,84,70,150,78,82,142,122,101,113,94,104,129,158,167,139,113,134,114,101,125,77,105,233,251,177,238,247,248,248,241,143,202,147,248,175,195,205,248,248,231,249,248,248
171,43,77,59,86,102,60,124,64,53,64,94,48,74,80,75,73,106,120,119,143,44,149,89,75,116,78,107,60,86,79,73,53,79,65,116,122,78,104,60,83,120,150,137,95,72,84,70,53,79,199,74,72,56,50,68,92,182,240,122,114,90,87,91,91,102,101,101,75,68,64,66,62,44,65,79,105,126,197,237,245,246,238,197,81,80,95,66,74,53,61,76,72,84,97,97,82,113,104,116,80,141,111,93,113,103,102,113,117,133,117,137,122,100,98,109,119,120,71,245,235,126,246,248,210,237,236,250,249,251,186,246,248,248,200,248,248,248
172,50,66,86,81,73,89,89,61,71,35,77,82,92,55,87,67,71,94,118,73,80,128,68,92,91,91,82,80,102,121,99,82,84,106,106,73,75,103,55,51,78,115,148,136,96,86,101,86,62,123,176,89,97,88,68,67,177,246,179,90,83,82,84,99,94,101,97,118,82,83,85,90,101,95,87,125,113,187,236,245,246,245,202,125,92,98,114,87,109,87,78,59,71,86,95,107,81,111,110,100,106,124,117,118,117,131,93,93,124,112,113,118,116,78,103,106,200,241,238,247,247,248,247,248,245,150,248,223,248,248,249,245,240,248,248,248,248
173,98,73,77,75,77,112,65,95,84,69,59,87,92,59,43,102,66,70,125,68,110,125,99,106,96,104,80,84,73,76,131,132,96,113,85,40,78,101,58,41,49,75,124,156,143,107,103,97,81,74,222,100,102,99,86,80,219,248,247,92,90,96,108,107,108,117,118,117,114,183,105,97,103,109,97,139,134,177,220,244,247,245,236,124,126,122,132,97,110,97,100,88,70,121,94,61,66,62,44,101,85,112,118,91,88,108,127,118,112,110,124,108,98,169,253,248,238,242,251,243,247,248,218,163,252,254,169,232,251,242,249,245,213,248,248,248,248
174,68,70,66,61,57,84,91,72,45,69,125,73,75,29,60,83,100,117,89,77,118,123,85,92,95,74,82,92,95,69,71,140,117,109,90,86,82,92,79,70,48,48,68,129,152,162,98,153,79,54,176,204,68,74,94,85,238,248,243,113,88,121,114,115,105,88,89,103,167,246,131,96,96,88,126,122,121,128,165,239,247,247,213,90,72,76,64,63,90,94,99,75,97,118,115,84,85,90,160,89,94,93,111,105,117,107,97,85,93,92,85,97,140,219,105,172,250,246,224,145,245,209,246,254,234,202,240,234,138,226,251,213,239,248,248,248,248
175,56,63,64,70,72,79,53,70,73,63,58,69,89,85,97,86,74,144,80,64,128,160,82,100,92,72,111,116,95,58,94,55,126,110,118,99,93,95,65,79,100,39,43,59,112,162,160,130,162,88,69,213,128,80,80,94,197,249,170,93,112,104,65,68,86,104,85,105,162,252,171,90,83,90,102,76,66,100,144,239,248,248,232,127,125,110,125,91,87,87,93,91,117,110,109,112,82,96,77,113,100,100,118,100,88,73,85,82,106,113,136,124,87,78,83,112,79,224,250,248,248,251,219,130,133,229,108,223,248,220,169,246,249,248,248,248,248
176,101,95,89,77,81,95,109,105,100,77,82,84,58,84,100,76,65,95,53,103,130,104,80,95,64,117,128,125,43,99,109,76,78,101,97,105,85,107,76,73,87,119,37,43,56,77,158,155,160,160,59,140,168,78,74,81,195,250,151,97,99,93,88,97,83,90,84,94,152,252,182,107,109,109,98,78,70,69,131,226,247,248,245,196,121,140,129,105,105,92,83,105,100,103,78,99,124,118,118,114,105,128,129,115,115,117,105,88,112,96,112,105,90,97,99,101,130,115,123,234,247,244,237,247,115,122,133,216,131,225,246,231,235,242,247,248,246
177,89,105,76,77,50,67,50,51,74,78,88,116,113,79,84,55,119,64,71,50,169,96,85,95,87,80,64,53,118,70,101,130,92,136,138,206,92,90,77,80,77,75,49,41,47,53,93,134,143,160,127,101,156,114,77,72,245,247,97,84,104,91,75,56,67,83,73,90,136,252,200,99,99,88,80,75,65,68,88,174,248,248,249,179,119,99,106,123,91,83,101,99,109,99,70,84,103,116,111,108,115,105,107,111,99,115,113,85,110,95,104,91,98,105,97,82,125,108,95,185,249,223,243,196,241,223,241,252,249,250,249,249,248,248,248,248,244
178,82,110,83,77,83,68,90,78,101,114,94,114,72,78,76,86,133,98,94,91,150,95,95,77,93,62,72,64,131,124,79,71,103,74,135,115,87,111,108,53,80,76,82,60,61,43,43,63,112,205,175,164,182,179,189,99,233,240,89,69,56,77,114,112,97,99,95,107,106,255,171,93,105,110,84,70,85,71,68,132,239,248,248,221,91,111,112,109,108,89,94,83,63,83,119,104,102,99,129,108,109,78,52,61,103,94,112,83,87,85,90,107,94,89,99,95,118,132,84,81,156,239,252,249,238,238,251,247,248,248,248,245,248,248,248,244,246
179,96,66,80,88,64,83,52,96,80,59,73,68,90,106,108,139,113,126,114,109,118,117,77,163,192,67,61,99,70,91,113,73,52,46,68,148,143,140,125,172,79,98,46,68,67,34,34,53,61,100,227,215,145,134,109,85,190,220,63,78,62,80,74,48,114,113,94,132,138,252,177,124,130,117,94,134,130,90,56,69,185,248,248,241,101,108,79,87,76,93,87,81,70,58,103,102,131,102,128,92,105,110,104,81,70,100,110,115,80,85,103,90,107,61,67,87,85,111,101,113,93,116,126,151,241,253,226,250,251,248,246,248,248,248,248,199,224
180,89,121,77,50,113,59,90,153,126,81,104,119,133,112,99,147,99,103,106,93,101,103,117,110,80,82,95,96,103,98,101,88,81,43,86,72,129,128,122,121,170,81,73,83,106,160,113,77,51,59,73,187,207,204,142,125,164,250,92,46,54,69,95,86,78,87,90,107,114,239,193,117,77,61,145,231,107,93,77,78,154,250,248,251,138,124,126,73,89,91,75,68,70,70,71,121,106,89,91,102,77,104,80,80,76,110,112,118,102,108,93,212,205,216,224,218,207,183,168,182,190,191,188,205,215,141,126,121,166,250,234,248,248,248,248,246,245
181,95,83,70,118,76,110,87,84,73,82,112,66,73,65,81,91,112,112,106,106,94,109,102,110,131,95,102,98,107,78,98,98,91,74,69,82,93,115,123,125,56,95,119,66,64,47,81,96,91,53,63,64,172,248,247,145,163,250,153,107,110,109,107,95,120,99,93,80,92,221,183,138,121,96,227,147,99,109,94,69,175,237,248,251,149,77,70,90,92,69,65,68,86,84,101,94,108,107,95,91,105,126,74,83,89,86,95,108,110,90,95,152,179,189,193,194,183,188,206,228,242,244,247,248,248,248,250,249,247,244,207,248,244,250,248,248,248
182,87,90,77,53,72,72,83,126,122,83,103,84,65,55,100,110,98,127,106,58,121,106,66,111,99,126,116,92,116,60,52,91,92,93,79,78,92,59,94,81,66,98,122,41,87,69,96,66,71,68,61,61,78,159,248,250,227,251,187,128,109,113,122,120,100,115,77,79,58,224,160,121,113,173,228,187,88,75,67,60,156,174,249,249,172,117,87,90,86,94,99,83,97,81,133,117,92,101,102,93,83,81,102,83,99,105,98,89,96,94,88,111,97,93,90,117,134,170,217,222,243,244,243,244,248,248,246,246,244,245,230,248,244,238,212,214,245
183,43,43,77,68,89,102,122,91,124,81,99,84,78,70,102,107,81,93,124,121,124,86,73,129,90,84,115,100,92,78,111,79,71,89,97,92,93,72,66,57,104,92,126,73,72,62,121,96,118,122,89,58,44,82,205,249,246,250,138,87,77,92,119,102,105,138,100,85,75,212,120,99,117,221,201,96,89,117,94,61,50,88,211,248,225,94,93,88,95,83,73,73,106,96,89,75,83,115,73,92,90,90,137,112,87,99,93,83,105,112,90,73,68,78,96,104,141,105,93,78,92,140,147,199,235,246,220,192,199,191,203,207,249,248,183,194,248
184,72,98,106,98,95,132,114,87,111,89,120,181,98,82,100,90,104,91,97,110,119,71,77,132,109,59,114,117,99,89,71,75,83,99,80,73,72,61,85,133,80,84,113,122,106,89,118,105,63,52,53,47,65,48,142,192,231,247,244,95,77,75,69,170,99,117,117,98,86,189,113,78,153,223,120,100,105,79,64,73,64,69,123,250,251,138,84,67,76,82,79,79,92,76,78,85,94,82,105,77,97,83,97,116,107,77,75,75,83,96,83,71,96,84,87,82,110,88,125,131,115,91,96,107,109,110,127,120,145,145,188,167,245,248,248,248,167
185,255,255,255,255,255,255,255,255,255,255,255,255,255,255,255,255,255,255,255,255,255,255,255,255,255,255,255,255,255,255,255,255,255,255,255,255,255,255,255,255,255,255,255,255,255,255,255,255,255,255,255,255,255,255,255,255,255,255,255,255,255,255,255,255,255,255,255,255,255,255,255,255,255,255,255,255,255,255,255,255,255,255,255,255,255,255,255,255,255,255,255,255,255,255,255,255,255,255,255,255,255,255,255,255,255,255,255,255,255,255,255,255,255,255,255,255,255,255,255,255,255,255,255,255,255,255,255,255,255,255,255,255,255,255,255,255,255
186,255,255,255,255,255,255,255,255,255,255,255,255,255,255,255,255,255,255,255,255,255,255,255,255,255,255,255,255,255,255,255,255,255,255,255,255,255,255,255,255,255,255,255,255,255,255,255,255,255,255,255,255,255,255,255,255,255,255,255,255,255,255,255,255,255,255,255,255,255,255,255,255,255,255,255,255,255,255,255,255,255,255,255,255,255,255,255,255,255,255,255,255,255,255,255,255,255,255,255,255,255,255,255,255,255,255,255,255,255,255,255,255,255,255,255,255,255,255,255,255,255,255,255,255,255,255,255,255,255,255,255,255,255,255,255,255,255
187,255,255,255,255,255,255,255,255,255,255,255,255,255,255,255,255,255,255,255,255,255,255,255,255,255,255,255,255,255,255,255,255,255,255,255,255,255,255,255,255,255,255,255,255,255,255,255,255,255,255,255,255,255,255,255,255,255,255,255,255,255,255,255,255,255,255,255,255,255,255,255,255,255,255,255,255,255,255,255,255,255,255,255,255,255,255,255,255,255,255,255,255,255,255,255,255,255,255,255,255,255,255,255,255,255,255,255,255,255,255,255,255,255,255,255,255,255,255,255,255,255,255,255,255,255,255,255,255,255,255,255,255,255,255,255,255,255
188,255,255,255,255,255,255,255,255,255,255,255,255,255,255,255,255,255,255,255,255,255,255,255,255,255,255,255,255,255,255,255,255,255,255,255,255,255,255,255,255,255,255,255,255,255,255,255,255,255,255,255,255,255,255,255,255,255,255,255,255,255,255,255,255,255,255,255,255,255,255,255,255,255,255,255,255,255,255,255,255,255,255,255,255,255,255,255,255,255,255,255,255,255,255,255,255,255,255,255,255,255,255,255,255,255,255,255,255,255,255,255,255,255,255,255,255,255,255,255,255,255,255,255,255,255,255,255,255,255,255,255,255,255,255,255,255,255
189,255,255,255,255,255,255,255,255,255,255,255,255,255,255,255,255,255,255,255,255,255,255,255,255,255,255,255,255,255,255,255,255,255,255,255,255,255,255,255,255,255,255,255,255,255,255,255,255,255,255,255,255,255,255,255,255,255,255,255,255,255,255,255,255,255,255,255,255,255,255,255,255,255,255,255,255,255,255,255,255,255,255,255,255,255,255,255,255,255,255,255,255,255,255,255,255,255,255,255,255,255,255,255,255,255,255,255,255,255,255,255,255,255,255,255,255,255,255,255,255,255,255,255,255,255,255,255,255,255,255,255,255,255,255,255,255,255
190,255,255,255,255,255,255,255,255,255,255,255,255,255,255,255,255,255,255,255,255,255,255,255,255,255,255,255,255,255,255,255,255,255,255,255,255,255,255,255,255,255,255,255,255,255,255,255,255,255,255,255,255,255,255,255,255,255,255,255,255,255,255,255,255,255,255,255,255,255,255,255,255,255,255,255,255,255,255,255,255,255,255,255,255,255,255,255,255,255,255,255,255,255,255,255,255,255,255,255,255,255,255,255,255,255,255,255,255,255,255,255,255,255,255,255,255,255,255,255,255,255,255,255,255,255,255,255,255,255,255,255,255,255,255,255,255,255
