0,70,72,72,74,74,74,74,74,76,80,84,92,90,93,90,92,90,93,90,95,90,95,89,95,87,95,87,85,89,87,89,89,87,89,92,95,92,95,92,90,89,87,85,82,80,82,78,76,74,72,70,70,68,66,66,56,53,50,50,52,59,61,87,102,72,110,105,105,119,131,131,141,140,143,136,145,141,146,146,141,141,155,159,158,166,173,169,172,173,162,170,171,167,165,161,172,171,173,181,176,175,181,183,177,175,175,179,183,180,182,187,190,189,189,188,184,192,193,194,196,195,191,180,188,194,192,192,192,191,202,225,246,247,247,247,247,247
1,72,74,76,80,80,84,85,87,87,89,89,87,85,85,80,76,74,76,76,86,84,92,92,95,86,91,85,87,84,85,89,86,85,85,84,84,83,82,83,81,83,83,81,79,79,77,76,76,76,74,72,70,69,68,68,66,66,64,64,64,63,61,93,102,64,104,104,111,117,125,132,140,141,143,133,145,141,143,146,142,142,150,157,162,163,160,166,170,175,168,167,171,170,167,167,172,167,173,177,177,178,184,179,179,178,178,179,181,183,178,184,188,187,186,185,186,190,194,191,195,196,185,182,187,191,191,190,191,190,188,206,226,246,247,247,247,247
2,74,76,78,80,82,84,88,87,90,91,90,90,90,89,87,87,89,89,87,89,85,85,89,89,76,74,68,72,70,81,86,86,83,86,79,80,82,80,78,80,79,74,74,71,73,72,70,71,69,73,73,71,70,68,68,67,66,66,65,64,61,61,95,104,55,105,105,109,117,124,132,139,142,141,132,142,140,139,143,131,149,144,148,159,156,162,164,171,166,165,169,173,167,164,169,169,173,175,178,178,178,178,179,176,177,177,177,179,181,178,180,185,186,181,183,184,191,190,192,190,191,184,183,186,188,191,190,188,190,189,188,211,236,246,246,246,246
3,78,80,80,84,84,87,88,90,89,90,89,89,90,89,90,90,90,96,89,93,87,91,94,92,86,87,82,89,82,84,84,82,80,76,72,70,66,66,72,70,73,73,73,71,71,70,70,70,68,67,71,66,67,67,67,68,68,66,66,64,63,61,99,98,52,103,109,114,117,130,134,141,140,137,129,140,136,136,138,133,146,144,142,163,155,160,164,169,162,165,172,173,172,167,172,174,172,176,173,177,177,175,179,174,169,177,180,181,183,182,180,182,186,179,189,186,192,193,194,192,186,184,181,185,189,189,190,187,191,186,188,194,216,235,246,246,246
4,79,83,84,85,85,87,89,90,89,90,87,89,90,87,89,90,89,97,89,98,85,89,94,95,85,89,82,87,83,82,80,81,78,81,76,76,78,78,76,76,77,73,73,70,66,64,61,61,66,64,67,63,65,65,63,64,64,66,64,61,61,61,99,95,46,102,106,111,119,129,136,142,141,134,129,139,134,137,139,138,139,150,147,159,153,168,164,166,161,164,164,172,170,167,170,174,176,176,168,173,170,175,172,176,175,172,177,180,182,178,179,181,185,186,190,189,186,190,194,189,190,180,179,186,190,190,189,185,187,185,188,191,201,218,237,247,247
5,68,68,68,72,74,81,88,91,93,91,89,91,90,85,87,89,90,95,89,96,87,86,95,91,85,90,84,89,81,87,81,80,80,79,78,79,78,78,78,74,77,75,72,71,72,70,68,68,67,67,67,67,64,66,59,59,59,59,61,59,60,58,106,95,49,99,106,115,121,131,136,142,138,137,129,132,135,142,134,136,147,145,148,156,160,168,164,161,163,165,171,174,172,169,167,170,177,174,172,174,172,176,173,172,173,171,174,179,177,179,177,175,184,186,187,189,190,194,194,189,188,179,178,183,187,183,188,187,186,185,188,191,191,201,222,239,247
6,80,83,85,87,89,89,89,89,87,84,78,72,71,72,74,79,86,94,91,92,88,89,93,89,85,92,84,90,79,85,80,78,78,79,78,78,78,79,78,78,76,74,74,72,68,68,69,66,66,68,66,67,63,64,61,64,61,61,65,64,64,63,101,94,50,102,99,114,117,134,131,138,133,134,129,130,136,136,134,138,143,142,147,159,155,166,166,170,156,163,173,169,173,165,172,170,178,172,169,173,171,173,173,172,172,175,167,178,179,179,173,174,183,184,181,188,191,190,186,188,186,178,179,180,182,183,181,181,184,185,187,190,189,193,202,225,243
7,78,84,87,89,89,87,89,89,91,92,91,89,87,89,90,90,89,89,85,82,76,69,73,69,72,84,81,88,82,88,81,80,82,80,80,78,78,77,76,76,74,75,72,73,68,67,70,68,67,67,66,64,66,65,63,64,61,59,66,64,61,56,101,101,50,102,103,116,121,132,130,140,134,131,128,126,130,136,131,140,144,141,141,160,152,163,166,167,153,160,172,168,165,170,174,170,174,171,170,169,170,189,167,170,183,178,169,178,173,174,176,170,178,179,179,190,180,189,191,187,186,178,176,181,179,177,179,180,183,184,186,189,190,196,195,205,227
8,82,86,85,90,88,90,89,89,92,89,89,90,90,89,87,90,90,94,89,94,89,88,97,87,85,89,84,87,80,84,72,68,69,67,68,72,75,75,78,79,73,73,72,73,68,70,70,66,68,68,66,66,65,67,63,66,63,61,64,65,61,56,105,92,56,102,103,114,122,126,131,140,138,133,127,126,131,143,132,143,151,150,144,157,152,164,166,164,156,173,61,65,127,139,153,169,169,171,172,167,168,175,107,96,126,114,166,176,160,177,178,173,180,180,178,185,184,190,189,185,184,171,172,180,182,179,178,180,184,183,183,191,192,197,198,195,209
9,82,87,85,89,89,89,88,86,89,92,89,90,89,89,89,89,90,89,90,97,88,85,94,89,86,89,84,84,82,89,84,82,82,82,80,76,81,79,77,74,70,66,64,61,61,66,67,67,65,67,65,64,64,65,64,66,64,61,64,61,60,58,96,92,59,102,106,114,120,131,133,142,137,135,130,125,133,143,134,142,147,149,144,156,157,163,159,162,161,183,102,180,198,190,189,135,87,166,188,114,133,102,106,152,184,152,215,219,204,175,174,177,180,178,182,181,187,187,186,183,185,173,167,174,177,177,174,179,181,184,187,191,194,196,196,196,193
10,81,85,87,83,89,88,88,89,87,92,85,90,90,89,89,90,87,129,132,198,140,156,161,148,98,88,83,79,83,90,84,82,81,81,84,77,76,76,76,81,84,71,68,70,67,68,70,69,69,66,64,61,59,59,56,61,59,60,65,60,60,55,99,93,66,101,106,115,118,131,129,135,138,132,132,125,135,145,140,141,149,149,147,152,159,155,157,161,161,183,116,199,229,229,205,168,116,221,139,132,132,184,47,102,205,210,192,236,202,213,172,179,182,180,182,178,186,185,189,183,182,174,172,174,176,173,175,184,181,185,189,191,194,196,198,198,195
11,92,87,87,83,82,79,77,73,75,82,84,88,88,96,125,117,193,157,184,189,211,197,196,196,197,127,139,152,154,121,89,120,133,201,169,205,192,146,150,142,103,174,118,139,86,81,72,73,69,66,66,63,68,84,61,64,61,63,65,66,64,53,97,102,72,98,106,114,125,128,128,135,134,130,127,125,138,146,136,136,155,149,151,155,159,158,157,163,160,181,159,235,212,210,214,205,200,160,137,188,159,224,127,185,198,231,220,228,224,220,217,175,178,177,177,178,188,186,188,180,182,174,172,173,174,174,180,179,182,188,191,194,195,194,198,196,195
12,93,91,87,84,85,90,92,91,89,90,89,92,104,240,184,169,218,202,226,229,211,154,126,163,90,109,115,170,166,202,158,196,174,214,191,223,203,198,205,192,205,210,178,183,175,183,170,126,92,101,84,103,153,109,84,84,76,72,63,66,68,86,105,110,80,103,102,114,127,129,122,134,132,125,125,125,142,143,132,136,151,139,150,154,159,157,133,52,33,38,34,28,33,60,182,170,177,166,150,81,87,220,210,192,212,213,206,198,212,223,191,173,178,176,180,181,187,188,184,182,182,172,170,175,179,178,183,178,181,189,190,192,196,196,198,197,196
13,97,91,87,81,85,89,88,89,106,97,140,154,102,176,210,221,217,195,213,208,159,186,157,129,88,148,88,84,163,139,134,192,202,186,195,188,208,218,211,201,142,163,180,196,160,152,180,144,155,159,185,135,131,133,137,127,121,141,98,126,164,164,135,142,129,137,145,134,128,127,124,135,130,125,129,130,141,144,132,129,143,149,149,149,151,159,35,34,35,45,35,45,21,27,37,71,172,111,118,56,91,120,223,183,195,213,201,194,217,212,216,227,176,175,180,180,186,189,166,184,182,178,175,178,179,182,181,181,184,188,191,193,192,192,199,199,198
14,91,88,82,82,84,92,93,104,75,174,151,204,204,187,219,211,165,181,209,134,93,191,96,74,73,46,70,106,147,145,201,134,201,213,158,134,186,161,164,222,212,202,204,197,144,168,118,127,130,174,158,139,144,155,118,102,102,126,97,160,175,155,130,127,124,104,97,161,151,165,157,139,131,127,127,124,141,146,127,126,146,152,151,144,150,141,34,28,39,38,28,27,34,33,34,34,62,111,82,67,74,52,190,208,208,190,223,242,233,226,199,215,230,219,177,180,186,185,173,184,184,178,176,167,178,181,179,183,185,188,190,193,195,195,199,198,196
15,88,84,82,81,84,92,135,153,215,194,172,208,204,216,196,154,214,185,137,136,150,90,97,50,46,44,68,54,148,120,174,140,200,185,113,118,82,163,197,139,91,121,159,188,152,49,112,172,215,187,169,68,171,164,154,131,163,142,96,181,154,182,202,184,53,52,125,118,171,128,105,140,160,122,144,126,143,143,128,125,149,151,151,149,147,127,43,39,39,28,29,26,28,28,28,28,46,61,39,53,56,50,137,210,173,203,240,247,208,83,168,174,217,231,215,180,184,183,181,182,185,177,177,171,180,183,178,180,184,187,191,193,195,196,199,199,197
16,76,74,71,87,121,155,137,77,76,197,197,179,199,161,152,163,180,183,114,131,102,99,84,48,56,59,86,51,143,119,184,188,152,193,163,137,77,179,129,143,138,157,146,199,165,137,184,198,171,187,173,170,178,186,127,171,119,215,177,192,182,209,189,184,103,155,163,159,41,134,157,43,132,96,67,123,143,140,131,135,148,153,144,147,147,172,46,41,42,34,26,63,34,44,28,28,34,52,59,55,50,57,52,100,126,187,250,202,170,78,67,70,71,206,226,197,182,184,182,182,183,174,175,174,178,180,180,183,184,189,189,190,194,198,197,196,197
17,92,88,163,171,125,161,127,103,184,197,165,166,189,136,180,126,159,139,133,189,136,139,67,46,58,46,59,76,76,92,131,88,155,116,107,117,63,77,121,154,150,127,180,199,152,127,195,202,146,154,116,156,152,111,132,167,212,195,203,209,204,222,217,192,158,142,119,113,119,130,143,94,79,84,84,85,140,138,129,137,140,149,150,150,157,167,100,45,43,34,21,62,61,49,38,22,34,48,45,53,33,43,56,45,120,183,190,183,82,83,85,100,70,51,191,226,178,184,186,184,184,179,177,178,178,175,180,180,182,188,184,192,194,196,197,199,197
18,100,198,175,175,107,125,176,187,196,194,139,192,137,114,134,151,133,77,147,131,106,88,90,46,24,44,39,71,75,89,91,146,108,93,104,104,84,165,74,152,155,205,174,157,188,209,177,153,65,198,178,110,125,174,105,213,210,183,205,208,212,207,183,184,144,129,107,130,121,115,119,53,67,70,88,70,112,141,142,165,184,200,211,194,185,152,135,54,46,38,69,90,77,47,34,34,34,32,38,59,32,44,52,62,63,162,181,168,72,84,99,115,119,59,127,224,220,181,185,184,184,177,180,177,178,176,177,182,185,186,190,193,191,196,199,199,195
19,185,182,175,136,129,203,178,184,182,125,128,161,140,122,104,143,136,97,96,135,106,92,68,65,46,40,29,55,28,39,73,120,142,108,107,107,114,175,158,146,184,176,172,175,203,193,135,128,166,188,157,108,87,164,219,187,139,204,198,216,208,179,175,177,112,104,103,113,129,129,57,50,74,89,83,120,93,76,130,186,205,197,197,186,157,178,136,119,46,88,110,114,92,34,51,38,34,32,34,68,32,46,43,45,63,153,79,66,64,73,78,92,123,92,44,137,226,209,185,184,182,175,176,173,180,176,179,181,185,189,191,189,191,192,196,195,194
20,190,184,198,167,203,191,175,144,126,147,130,100,53,110,143,82,58,65,92,111,90,41,50,54,56,30,28,34,30,46,28,54,69,71,67,105,150,187,174,168,157,185,205,169,159,101,140,134,147,143,197,93,228,206,188,199,155,190,202,194,174,138,144,178,132,96,101,117,90,98,108,63,61,71,99,86,66,89,143,189,208,178,174,165,113,120,142,123,117,154,115,109,111,116,74,62,46,34,49,66,29,46,39,34,68,153,44,82,58,107,69,48,100,129,36,87,166,234,185,186,182,178,180,179,178,172,178,180,186,189,187,189,192,192,192,197,194
21,191,198,204,190,201,210,205,173,171,157,101,108,93,104,113,72,53,45,79,134,155,21,91,42,68,46,36,28,41,30,35,39,57,75,130,142,201,180,143,195,152,176,216,140,145,184,92,128,122,145,112,202,210,187,164,190,124,207,185,173,157,156,130,139,137,110,102,118,90,115,89,81,75,76,81,80,132,107,110,174,163,158,145,144,112,95,140,158,118,132,99,118,138,162,136,114,145,88,61,39,46,48,43,29,100,159,61,101,47,65,37,65,80,134,65,39,94,218,194,184,181,176,175,178,172,172,174,180,183,188,184,192,193,194,194,199,198
22,198,188,209,201,213,201,191,156,119,133,102,100,88,83,105,48,46,44,81,134,163,41,170,36,53,46,28,34,40,35,43,40,43,60,169,159,192,183,134,140,202,189,152,166,178,167,75,92,131,97,179,202,178,180,175,162,186,159,162,177,147,165,134,118,113,126,86,92,88,87,96,71,86,100,95,74,82,72,77,155,146,125,147,114,102,119,130,123,141,173,133,130,132,149,135,107,109,64,69,56,54,52,43,40,79,83,71,87,98,63,71,75,76,113,75,39,75,95,219,198,179,176,174,175,177,175,178,181,182,187,184,186,193,194,193,197,197
23,203,192,217,224,224,225,203,166,67,95,73,51,56,67,75,88,66,59,62,129,113,98,90,40,46,49,16,29,30,48,43,50,53,79,181,188,130,155,153,161,159,151,125,151,157,141,79,173,136,168,171,197,145,186,156,174,122,146,151,165,134,168,155,113,133,118,120,142,63,78,89,65,56,102,80,67,97,74,150,107,139,146,148,114,109,121,126,106,164,167,161,103,155,112,153,100,58,48,78,101,89,86,64,63,150,79,56,81,96,119,114,115,121,92,60,50,54,88,106,206,187,172,178,175,175,175,179,183,184,183,187,190,192,195,192,199,198
24,202,175,188,242,223,223,186,62,177,53,66,60,54,65,42,59,51,44,32,132,129,144,110,58,59,36,22,35,36,30,52,57,69,136,189,170,105,183,164,169,152,139,160,184,130,156,169,158,131,195,144,154,131,153,154,136,149,173,163,145,170,153,132,132,138,102,162,129,71,59,64,73,69,90,74,75,109,65,115,92,108,146,107,106,120,78,114,131,176,152,167,149,151,94,101,131,64,42,96,100,94,87,95,78,242,201,99,73,71,82,85,83,97,81,64,51,54,62,62,56,137,184,175,174,178,178,180,181,183,189,192,190,194,194,198,196,200
25,184,213,193,230,223,212,151,166,89,67,63,57,45,46,42,36,52,46,39,140,198,153,174,92,66,44,29,34,36,43,59,94,150,180,156,132,186,187,153,193,118,116,132,172,140,183,128,152,137,168,169,169,83,162,161,153,144,126,103,170,151,105,147,117,129,136,147,101,79,121,48,57,73,71,76,84,80,109,61,81,83,101,66,113,113,89,99,142,204,177,146,140,118,88,49,127,55,45,158,167,89,103,76,102,252,201,193,54,60,57,59,68,71,70,67,56,42,60,46,56,53,73,181,173,180,178,180,178,184,190,189,188,194,190,197,195,198
26,185,212,181,232,219,215,177,178,107,56,87,92,76,95,62,41,53,47,39,157,181,209,165,95,52,45,24,28,37,49,93,119,184,142,142,177,168,188,178,175,107,159,162,166,139,149,116,141,117,170,108,114,111,96,122,120,143,111,108,198,167,160,135,104,123,108,112,87,85,91,70,98,96,63,65,77,97,95,71,104,79,93,83,79,66,99,78,183,171,174,155,120,116,89,53,68,39,119,183,172,99,88,83,212,231,204,157,63,57,53,55,62,58,62,72,53,54,54,53,52,50,48,44,173,179,179,179,184,180,189,192,192,192,184,197,194,194
27,208,215,162,211,207,202,189,190,129,72,164,92,139,59,40,45,52,47,32,78,179,206,109,24,47,50,37,37,37,44,72,183,148,176,174,151,196,162,170,164,172,163,163,103,151,140,155,153,128,103,87,114,143,108,102,116,143,118,163,144,126,165,133,130,106,91,104,78,64,105,75,125,95,75,52,41,84,78,56,118,88,115,115,55,53,65,167,191,164,172,123,136,121,86,65,48,39,191,169,137,95,114,199,244,226,203,161,67,60,59,56,58,58,62,72,47,43,50,51,48,40,40,41,44,188,180,177,184,187,187,192,192,183,190,195,192,189
28,193,158,164,168,210,212,198,211,171,146,181,63,133,71,83,61,45,32,36,48,203,186,47,100,88,53,32,40,34,53,79,204,138,117,176,153,150,176,207,139,152,152,150,50,171,172,142,171,115,122,79,125,88,99,124,114,150,136,116,112,149,123,140,80,85,129,104,110,143,128,44,71,43,46,37,57,81,62,56,115,95,98,96,61,50,116,164,170,164,152,143,138,104,95,62,45,37,225,176,128,215,224,231,249,213,207,170,55,53,53,53,59,58,60,56,50,42,56,45,43,43,40,40,41,158,187,180,185,189,186,186,191,186,187,197,195,187
29,205,157,147,179,211,210,219,213,220,134,187,70,120,84,65,72,60,43,60,46,113,126,103,200,26,35,37,48,47,50,132,147,177,198,183,184,111,189,144,184,130,131,128,111,182,180,157,150,148,150,120,159,115,92,121,114,122,150,91,164,144,139,124,93,112,136,106,136,143,101,48,69,65,60,44,49,71,63,47,114,85,90,61,65,89,147,143,136,154,144,153,139,99,102,50,43,44,230,153,134,237,208,249,233,175,198,125,54,50,51,45,56,52,53,53,48,55,48,39,45,43,43,43,43,116,139,186,182,191,190,185,188,190,189,195,189,197
30,198,205,117,182,206,203,215,219,196,193,157,90,80,143,69,61,37,36,50,57,60,200,164,229,48,50,42,39,46,47,192,188,151,200,138,180,198,179,133,165,166,174,134,165,193,168,148,184,161,166,142,175,161,126,145,134,159,114,91,162,178,149,140,126,127,81,156,157,80,87,60,79,47,36,47,41,94,64,38,105,50,78,90,104,132,136,183,147,109,116,143,119,106,80,51,45,65,220,144,190,244,194,234,225,174,205,151,80,56,50,45,55,50,58,58,53,53,53,43,39,40,50,45,48,96,169,168,185,187,188,190,184,190,186,194,190,199
31,186,201,154,170,171,194,211,233,214,185,203,115,79,108,76,61,53,52,31,56,48,192,216,217,100,57,49,45,45,70,197,160,211,162,174,172,175,154,194,147,180,134,157,169,172,144,86,193,163,166,155,170,128,167,136,144,144,104,114,145,169,165,136,154,95,119,116,170,57,120,64,62,56,29,39,35,65,66,69,85,87,75,93,107,105,129,153,156,133,123,138,131,91,83,63,54,72,211,165,189,237,204,197,209,177,194,179,153,59,58,51,43,58,60,46,61,80,77,52,37,48,54,55,50,86,161,160,183,182,184,189,181,188,188,193,194,197
32,193,209,181,113,133,203,225,213,214,197,184,174,72,91,57,65,62,74,43,64,47,144,206,227,96,53,54,51,49,143,173,177,190,208,191,185,172,188,180,180,149,154,177,147,172,130,165,198,119,172,189,131,184,151,120,105,167,105,118,141,169,157,171,136,169,108,88,170,155,136,90,85,54,34,40,34,42,35,66,88,84,110,94,114,148,141,149,156,153,123,123,122,67,95,69,87,92,215,166,176,238,247,188,206,185,180,178,172,153,66,48,43,48,47,59,50,62,68,60,48,52,61,58,55,57,168,151,204,190,186,188,185,186,187,188,193,197
33,195,209,175,182,169,206,220,224,225,189,167,155,77,101,109,51,63,69,42,60,50,84,187,219,157,50,56,60,64,189,178,214,135,188,192,196,186,168,194,182,164,131,162,164,132,153,155,172,127,151,195,115,165,140,132,214,239,119,162,184,143,151,160,145,166,136,124,134,137,98,99,83,102,47,41,39,28,21,46,43,110,120,137,120,145,180,153,126,157,116,121,108,50,59,84,103,158,200,138,158,247,249,190,190,193,170,170,181,183,171,105,59,57,49,53,53,69,55,58,56,57,65,59,57,53,86,68,157,196,183,185,188,185,186,186,192,194
34,168,194,173,168,135,188,226,223,207,208,172,167,123,159,70,60,64,48,54,50,51,69,194,180,140,80,61,50,121,150,192,206,194,194,192,193,171,183,178,180,166,160,149,157,156,181,179,137,172,186,142,163,147,139,195,246,155,118,178,159,167,167,156,173,159,144,149,115,111,57,86,35,65,35,59,39,25,21,39,26,113,101,123,124,161,192,152,134,167,88,84,79,57,58,78,153,146,125,142,251,247,234,185,184,173,168,176,159,176,179,171,140,80,61,66,70,68,51,60,57,60,59,58,59,55,159,99,95,183,185,184,188,185,188,187,189,190
35,194,195,178,125,128,180,212,215,187,204,143,79,171,169,125,50,76,51,52,48,58,67,215,165,174,54,98,89,94,103,176,213,209,201,208,195,198,177,177,191,172,153,173,165,170,176,156,139,149,173,117,144,145,180,212,195,80,144,190,173,154,141,175,173,170,168,150,111,69,43,81,45,28,44,43,28,28,31,33,21,82,133,110,146,194,185,152,160,162,119,56,53,61,69,102,150,97,133,219,247,247,202,187,169,148,173,161,137,134,153,160,177,174,114,66,61,67,59,64,67,66,62,59,64,123,167,185,153,178,179,181,186,186,186,193,186,187
36,185,205,191,78,117,157,206,217,114,214,187,140,156,88,154,52,55,78,47,43,51,56,199,145,157,47,127,102,84,61,202,208,207,212,192,201,173,186,187,181,183,154,170,171,168,183,131,86,170,150,135,183,139,137,159,93,122,150,191,168,163,127,175,186,191,139,147,86,64,53,80,59,37,54,37,28,25,34,37,30,65,117,166,166,199,182,171,178,160,97,47,48,57,66,67,134,147,151,250,242,219,216,188,166,133,136,157,170,169,143,150,130,143,128,110,102,102,109,94,76,70,65,62,71,180,172,144,181,175,178,179,185,186,183,190,188,186
37,122,207,161,127,133,161,212,188,164,215,187,202,85,117,152,72,87,94,55,50,52,69,204,178,112,115,151,101,82,67,193,184,208,207,205,196,194,184,161,192,188,155,173,175,184,141,153,135,146,143,118,181,169,152,129,126,78,183,199,167,153,137,151,180,193,170,163,126,129,73,44,51,51,53,40,40,34,39,31,44,48,105,184,187,179,177,191,162,149,74,34,44,61,57,89,129,152,124,251,228,208,205,198,170,167,167,143,158,171,148,151,142,144,148,140,158,142,125,101,103,75,54,64,123,154,176,169,177,175,179,178,184,186,178,187,191,186
38,173,205,135,131,184,186,223,203,194,197,203,170,97,100,115,123,102,66,73,44,46,121,196,192,137,79,127,82,112,79,149,210,207,137,202,191,166,162,168,160,149,161,172,176,180,124,138,95,151,179,126,136,140,124,112,122,100,202,175,180,165,158,154,162,176,169,164,114,61,61,45,47,51,56,48,45,44,28,34,56,57,96,166,170,185,153,186,84,110,66,35,50,56,74,105,149,100,119,232,209,229,210,187,188,184,176,163,157,151,164,170,176,171,171,172,146,137,127,107,130,140,137,160,157,171,184,175,176,170,176,175,181,184,178,186,187,185
39,170,196,195,150,164,182,210,203,184,162,152,106,134,152,88,73,80,55,54,39,52,162,190,202,177,170,142,116,126,100,132,203,219,173,177,163,169,176,161,138,165,156,174,147,168,148,156,125,181,182,108,96,128,135,114,62,72,206,198,166,170,175,162,148,137,161,157,83,116,68,53,49,57,49,47,47,38,37,39,52,54,100,172,151,173,143,157,75,73,60,51,51,60,84,147,84,62,180,163,169,199,193,194,196,184,178,179,178,174,161,163,160,146,144,161,152,177,179,179,179,169,155,170,173,173,175,176,178,178,180,179,181,178,183,186,184,185
40,159,178,142,165,170,184,197,201,202,152,113,111,168,139,93,67,65,71,71,54,73,167,182,176,159,187,161,115,158,104,126,165,157,196,188,200,173,179,163,121,191,77,160,142,170,134,153,160,166,142,108,104,118,158,167,86,81,193,203,150,150,169,159,140,148,195,157,141,113,128,83,55,59,61,56,54,51,49,44,39,56,97,149,142,140,135,120,69,66,60,59,62,105,114,103,62,52,123,185,200,200,194,190,198,193,189,193,187,187,186,178,176,170,169,172,177,180,176,173,177,175,175,173,171,170,173,180,182,177,184,182,182,177,183,185,183,180
41,166,200,156,192,198,192,155,175,174,108,93,102,115,104,147,64,64,74,51,61,114,129,184,192,152,116,148,149,134,98,143,120,196,208,188,170,160,180,124,138,207,158,165,126,150,105,163,181,182,150,82,105,92,104,164,112,85,202,191,183,163,176,168,149,156,161,191,169,145,139,97,78,54,64,57,57,52,50,58,44,52,84,85,101,126,163,54,67,62,74,102,92,106,90,63,48,48,181,203,201,203,198,202,189,176,182,175,170,172,164,162,161,165,169,173,176,180,175,171,175,173,175,172,172,172,176,181,182,180,185,183,180,178,183,182,180,178
42,145,199,183,197,195,171,188,122,89,78,77,111,106,120,138,75,81,61,47,51,177,155,154,219,176,144,169,133,119,166,165,100,169,189,172,150,118,190,174,128,182,126,129,134,131,128,149,181,160,159,45,92,125,110,154,138,72,204,210,191,182,167,135,161,141,143,176,173,156,146,104,66,61,67,58,58,55,50,51,52,66,66,53,68,80,79,56,65,96,162,162,99,58,56,51,56,73,204,196,183,173,175,174,166,167,169,166,168,171,165,162,168,169,167,171,175,177,173,175,174,169,175,175,171,177,175,178,180,177,183,179,178,178,182,183,181,171
43,198,200,200,196,179,158,145,122,110,45,46,70,102,126,193,143,116,113,63,58,186,184,135,203,191,148,198,128,153,137,173,168,131,141,154,165,160,170,165,151,169,128,114,108,150,140,78,141,156,130,50,105,128,89,85,115,128,208,191,203,197,161,143,140,144,188,153,148,112,133,90,56,64,67,64,66,54,53,59,51,60,56,54,59,44,41,53,102,151,164,118,76,47,54,56,56,138,193,170,165,162,164,168,165,164,169,165,165,167,164,167,172,170,172,173,172,175,177,175,173,171,169,171,172,174,174,177,179,178,177,181,180,180,181,182,178,171
44,173,200,194,180,203,194,144,139,40,56,77,43,161,131,210,214,180,183,62,93,161,207,147,188,181,196,152,166,167,144,181,184,170,172,179,175,176,163,206,183,160,117,126,111,132,102,99,147,152,121,97,129,152,72,67,57,144,212,203,200,194,187,169,170,145,192,155,126,120,113,65,57,66,65,64,61,53,50,50,44,62,42,44,46,31,34,66,93,136,104,70,53,47,68,57,52,166,156,161,160,166,166,163,169,162,166,167,164,162,162,170,171,168,169,170,172,174,177,166,173,171,174,167,169,175,175,177,173,175,179,183,179,179,181,178,177,170
45,176,212,206,186,164,136,152,89,64,58,89,60,79,203,182,199,212,181,95,171,200,212,186,155,105,167,174,171,170,97,182,181,172,184,175,171,168,143,193,197,134,116,173,141,111,129,87,138,151,124,101,154,156,138,109,102,114,206,206,184,181,183,132,136,142,197,185,110,81,89,61,61,64,70,64,56,48,50,52,43,51,34,41,36,24,41,48,70,70,58,55,54,77,66,60,160,165,154,158,156,159,166,163,164,162,163,157,159,160,161,168,170,164,167,170,175,173,174,167,168,171,172,170,170,176,179,176,178,176,178,182,177,176,179,179,174,173
46,185,188,182,168,171,137,107,118,59,46,54,60,90,189,188,179,222,208,191,215,191,212,176,191,119,191,147,183,159,128,142,195,163,209,152,173,128,148,176,138,97,163,130,143,154,96,73,79,150,133,101,142,124,122,98,107,199,192,197,194,181,192,134,115,163,190,178,135,70,60,63,64,71,70,57,51,51,48,44,38,47,30,34,31,42,47,57,75,70,55,59,86,70,74,165,162,163,151,154,156,159,164,165,164,165,163,160,161,156,162,164,165,164,170,168,169,170,170,162,163,167,171,169,167,174,177,180,178,176,178,179,172,177,171,176,175,174
47,182,212,201,184,179,109,108,68,43,50,56,54,71,187,155,198,217,186,169,205,213,209,174,182,107,153,169,203,190,136,123,185,144,190,132,177,132,121,136,147,145,157,182,146,73,72,67,98,133,114,84,118,130,69,114,162,215,190,208,197,196,131,162,126,129,187,180,144,81,58,67,66,73,64,51,44,54,39,44,34,28,21,31,36,39,61,61,71,59,66,83,77,96,155,147,159,158,150,152,151,156,162,165,163,165,158,159,161,162,163,165,160,166,169,167,171,168,166,165,166,167,170,170,169,173,172,174,175,171,173,174,172,170,170,174,174,171
48,185,211,202,190,127,111,122,60,50,53,56,51,74,173,164,185,167,208,164,134,251,203,193,199,128,171,170,160,164,143,177,170,155,160,159,177,174,118,136,114,134,163,152,146,146,121,105,98,114,83,99,94,87,60,95,202,191,182,202,193,174,150,176,153,98,148,162,145,69,53,70,74,74,59,48,49,40,38,34,24,28,28,34,39,47,54,61,54,66,74,66,74,153,152,143,163,158,158,150,154,156,162,165,164,157,161,163,162,163,160,160,163,165,167,160,169,166,172,170,167,169,165,171,169,170,170,171,172,172,170,171,172,169,170,170,171,168
49,215,195,209,173,133,116,107,97,74,67,62,105,174,157,194,149,205,242,220,136,214,249,126,231,181,154,194,138,111,109,161,169,100,164,155,163,201,157,172,107,99,69,93,121,102,106,119,85,137,66,102,54,75,80,97,206,190,181,206,183,174,169,158,111,117,136,99,132,55,59,68,76,73,59,48,43,48,36,28,28,28,31,36,34,51,51,51,56,76,57,83,157,146,148,139,160,161,155,149,153,155,163,165,159,160,157,160,159,160,156,156,161,165,161,160,168,166,164,169,169,167,166,168,165,171,172,170,169,167,171,174,173,170,170,171,171,165
50,201,215,189,209,125,127,124,49,74,111,134,164,165,179,165,158,202,245,236,179,143,229,232,223,186,137,201,176,105,144,128,146,85,148,186,155,183,183,196,145,106,109,100,119,132,124,98,101,142,75,93,55,44,117,157,202,162,180,213,166,172,151,121,117,66,101,93,112,76,60,63,81,72,61,49,36,44,34,30,28,34,34,36,39,51,44,51,68,73,84,152,146,151,150,141,157,155,153,143,156,154,154,156,156,152,157,161,159,153,154,153,158,160,157,160,164,164,165,169,167,165,167,169,165,172,169,172,169,166,174,170,167,165,166,168,169,162
51,185,215,205,191,127,135,94,49,92,166,182,169,159,161,150,121,209,236,235,211,162,201,229,212,225,84,207,187,180,90,122,148,110,157,163,133,168,164,149,109,140,128,119,127,97,135,106,106,114,53,63,61,115,130,206,177,166,182,174,170,193,169,138,85,84,75,89,82,70,69,73,69,80,69,56,38,46,39,28,34,34,36,28,48,46,46,54,61,51,139,144,144,147,147,145,154,152,147,141,152,148,149,147,150,148,154,152,152,151,154,153,154,154,159,160,159,161,162,162,158,164,165,168,167,169,171,169,167,169,171,169,165,168,168,167,164,164
52,212,213,199,164,154,138,53,51,102,145,208,187,176,161,134,81,206,242,227,229,204,162,197,249,209,197,220,200,214,204,88,164,125,80,140,149,159,128,85,92,81,150,157,135,111,126,111,99,82,68,58,54,89,121,212,178,122,201,163,172,164,128,122,79,86,75,73,53,64,64,57,107,84,62,52,55,44,36,31,43,39,34,36,46,46,54,50,50,108,142,144,141,150,143,151,146,146,145,143,149,144,147,143,147,148,150,150,153,157,152,148,152,151,142,158,159,159,157,161,155,161,160,165,166,169,168,170,169,166,171,167,165,167,164,167,164,162
53,199,200,188,140,105,98,69,132,148,152,208,184,166,153,54,146,181,237,223,225,216,177,180,214,244,233,159,176,213,166,165,146,159,141,120,189,164,110,103,74,92,107,126,122,115,96,93,86,89,63,66,84,97,173,199,167,114,206,172,165,172,112,139,68,81,94,96,80,63,61,105,75,72,68,55,46,51,48,48,48,46,41,39,42,51,52,46,78,135,135,137,139,138,140,143,141,141,142,139,149,144,145,140,141,146,145,147,151,152,146,153,152,149,156,155,160,157,160,158,154,157,162,165,159,164,163,164,170,167,165,165,167,167,166,164,167,162
54,209,207,189,138,117,89,132,182,160,166,180,174,151,85,81,88,171,228,217,208,221,190,137,191,241,232,184,193,161,181,152,183,180,95,168,197,106,122,124,84,83,107,106,94,153,132,76,84,78,79,104,111,158,190,191,130,143,201,214,155,186,106,73,73,72,61,72,56,46,66,58,82,69,74,61,60,77,66,62,51,52,58,41,43,44,47,48,126,128,133,135,132,137,144,136,128,141,132,143,148,146,142,141,144,143,146,144,153,149,142,154,147,150,156,155,156,157,156,157,156,157,159,160,161,161,162,160,161,167,163,165,168,167,167,160,162,161
55,207,227,210,183,125,163,180,170,172,165,163,152,91,60,63,123,143,230,238,187,195,175,107,106,179,198,200,166,159,144,176,186,176,175,155,155,168,124,120,107,91,111,82,83,104,131,106,92,144,166,194,160,155,191,194,184,130,204,209,184,164,113,103,73,73,92,89,72,69,69,60,74,80,77,68,79,81,76,63,61,60,47,39,41,48,38,119,123,129,133,136,131,134,140,138,129,137,131,135,137,137,135,139,149,144,145,144,149,145,143,145,149,150,152,150,156,155,151,156,151,155,160,159,158,157,160,157,163,164,164,169,167,165,166,165,158,161
56,171,225,202,210,230,214,172,171,153,151,144,108,24,51,53,93,146,234,228,247,182,142,120,87,81,128,143,220,209,185,153,149,181,149,125,188,183,104,78,95,109,63,98,100,88,130,111,143,193,207,149,154,126,130,194,190,156,217,207,188,152,111,110,76,61,96,64,82,69,65,56,78,81,79,87,82,90,83,73,70,58,39,40,42,39,114,123,127,136,134,134,131,132,132,139,136,135,131,135,137,130,134,139,141,138,141,141,143,148,147,144,143,146,148,149,152,157,148,155,151,155,159,153,157,160,162,150,164,163,162,165,170,165,165,167,155,160
57,178,210,195,246,220,210,171,170,149,152,137,37,24,57,59,98,98,218,224,234,135,125,121,85,83,72,84,139,210,196,141,120,157,163,171,161,195,166,120,110,80,86,96,75,110,85,120,182,180,135,100,117,147,126,182,150,173,213,218,214,182,109,178,70,78,67,89,78,82,53,90,87,86,88,93,84,89,79,102,84,105,73,41,40,118,125,125,127,138,139,133,132,127,131,137,139,136,131,132,132,130,128,139,137,137,137,139,140,144,146,142,140,142,144,150,152,151,147,154,153,153,154,159,154,161,162,154,161,164,160,164,162,162,163,157,157,162
58,187,220,245,246,210,178,163,150,150,157,56,24,24,61,53,68,127,138,252,224,159,105,114,88,90,66,66,72,123,164,191,177,168,179,169,159,159,155,147,163,158,129,106,105,104,152,171,155,145,152,143,120,129,129,168,148,159,202,226,180,197,138,148,60,83,86,79,102,80,51,80,101,90,85,85,77,76,81,140,174,182,175,103,124,129,125,124,125,138,142,133,134,130,132,135,144,139,128,133,127,129,127,136,132,134,132,136,135,135,138,139,136,141,145,144,147,145,144,148,147,150,152,153,164,157,152,153,153,162,163,159,159,159,162,151,158,160
59,206,234,248,247,221,149,174,149,153,112,21,28,35,40,49,61,109,190,237,177,118,108,98,85,100,64,64,64,68,109,176,176,183,207,174,181,183,199,149,160,167,168,169,153,156,142,155,161,166,153,145,145,149,131,145,179,185,204,227,200,199,158,111,74,78,75,70,109,70,75,97,76,76,74,76,73,70,141,159,175,192,188,132,134,128,127,115,125,133,138,133,131,129,131,132,139,135,128,127,124,129,128,136,132,129,129,134,128,128,137,135,139,139,144,143,144,142,144,145,142,145,152,149,164,152,151,153,149,157,163,157,154,155,156,154,159,158
60,220,248,246,247,237,175,176,157,160,30,28,28,36,51,31,43,167,130,149,188,113,124,98,85,79,66,65,65,66,72,131,148,168,173,203,176,209,188,195,165,171,178,150,111,124,147,160,141,159,154,162,161,158,120,106,181,174,198,219,209,146,132,77,65,63,68,76,83,95,87,81,78,69,78,86,110,110,150,165,181,185,146,128,133,130,126,131,122,136,131,134,129,129,130,132,129,130,125,128,122,127,127,131,130,121,121,127,127,129,136,136,135,133,136,141,141,139,136,139,138,137,145,140,151,151,151,152,151,156,156,153,152,152,150,150,155,156
61,218,248,246,243,203,169,173,156,151,34,31,28,53,41,32,53,180,160,145,187,118,108,109,104,71,67,66,66,65,66,70,163,160,131,132,118,108,197,211,173,183,190,91,102,114,129,151,124,129,116,133,115,126,90,100,114,149,217,214,216,171,123,77,61,63,67,66,80,118,85,133,131,125,119,146,154,148,161,172,187,144,121,130,130,131,126,131,127,127,131,132,129,130,125,131,119,129,125,124,124,122,123,130,123,119,125,126,128,129,132,133,136,127,131,138,139,141,140,133,129,135,138,139,143,146,143,151,137,151,150,151,149,150,146,154,153,157
62,239,246,248,222,184,173,168,145,91,37,34,25,53,81,34,64,209,160,121,134,100,99,127,105,101,60,58,58,58,58,59,94,103,124,113,96,64,95,128,85,129,170,66,83,77,78,82,75,82,72,67,64,61,63,56,53,106,226,224,214,196,140,104,93,49,57,64,90,110,118,132,139,145,137,150,136,154,178,181,181,113,119,129,135,129,125,129,127,124,132,132,130,129,126,124,123,124,124,123,123,124,124,127,119,120,125,124,125,125,126,128,132,129,128,134,137,135,139,132,132,135,131,135,140,144,141,144,147,149,151,149,149,140,149,151,153,154
63,242,243,248,226,198,163,140,154,41,39,28,45,100,67,25,84,170,116,131,155,107,99,125,125,64,62,61,61,61,56,72,66,76,113,96,84,62,67,56,68,68,64,54,54,52,67,51,50,54,48,51,47,46,46,47,52,75,234,224,209,196,121,80,76,63,66,69,94,113,112,120,141,143,133,122,128,148,177,171,117,110,117,131,130,128,126,131,129,128,128,130,132,128,119,119,124,123,127,121,124,122,124,122,115,116,118,122,126,124,122,124,129,124,131,133,140,136,136,132,131,134,132,132,138,136,140,143,145,145,151,143,147,138,142,152,153,149
64,248,232,224,224,199,135,125,137,41,35,35,95,87,31,89,98,162,151,103,92,104,108,130,106,61,59,59,60,60,68,57,66,64,82,69,74,59,59,60,56,57,56,56,56,56,84,53,54,54,56,54,57,57,54,54,53,78,181,228,210,210,139,82,69,70,68,69,124,155,109,91,105,107,111,115,124,121,146,122,110,111,117,125,127,123,121,134,129,128,127,132,135,124,124,122,124,122,124,123,122,121,120,116,113,117,118,122,121,117,119,125,127,131,130,127,138,138,132,128,128,133,132,131,128,134,141,143,147,146,142,142,141,143,143,144,150,147
65,208,219,174,201,171,154,149,58,39,39,51,122,38,43,39,113,183,201,89,78,82,110,125,75,59,61,60,59,59,59,59,59,59,63,57,61,57,57,56,56,54,54,55,56,54,77,56,54,54,55,54,53,53,54,53,54,66,93,232,216,207,136,125,78,64,64,95,175,185,175,89,92,106,101,108,121,137,111,110,109,109,117,123,123,123,123,131,126,124,125,125,131,122,121,122,128,121,118,120,118,119,117,109,111,112,117,116,118,114,120,118,123,127,128,130,135,137,134,128,128,130,133,131,130,129,141,140,145,146,138,143,140,143,143,145,148,149
66,153,180,193,188,150,133,116,49,39,35,154,80,57,21,49,140,198,188,79,87,91,109,114,59,57,59,57,56,57,59,56,57,57,57,54,56,56,54,54,56,56,53,53,53,54,73,54,53,51,51,53,53,51,53,51,51,54,93,231,220,204,96,133,90,64,143,177,184,189,193,172,81,88,85,84,76,112,107,108,106,106,111,118,126,115,122,123,120,123,121,121,127,127,123,122,125,124,114,117,117,119,115,110,107,112,116,115,113,112,115,117,118,120,123,128,133,131,134,130,129,128,131,135,134,130,136,139,142,141,136,137,136,138,139,140,144,142
67,119,184,183,145,130,107,152,101,41,40,159,58,39,34,85,175,147,86,75,73,92,84,74,62,60,58,57,54,53,54,52,52,52,53,52,54,54,54,53,53,56,54,54,54,53,48,47,53,53,51,50,51,51,53,51,53,53,102,231,220,183,139,75,93,109,176,189,190,193,201,192,145,158,84,76,114,107,107,107,99,103,110,118,121,117,119,127,118,117,119,117,125,123,120,123,121,120,118,119,118,117,116,110,112,113,110,111,111,109,112,115,115,115,118,121,126,129,130,130,127,128,130,133,132,132,138,136,137,138,132,135,134,133,138,140,142,142
68,133,142,144,133,126,111,166,124,57,134,103,48,44,34,92,196,154,85,70,95,114,106,58,61,59,59,59,57,58,58,58,58,58,57,57,57,57,54,55,55,54,54,55,55,53,43,44,51,51,48,47,51,47,47,47,50,50,61,235,217,201,123,129,62,194,186,193,197,207,210,198,188,201,65,67,121,106,106,106,99,102,109,115,121,114,117,120,115,120,123,123,121,120,119,121,119,118,112,116,116,118,115,108,107,110,108,109,109,109,109,111,115,116,121,125,129,128,129,127,126,130,132,132,133,132,133,137,137,134,132,133,134,138,137,134,139,137
69,165,124,112,95,111,128,163,144,147,136,113,79,42,94,146,154,89,65,73,84,98,110,59,59,59,56,56,58,58,56,56,58,56,56,56,56,55,56,56,53,55,50,50,53,53,53,50,53,53,53,54,53,54,53,53,53,52,77,221,194,143,142,78,84,202,183,200,208,237,235,221,231,201,92,74,106,103,92,100,95,102,111,110,118,116,118,114,116,117,117,117,118,119,117,117,116,117,114,118,114,116,115,106,109,109,109,107,109,113,106,109,108,112,120,125,126,128,126,125,128,124,127,129,132,132,129,134,136,135,134,132,138,134,129,132,137,136
70,190,120,106,82,91,162,156,154,156,154,149,77,162,26,200,73,92,60,84,91,119,71,60,59,56,56,56,58,56,56,56,56,53,56,56,53,53,53,55,53,53,53,53,53,53,53,53,50,53,52,50,52,52,50,50,50,50,51,202,178,127,129,212,190,182,181,197,208,247,247,246,247,186,178,170,102,101,101,97,97,105,111,112,112,115,114,116,114,112,116,114,123,122,116,114,110,117,115,116,113,113,108,103,107,111,107,107,108,108,105,107,107,105,114,122,122,126,125,125,126,126,128,127,129,131,126,136,138,132,129,131,135,132,130,133,135,133
71,163,123,86,101,89,164,157,157,161,154,153,116,171,158,204,90,115,63,61,123,126,61,59,59,56,56,56,56,56,56,56,53,56,53,53,56,53,53,53,55,53,53,53,53,53,53,52,53,50,50,52,53,53,50,52,50,50,53,152,223,86,124,228,213,185,188,196,205,248,247,247,210,189,193,140,105,102,98,95,100,104,110,112,110,112,114,113,112,114,111,122,119,120,110,116,113,112,114,116,115,112,105,106,106,109,106,104,108,107,105,108,108,108,112,116,124,123,125,126,124,125,128,128,125,126,125,136,138,131,130,130,130,130,131,133,135,131
72,150,115,97,120,107,170,156,164,163,123,142,169,164,136,174,141,102,47,55,108,77,51,52,52,48,51,51,53,53,53,53,53,53,53,55,53,55,53,53,53,53,53,53,53,53,52,53,53,50,50,50,50,53,50,50,50,50,67,106,231,200,130,178,247,178,196,195,200,247,248,242,185,194,190,104,101,102,98,96,99,102,108,112,110,106,113,113,110,113,116,117,119,121,114,114,109,115,115,117,116,114,108,107,105,106,105,103,110,106,106,109,109,110,116,117,119,120,123,125,122,119,125,123,125,125,123,132,131,127,128,131,126,131,132,132,130,129
73,145,132,120,100,157,163,160,164,170,87,77,221,136,163,159,97,75,55,96,121,62,62,61,60,59,59,59,57,58,57,56,56,58,56,55,55,52,50,50,47,47,47,47,47,47,47,47,50,50,47,50,50,47,50,50,50,50,50,88,236,208,157,183,240,193,198,199,198,247,245,224,187,195,200,95,102,101,97,95,101,101,109,109,110,114,111,109,112,111,107,123,119,119,114,112,113,117,114,115,114,111,107,108,105,106,107,106,105,105,106,105,109,107,115,118,119,117,123,121,122,121,123,126,126,123,122,128,132,131,128,131,131,130,133,132,130,129
74,149,116,115,85,151,156,162,161,159,53,66,216,157,202,150,71,101,58,60,76,56,59,56,56,56,56,56,56,56,53,53,53,56,53,53,53,53,53,51,54,53,54,53,56,53,50,53,52,52,52,51,51,51,51,51,51,51,50,54,234,236,216,178,236,192,199,194,198,250,244,224,190,197,198,95,105,102,93,96,102,104,111,111,107,110,113,112,110,114,117,118,116,117,118,115,111,118,118,110,117,113,106,109,105,106,106,103,105,105,105,105,106,111,115,116,118,117,123,119,118,123,122,124,122,123,123,124,130,125,127,128,128,130,127,129,129,129
75,145,132,129,83,143,156,154,149,158,54,62,194,213,177,134,48,97,65,69,134,56,59,56,56,56,53,56,53,56,55,53,55,56,53,53,54,53,53,50,53,50,50,50,50,50,50,50,50,50,50,50,50,50,50,50,50,50,53,46,231,238,209,176,217,203,199,200,201,240,229,206,194,196,200,95,97,92,89,96,102,103,110,111,107,107,112,112,109,115,117,119,115,114,118,112,116,120,117,115,116,107,109,109,103,106,106,106,105,102,103,103,110,109,114,118,117,118,122,119,120,122,120,122,118,123,125,129,126,124,127,129,131,128,126,130,128,127
76,154,118,150,127,159,136,130,112,89,59,61,120,202,131,139,94,113,74,77,116,56,56,56,56,53,53,55,53,53,53,52,55,56,53,50,50,50,53,50,52,52,50,50,50,50,50,50,50,47,50,48,50,50,49,50,50,50,50,47,222,227,212,167,240,178,199,197,199,209,221,202,193,196,204,95,98,92,86,98,104,104,106,109,101,107,113,111,108,110,119,115,118,113,116,112,115,121,116,114,116,106,107,109,106,103,106,105,105,102,105,102,106,104,109,112,116,121,119,117,117,118,118,119,116,119,123,129,122,122,125,131,129,127,125,126,123,125
77,146,124,73,134,145,111,120,52,93,57,57,57,222,113,121,118,54,62,82,113,56,56,56,56,53,53,53,53,53,53,53,52,53,52,53,50,52,50,50,50,50,50,50,50,50,50,50,50,46,46,46,46,49,49,50,50,49,50,50,238,236,176,111,243,190,190,189,190,205,206,195,196,192,204,102,95,84,88,101,105,107,109,106,106,107,110,108,109,111,114,110,118,118,114,118,113,114,116,116,110,106,105,103,104,103,102,102,106,106,103,105,106,105,105,111,117,117,115,118,117,123,117,119,119,119,122,129,125,120,123,128,123,128,125,125,126,125
78,125,115,139,143,128,91,83,56,67,66,66,60,207,149,122,114,59,58,85,105,61,60,58,58,56,56,54,52,52,50,46,47,47,47,47,46,46,46,50,46,50,50,46,50,50,50,46,46,46,46,46,46,46,46,46,46,49,50,57,200,231,212,159,206,179,184,192,194,199,196,190,189,178,165,102,92,82,91,102,105,105,106,105,103,106,108,105,105,110,111,117,113,115,118,115,115,117,114,115,109,102,105,103,103,102,102,105,105,97,103,102,105,106,109,111,114,116,114,117,118,119,120,120,118,118,120,130,125,118,119,120,121,126,120,125,123,125
79,110,90,154,130,103,96,62,58,64,61,64,60,163,179,111,61,54,94,86,99,59,56,56,56,56,53,53,53,53,53,52,52,52,54,54,53,53,53,52,53,51,51,50,53,50,50,50,49,48,48,49,46,46,46,46,46,45,46,46,132,238,225,103,243,155,180,188,191,194,191,187,187,140,136,98,95,84,96,102,101,96,106,106,105,104,106,107,106,105,106,116,109,112,114,110,112,114,106,109,109,102,103,101,105,96,102,103,103,104,105,102,101,105,110,109,112,112,110,112,119,119,122,121,116,117,122,125,124,120,119,119,119,124,122,123,125,123
80,123,165,157,135,95,81,47,53,61,61,61,60,144,134,186,73,89,83,87,78,59,56,56,53,53,56,53,50,53,52,53,53,50,50,50,49,50,50,50,50,50,50,50,50,50,50,50,49,50,46,50,50,47,46,50,46,46,47,50,134,226,212,67,207,95,100,162,165,194,184,165,143,103,101,95,98,91,95,101,101,101,105,106,105,106,106,102,103,103,105,111,107,115,113,112,112,115,110,109,104,102,101,101,101,98,101,102,105,102,103,102,101,102,107,111,109,103,110,114,118,120,119,120,118,116,121,125,128,118,122,118,120,120,120,122,120,123
81,103,172,151,125,94,74,46,59,61,61,59,59,196,113,104,60,78,74,69,55,56,56,55,53,56,53,53,52,50,52,50,50,50,50,50,50,50,50,50,46,50,46,50,46,50,46,50,50,50,50,46,49,46,46,49,49,46,46,52,99,233,174,43,183,100,58,72,148,174,169,158,113,82,95,96,93,92,95,101,98,99,108,104,101,105,105,99,101,105,107,111,106,112,110,112,102,114,107,103,105,96,100,98,98,98,101,102,102,100,104,101,104,101,103,106,103,109,117,111,116,119,118,117,115,119,118,120,127,120,117,115,118,119,120,120,122,119
82,83,181,153,129,82,72,43,63,61,59,61,59,183,141,133,56,96,65,70,57,56,56,56,53,55,53,53,53,52,50,52,50,49,50,50,49,50,46,50,49,49,50,49,50,50,46,46,46,49,46,46,46,46,46,46,46,46,46,53,95,247,135,43,175,85,84,72,94,178,176,150,88,88,92,93,93,89,95,99,99,99,104,102,98,102,105,98,95,99,105,107,106,111,109,112,109,109,102,105,102,95,96,98,98,98,101,98,99,101,102,102,101,100,105,107,107,109,114,113,116,119,117,114,111,117,124,119,127,116,116,116,117,118,118,118,123,123
83,47,188,149,141,115,67,61,69,67,64,66,64,90,170,137,129,106,89,78,50,51,51,50,53,51,50,50,50,50,50,50,50,50,50,49,50,49,46,46,49,49,46,46,46,49,50,46,46,46,46,46,46,46,46,46,46,45,46,53,67,253,140,162,176,66,70,81,84,184,132,93,86,87,89,92,93,90,94,99,97,99,99,98,96,101,105,93,100,101,102,100,109,105,106,106,106,104,102,99,95,95,95,95,97,99,99,102,99,98,96,99,102,102,101,105,107,106,110,111,116,115,115,112,111,117,116,117,124,119,114,111,115,115,117,117,119,122
84,73,190,155,165,140,105,63,65,64,66,64,64,102,192,146,105,88,80,114,52,59,56,59,56,56,56,59,54,55,57,57,56,56,56,53,54,51,51,49,49,51,46,46,46,46,46,46,46,46,46,43,45,43,43,43,43,46,50,56,71,253,189,134,76,62,46,63,115,171,118,85,58,85,87,90,94,89,93,98,95,99,96,94,98,101,100,90,92,95,95,101,105,103,106,102,106,102,97,102,103,95,99,95,95,96,99,99,96,100,96,96,95,98,100,101,100,105,107,107,111,110,107,114,111,114,115,115,118,116,109,106,114,109,115,116,124,119
85,60,181,174,162,159,128,60,64,65,64,64,64,50,223,184,133,167,103,75,55,59,56,56,56,56,55,53,53,50,55,50,50,50,53,49,50,49,50,50,53,50,46,50,50,50,50,50,47,50,50,46,46,49,49,49,48,51,51,58,66,255,244,197,86,59,55,83,211,202,141,89,72,82,84,85,89,87,92,92,93,93,92,93,95,100,93,89,93,92,95,98,100,96,98,99,103,101,96,95,93,90,96,92,96,92,95,97,97,96,95,95,94,96,98,96,99,99,106,105,109,110,106,110,105,109,111,111,115,110,103,103,111,110,111,114,123,116
86,85,163,155,154,168,107,60,67,66,66,65,64,62,227,178,163,81,85,110,68,59,58,53,56,58,56,53,55,53,53,52,53,51,50,50,50,53,53,52,52,50,50,50,50,50,49,46,50,49,46,46,50,46,46,46,50,46,50,56,73,131,247,245,132,76,69,105,216,185,134,78,80,82,86,87,88,89,89,87,90,89,87,93,92,98,95,89,91,90,94,96,96,100,100,99,99,95,94,95,93,91,92,89,95,92,95,96,95,92,93,92,92,94,95,93,95,98,105,105,107,106,107,109,106,110,109,110,112,106,105,102,106,106,109,114,122,118
87,103,158,171,160,173,105,64,64,64,66,61,61,60,231,156,148,103,59,108,66,56,56,56,53,56,56,58,56,55,55,53,52,53,52,52,52,53,53,50,50,50,50,50,50,46,50,50,46,46,46,46,46,46,46,49,46,46,46,56,69,52,253,248,213,180,140,169,219,214,163,112,76,81,81,82,87,88,85,89,87,82,84,87,86,90,87,90,87,90,92,94,93,93,95,95,98,93,92,94,89,90,87,90,94,90,92,92,92,93,89,93,94,89,93,98,92,93,101,105,103,106,105,105,103,106,106,106,109,108,105,101,109,106,110,112,115,116
88,99,169,172,174,177,96,53,54,57,57,59,57,56,238,169,110,119,50,89,80,60,58,58,58,56,56,55,53,53,53,53,50,53,52,50,50,53,50,50,50,46,50,47,46,46,50,46,46,46,43,46,46,46,49,46,46,46,46,63,69,53,255,243,211,170,162,239,220,196,163,159,73,82,82,82,87,85,87,89,85,82,86,84,85,85,87,84,86,87,87,93,90,92,92,93,89,90,93,89,92,88,88,88,87,92,92,92,90,90,92,92,90,88,92,94,92,95,99,103,102,102,103,105,101,108,109,106,106,109,103,103,107,106,108,110,111,115
89,111,160,181,173,176,113,68,68,70,66,69,69,68,223,176,67,158,78,96,111,64,65,62,62,59,57,57,52,50,50,46,44,44,46,44,46,43,43,46,43,46,46,46,46,46,46,46,46,46,46,46,43,46,46,46,46,43,45,64,66,53,248,244,244,182,183,235,216,206,166,173,78,80,78,78,82,82,84,87,82,83,84,84,85,84,84,85,84,89,85,92,90,90,92,92,92,92,94,90,90,91,84,88,89,89,90,90,87,89,94,89,85,91,90,92,91,92,92,98,100,98,102,104,100,108,105,102,106,106,101,106,107,102,108,106,111,110
90,127,169,160,173,164,134,64,64,64,66,64,64,64,172,210,191,116,122,116,111,56,61,56,56,56,56,56,53,53,53,53,53,50,53,51,50,50,50,50,50,50,50,49,49,49,49,51,49,48,49,49,45,45,45,45,45,45,46,63,63,46,232,218,248,180,178,222,222,190,174,152,76,74,76,78,78,80,84,82,78,78,84,82,84,84,85,88,88,84,85,87,91,93,92,95,87,90,89,92,86,86,86,85,89,87,87,87,87,85,88,85,84,84,87,89,89,87,92,95,95,95,93,99,99,98,105,99,103,102,98,98,101,99,105,105,109,109
91,137,169,154,154,143,129,61,64,61,64,61,61,61,126,209,188,110,73,72,126,56,56,58,56,56,53,50,55,53,55,52,53,50,50,53,50,50,49,50,49,50,49,46,46,46,50,46,46,46,46,46,46,43,46,43,46,46,46,59,63,46,240,245,244,169,156,211,204,207,170,161,72,70,72,72,74,76,76,74,74,76,78,78,78,78,82,84,85,83,84,82,89,89,91,85,87,95,85,85,89,82,84,85,89,87,87,85,87,84,84,85,89,84,84,87,92,90,92,90,95,93,93,100,93,99,99,99,99,105,95,99,99,97,99,105,105,107
92,112,116,147,124,118,110,76,82,86,79,79,76,74,91,217,162,87,59,73,115,58,56,53,53,50,50,50,50,50,46,46,46,46,46,46,46,46,50,46,50,50,46,46,46,43,46,43,46,43,43,43,43,43,43,45,46,45,46,59,60,34,255,232,248,177,141,228,240,209,150,139,70,68,70,70,70,74,74,72,72,74,76,78,83,78,82,83,82,84,82,83,87,87,85,85,84,88,92,84,87,87,82,91,82,87,86,83,85,91,84,84,84,84,84,85,89,89,85,89,90,92,93,93,93,98,98,96,98,98,97,101,99,98,101,101,102,101
93,135,137,139,123,99,93,77,79,71,73,73,71,75,66,182,174,140,56,79,70,78,66,66,66,66,67,64,61,68,67,66,66,67,67,64,68,71,70,64,67,67,65,59,59,57,54,52,52,51,49,45,42,43,39,39,43,60,63,63,64,29,254,246,249,174,159,240,240,202,168,150,64,66,66,68,72,68,68,70,72,74,74,72,78,78,81,78,78,81,84,83,82,78,82,76,76,81,82,80,82,76,78,90,89,85,80,89,84,86,80,80,83,82,82,81,86,86,87,90,90,93,90,92,90,94,93,93,98,99,97,98,96,95,97,98,98,98
94,133,146,130,124,102,76,82,78,72,74,77,78,77,81,151,131,70,67,73,75,92,75,75,75,75,77,69,73,77,69,73,69,69,71,67,69,69,65,71,67,65,65,63,60,60,58,59,58,59,59,56,53,53,50,52,55,61,65,59,63,72,251,246,249,192,150,226,244,205,165,156,59,61,65,77,71,67,68,70,70,73,73,72,74,72,74,78,81,78,78,80,76,80,80,79,76,78,78,80,84,76,78,76,86,86,85,80,81,79,76,89,86,80,80,88,80,82,88,86,85,87,87,92,91,96,95,98,98,98,97,98,96,96,95,95,98,97
95,70,139,143,125,91,40,1,1,2,2,2,2,3,3,179,174,125,98,59,70,45,24,24,24,24,30,30,36,36,40,40,40,47,51,54,53,56,61,61,61,64,64,61,64,61,61,59,61,61,61,59,60,53,53,53,50,50,53,58,59,28,251,245,246,175,148,141,241,185,127,153,50,56,56,59,78,66,66,70,66,68,68,68,68,77,64,72,72,78,83,72,75,82,79,78,70,80,77,66,79,79,76,76,81,89,76,81,85,78,74,87,80,81,85,84,79,88,78,82,85,87,89,90,87,93,97,92,93,105,92,93,94,92,95,93,93,93
96,35,114,149,129,89,55,58,55,58,58,59,57,57,51,189,156,91,80,86,53,80,52,47,43,43,40,43,40,31,26,26,19,19,19,19,19,0,0,0,0,1,1,1,1,1,1,2,2,2,2,2,2,2,2,2,42,39,34,34,43,28,250,245,247,150,116,110,179,111,123,105,45,46,43,46,59,61,61,67,59,64,61,66,68,64,67,75,68,74,76,78,79,68,75,84,72,77,83,79,76,68,72,77,85,80,74,78,74,75,73,75,72,77,75,72,83,78,78,88,80,81,84,85,84,85,87,91,92,92,92,93,92,93,97,89,89,89
97,59,106,150,117,84,56,53,53,56,55,50,53,53,55,180,66,101,74,66,55,74,53,58,55,58,53,46,50,46,46,50,50,50,50,46,50,53,55,55,55,49,55,52,52,55,55,52,55,52,55,55,55,55,55,55,58,58,60,60,63,55,250,246,180,123,93,87,100,88,99,92,34,53,39,34,50,50,50,36,39,56,56,61,61,59,59,64,69,61,68,69,70,74,81,74,75,76,78,72,83,64,84,70,83,81,78,70,70,83,83,70,82,73,70,79,72,77,78,76,76,82,88,76,82,80,89,88,90,90,87,90,90,84,87,89,89,85
98,59,116,114,87,74,55,55,58,60,58,55,60,50,55,220,63,56,59,46,53,59,53,58,50,46,53,53,53,50,52,53,50,50,50,53,50,50,56,53,55,50,53,53,55,55,55,58,53,50,50,53,55,53,56,56,50,60,65,67,67,79,243,233,127,87,66,82,89,84,82,53,42,34,34,38,28,28,43,39,34,43,46,59,60,50,53,56,61,61,61,61,61,66,68,73,83,66,68,75,61,67,71,72,68,68,64,71,66,68,73,63,64,66,80,70,68,76,72,79,78,76,77,85,78,80,80,84,82,84,80,84,85,88,84,85,84,82
99,39,68,95,84,64,70,69,67,64,61,67,67,55,56,78,39,60,65,53,65,64,67,50,55,52,53,53,50,46,55,50,53,50,56,56,60,58,58,60,63,63,58,58,55,55,58,55,63,60,63,67,65,65,65,65,67,65,67,69,70,113,243,227,169,83,70,75,82,91,61,60,71,69,65,60,52,42,28,28,38,34,42,43,50,34,39,49,39,50,56,64,59,70,64,61,66,59,66,61,59,50,53,56,53,61,58,59,66,66,66,61,71,67,64,66,67,81,70,72,80,75,70,76,74,79,86,81,82,84,80,97,80,82,82,78,82,80
100,46,49,34,53,59,43,63,64,68,70,74,79,69,61,53,54,100,53,66,66,59,56,53,53,53,56,59,65,58,58,58,59,55,55,50,53,56,53,50,50,59,64,66,67,65,61,69,69,65,73,70,68,68,68,68,66,70,69,74,79,212,242,230,173,88,77,85,64,77,56,66,72,75,77,79,75,69,67,67,67,63,55,38,34,28,28,28,34,28,21,39,46,46,56,59,56,50,53,46,50,46,50,53,52,50,53,46,59,61,61,61,68,69,70,56,68,64,68,71,75,69,72,79,77,74,80,86,80,82,78,80,82,76,78,76,78,77
101,34,34,50,39,55,53,28,63,61,59,59,59,60,56,59,56,64,68,61,50,59,50,60,52,55,53,55,46,50,46,53,65,65,65,63,63,63,63,59,64,60,65,59,59,56,56,66,64,68,64,68,66,66,69,72,77,81,75,73,73,207,208,183,110,99,92,109,79,53,53,59,66,76,77,77,72,79,72,76,79,77,77,75,71,67,67,58,49,38,27,28,46,43,39,43,43,43,50,39,43,39,39,46,50,53,50,50,53,56,50,53,56,56,60,61,64,65,68,67,70,71,68,70,66,74,74,78,82,80,79,80,80,78,75,75,76,70
