0,82,82,83,83,83,83,83,83,83,83,83,83,83,83,83,83,83,83,83,83,83,83,83,83,83,83,83,83,83,83,83,83,83,83,83,83,83,83,83,83,83,83,83,83,83,83,83,83,83,83,83,83,83,83,83,83,83,83,83,83,83,83,83,83,83,83,83,83,83,83,83,83,83,83,83,83,83,83,83,83,83,83,83,83,83,83,83,83,83,83,83,83,83,83,83,83,83,83,83,83,83,83,83,83,83,83,83,83,83,83,83,83,83,83,83,83,83,83,83,83,83,83,83,83,83,83,83,83,83,83,83,83,83,83,83,83,83,83,83,83,83,83,83,83,83,83,83,83,83,83,83,83,83,83,83,83,83,83,83,83,83,83,83,83
1,82,255,254,255,255,255,254,255,255,255,255,255,254,255,255,255,255,255,255,254,255,255,255,255,255,254,255,255,254,255,255,255,255,254,255,255,255,255,254,254,255,255,255,255,254,254,254,255,255,255,254,254,255,255,255,255,255,254,255,255,255,254,254,254,255,255,255,254,254,255,255,255,255,254,254,255,255,255,254,254,255,255,255,255,255,254,254,255,255,255,255,254,254,255,255,255,254,254,255,255,255,255,254,254,255,255,255,255,255,255,255,255,255,255,254,255,255,255,255,254,254,255,255,255,255,254,254,255,255,255,255,254,254,255,255,255,255,254,255,255,255,255,254,254,255,255,255,255,255,255,255,255,255,255,254,254,255,255,255,255,255,255,255,255
2,83,254,255,254,254,255,255,254,255,254,254,255,255,255,255,255,255,255,255,255,255,254,255,255,255,255,255,255,254,254,255,255,254,255,254,255,255,254,254,255,254,255,255,254,254,255,255,255,255,254,255,254,254,255,255,255,255,254,254,255,255,255,255,254,255,255,255,255,254,255,255,255,255,255,255,254,255,255,255,255,254,255,255,255,254,254,255,255,255,255,254,255,255,255,255,254,255,255,255,255,255,255,254,255,255,254,254,254,255,255,255,255,254,255,254,255,255,254,254,254,254,255,255,255,255,255,255,255,255,255,255,255,255,255,255,255,254,255,255,254,254,255,255,255,255,255,254,255,255,254,254,255,255,254,255,255,255,255,255,255,255,255,255,255
3,83,255,254,254,255,254,255,255,254,255,255,255,255,255,255,255,255,255,255,255,255,255,255,255,255,254,255,255,254,255,255,254,255,254,255,254,255,255,255,255,255,255,255,255,255,255,255,255,254,255,254,255,255,255,254,254,255,255,255,255,254,255,254,254,255,255,255,255,255,255,255,255,254,254,255,255,255,254,255,255,255,255,254,255,255,255,255,254,255,254,255,254,255,255,255,255,255,255,255,255,255,255,254,255,255,255,255,255,255,255,255,254,255,254,255,254,255,255,255,255,255,255,255,255,254,255,255,255,255,255,255,255,255,254,255,255,255,254,255,255,254,255,255,255,255,255,254,255,255,255,255,255,255,254,255,255,255,255,255,254,255,255,255,255
4,83,255,255,255,255,254,254,255,254,254,255,254,255,255,254,255,255,255,255,255,254,255,255,255,255,255,254,255,255,255,255,255,255,255,254,255,254,255,255,255,254,255,255,254,255,255,255,255,255,255,255,255,255,255,255,254,255,255,255,255,255,255,254,255,255,255,255,255,255,255,255,254,254,254,254,254,255,254,255,255,254,255,254,254,255,255,255,254,255,255,255,255,255,255,255,255,255,255,255,255,255,255,254,255,255,255,255,255,255,255,254,254,255,254,255,255,255,255,255,255,255,254,254,255,255,255,255,254,254,254,255,255,255,255,255,255,254,255,254,255,255,255,255,255,254,254,254,255,255,255,255,255,254,255,254,254,254,255,255,255,254,255,254,255
5,83,255,254,255,254,255,254,254,255,254,255,255,255,255,254,254,255,254,255,255,255,255,255,254,255,255,255,255,254,255,255,255,255,254,255,255,255,255,255,255,254,255,255,255,254,255,254,254,255,255,255,255,255,255,255,254,255,254,255,255,255,255,255,255,255,255,255,255,255,255,255,255,255,254,254,255,254,254,254,255,255,255,255,255,255,255,254,255,255,255,255,255,255,255,255,255,255,255,254,255,255,255,255,255,254,255,255,255,255,255,255,255,255,254,254,254,255,255,255,255,254,255,254,255,254,254,254,254,254,255,254,254,255,255,255,254,255,254,254,255,254,255,255,254,255,255,255,254,255,255,254,254,254,254,254,255,255,255,254,255,255,255,255,254
6,83,254,255,255,253,101,44,82,44,103,125,141,169,245,251,250,250,250,250,250,250,250,250,250,250,250,250,250,250,250,250,250,250,250,250,250,250,250,250,250,249,252,249,232,199,248,249,252,250,250,250,250,250,250,250,250,250,250,250,250,250,250,250,250,251,251,250,250,252,250,251,251,205,180,248,250,251,250,250,251,250,248,249,250,250,250,251,251,250,250,250,250,250,250,250,251,250,250,250,250,251,249,250,251,249,248,249,250,252,251,250,249,247,248,249,248,249,251,251,250,251,250,250,251,250,247,251,72,32,28,28,19,16,21,23,24,34,151,186,182,206,252,247,249,250,251,250,251,251,250,250,250,250,250,251,249,250,250,251,250,255,255,255,255
7,83,254,255,255,250,102,48,77,66,124,110,155,171,238,246,252,249,250,250,250,250,249,250,250,250,250,250,250,250,250,250,250,249,250,250,250,250,249,250,250,250,249,249,232,211,250,249,251,250,250,250,250,250,250,250,250,250,250,250,250,249,250,250,251,251,250,248,251,250,250,248,250,192,171,250,250,248,248,249,248,244,243,246,247,248,249,249,249,249,250,249,250,249,250,251,252,249,251,250,249,250,249,248,248,251,249,249,252,251,251,249,249,249,249,243,226,227,243,249,248,250,252,250,251,250,249,249,79,43,40,36,27,24,30,29,22,33,163,203,207,224,250,247,250,248,250,248,250,249,249,248,250,251,252,249,250,250,251,250,249,254,255,255,255
8,83,255,255,255,254,105,76,100,69,110,76,146,163,236,249,247,250,249,250,250,249,250,249,250,250,250,250,250,250,250,250,250,250,250,250,250,250,250,250,250,248,250,248,248,232,248,249,251,250,250,250,250,250,251,250,250,250,250,250,249,250,250,249,250,249,249,250,250,250,251,251,251,176,154,252,250,247,227,127,83,75,56,115,206,241,249,249,250,250,248,250,249,250,252,251,250,248,250,251,250,250,248,249,240,240,249,251,250,252,252,251,251,252,237,224,242,253,252,252,251,249,249,251,249,248,251,247,78,50,51,44,31,30,33,28,23,37,180,186,192,229,249,252,249,251,248,249,250,248,249,251,249,250,252,253,250,252,251,250,250,255,255,255,255
9,83,255,255,255,253,112,70,122,75,92,78,148,167,238,246,251,250,250,250,250,250,250,250,250,249,250,250,250,250,250,250,250,250,250,250,250,249,249,249,249,251,250,249,249,234,250,250,252,250,250,250,250,250,250,249,249,250,250,250,250,249,250,250,251,250,244,248,250,251,250,251,249,188,163,250,251,252,242,159,129,151,108,146,182,236,250,251,249,248,250,248,250,249,251,247,241,243,241,244,247,249,251,246,225,234,251,251,250,250,250,249,247,251,238,226,242,249,248,232,208,240,249,248,248,250,245,250,83,46,51,33,25,23,30,28,24,34,166,177,174,207,247,244,251,251,243,238,247,246,247,253,251,248,246,250,250,249,240,209,167,255,255,255,255
10,83,255,254,255,249,107,67,110,101,131,146,214,186,183,250,248,250,249,249,249,250,249,249,250,250,249,249,250,250,250,249,250,250,250,249,249,250,250,249,250,249,248,249,249,236,249,252,251,249,250,250,249,250,250,248,249,250,251,250,250,249,250,250,250,249,248,249,251,250,250,251,250,190,159,248,247,252,230,194,162,184,207,206,205,249,250,248,250,244,249,248,248,247,225,139,84,83,98,84,60,158,243,242,169,137,150,136,120,154,212,242,248,247,243,246,252,228,201,161,138,163,215,246,250,247,247,237,80,37,48,41,30,21,26,28,22,13,124,170,170,159,202,213,214,187,45,23,51,111,163,130,175,206,194,163,97,85,64,42,36,255,254,255,255
11,83,254,255,255,253,112,67,91,98,98,95,107,119,83,251,248,246,247,252,251,251,250,248,249,249,248,247,250,250,250,250,250,251,250,251,250,251,249,252,250,248,251,249,250,245,251,252,250,249,249,251,249,249,251,247,248,250,252,250,252,249,249,249,250,251,234,238,251,249,246,252,251,210,160,249,251,251,244,238,227,212,236,240,247,248,249,247,249,239,249,244,189,203,198,138,93,90,66,75,83,103,177,153,76,60,76,107,125,121,152,157,147,152,160,231,222,165,144,143,129,103,151,162,178,133,115,109,77,40,33,36,42,36,27,28,30,27,108,155,168,146,84,72,96,39,43,24,18,20,19,35,25,73,68,61,37,35,46,48,48,254,255,255,254
12,83,255,255,255,251,96,79,118,145,167,162,178,198,66,117,210,251,247,248,249,249,250,248,248,249,249,252,253,252,250,249,250,251,250,233,183,226,248,246,252,245,248,252,250,242,251,248,250,247,248,252,251,247,248,233,241,246,244,249,246,251,251,247,246,242,196,207,204,148,216,246,248,208,151,252,251,250,251,245,232,180,228,246,227,220,153,162,224,231,169,136,70,63,102,139,77,65,52,50,90,87,66,74,66,60,72,89,102,95,87,79,78,54,60,96,135,160,146,81,78,68,88,74,62,40,18,17,37,31,28,25,24,33,33,25,24,26,106,146,154,114,76,47,56,34,51,25,16,21,15,31,48,49,63,48,35,26,39,38,25,255,255,255,254
13,83,255,255,255,252,98,81,96,96,101,113,121,171,76,20,43,179,247,246,249,252,252,250,251,250,252,252,246,246,252,236,248,249,248,213,120,184,219,230,243,248,245,246,239,206,234,249,252,250,250,245,248,242,247,209,215,244,247,210,240,232,187,165,136,144,124,78,59,57,131,217,171,160,111,213,207,169,147,165,158,107,185,157,118,85,40,53,124,165,101,81,71,83,75,82,105,67,81,57,62,63,38,51,60,52,53,57,55,49,45,54,63,48,59,70,78,90,78,48,68,73,61,62,48,42,42,23,75,44,31,31,28,27,34,32,20,17,97,135,146,117,85,50,42,51,68,40,23,14,27,49,45,41,42,45,33,24,30,18,19,255,255,255,255
14,83,255,255,254,252,82,11,12,13,9,11,7,104,85,13,13,49,205,247,249,248,249,231,240,249,247,232,169,163,166,140,201,238,229,217,104,86,163,227,221,216,190,142,104,109,182,222,248,251,244,195,192,247,244,189,156,236,186,92,144,113,55,84,69,60,60,44,44,46,52,92,71,75,56,88,67,49,79,110,84,61,85,77,55,32,46,52,96,104,95,73,61,65,46,41,73,65,85,55,66,61,38,50,62,53,52,54,48,35,46,66,58,48,57,74,73,54,44,47,61,61,51,42,38,46,75,35,78,44,30,32,29,23,26,31,24,18,81,129,165,158,92,48,52,48,55,61,45,24,31,43,35,31,26,34,32,22,24,23,14,255,255,255,255
15,83,255,255,254,254,82,12,18,11,13,12,23,106,70,17,8,12,114,190,166,141,109,67,73,100,142,154,83,75,65,55,68,90,76,95,68,54,77,173,175,127,102,50,40,41,80,112,157,138,77,74,128,211,210,178,61,120,68,68,60,53,48,61,57,41,53,40,36,35,31,34,45,45,34,50,45,37,60,81,62,52,63,62,56,41,58,53,68,55,82,85,67,39,40,43,46,39,58,76,76,57,42,51,62,52,41,44,53,49,54,65,56,45,43,76,62,58,46,36,41,39,35,38,41,54,63,24,87,57,26,23,23,18,25,30,25,27,87,138,200,188,122,36,37,27,22,23,18,22,15,12,17,18,8,15,22,59,47,71,179,255,255,255,255
16,83,255,255,255,252,85,30,18,13,18,16,37,114,69,10,8,10,44,70,65,43,31,28,35,27,36,74,61,85,64,43,73,54,31,30,33,46,53,122,138,89,76,50,41,44,54,58,72,58,36,43,115,149,116,135,54,48,43,64,56,62,55,59,48,41,34,40,42,40,32,43,49,34,31,52,51,54,45,55,56,50,55,55,53,47,49,46,57,59,86,68,58,42,50,53,53,56,58,67,58,50,46,49,47,45,58,60,52,54,50,51,49,45,50,89,68,55,55,44,37,44,33,47,47,70,58,29,62,58,26,29,25,28,31,28,21,12,96,169,214,201,175,133,85,9,15,13,13,11,9,9,10,13,9,10,10,36,30,83,232,255,255,255,255
17,83,255,255,255,254,85,72,29,16,16,27,50,102,56,13,9,11,29,52,48,33,42,33,28,26,41,63,51,82,68,57,82,54,44,38,40,46,62,81,71,69,74,56,51,57,73,71,68,62,61,60,83,84,76,61,53,37,48,45,52,59,44,43,48,41,41,45,56,63,70,80,68,58,60,59,65,72,55,55,59,60,57,50,62,80,89,74,71,74,85,64,55,58,65,68,58,60,60,58,54,55,54,53,55,55,67,70,55,59,56,55,55,48,49,64,51,32,39,44,44,51,55,56,73,98,40,29,48,50,36,29,33,36,32,22,19,14,95,180,193,207,176,113,82,6,12,20,17,11,12,10,9,3,26,6,13,32,28,76,233,255,255,255,255
18,83,255,255,255,253,92,70,31,17,21,36,46,87,56,15,19,11,31,46,37,34,46,32,41,37,40,44,34,46,44,40,54,58,45,42,40,40,37,45,47,52,51,51,48,50,51,60,67,67,69,66,70,64,73,64,51,55,72,63,59,77,69,67,70,52,52,46,62,77,87,95,90,79,75,61,62,61,60,54,57,68,66,65,76,90,102,81,70,62,61,57,51,53,55,65,47,48,49,51,58,48,59,56,55,59,53,51,54,60,59,63,58,42,42,44,42,32,34,48,56,63,49,68,72,89,23,37,56,31,28,30,24,28,32,28,21,19,87,169,181,220,151,28,26,13,11,17,17,15,14,10,8,4,29,10,10,28,37,81,226,255,255,255,255
19,83,255,254,255,254,97,67,28,24,27,23,25,26,26,19,16,16,21,26,26,27,29,31,33,29,35,32,39,38,37,32,44,48,38,39,38,30,31,42,52,62,58,50,53,61,69,71,69,70,73,61,59,62,73,70,57,68,75,58,59,59,64,74,72,62,61,51,54,69,87,91,85,80,73,64,62,55,52,47,54,59,62,62,67,73,73,63,62,57,50,56,53,52,60,66,50,48,51,54,51,49,53,59,58,56,52,47,56,60,59,62,55,38,34,51,51,38,53,60,62,51,47,71,70,105,59,35,43,26,28,31,22,25,25,24,21,19,84,152,182,230,162,32,27,13,13,12,11,12,14,11,10,9,14,13,7,29,27,65,229,255,255,255,255
20,83,254,254,255,254,96,81,20,19,23,20,24,28,24,32,23,18,21,23,28,26,25,27,28,24,26,27,39,40,42,40,49,47,38,43,43,34,37,48,66,81,83,63,61,75,88,80,67,72,85,74,61,57,79,78,75,93,88,55,52,55,64,74,79,72,70,52,47,59,77,86,74,62,64,60,57,57,50,46,55,60,58,59,59,72,66,61,59,56,51,56,56,51,55,67,61,61,60,55,53,46,45,53,52,46,43,45,48,51,51,55,50,41,41,70,71,70,68,68,76,53,51,30,36,86,57,35,40,42,30,33,29,26,20,20,23,21,88,163,187,237,162,28,27,15,14,12,12,12,14,10,10,10,9,12,9,28,30,42,229,255,255,255,255
21,83,254,255,255,252,88,78,26,26,27,20,24,27,26,35,25,17,19,20,20,20,22,18,28,29,28,33,40,42,45,43,49,46,42,41,45,42,39,51,63,77,85,72,60,72,86,77,71,74,84,86,73,67,76,83,76,79,84,65,58,60,62,74,78,73,77,61,48,45,55,67,60,51,52,51,52,55,43,35,39,50,47,47,41,47,44,48,46,45,45,46,41,39,39,46,42,33,27,26,23,16,15,18,22,25,30,30,32,33,31,37,43,47,53,59,66,86,86,71,72,35,35,32,44,117,87,44,48,49,27,23,35,28,27,24,22,20,83,181,215,242,164,23,23,11,14,12,11,11,14,10,9,11,13,14,9,30,22,46,208,255,255,254,255
22,83,255,254,255,254,83,64,30,17,16,19,27,27,23,32,22,16,16,23,26,24,25,16,23,26,27,35,42,44,47,49,56,48,40,41,45,45,43,54,64,71,74,70,62,72,83,79,70,65,70,77,73,66,63,64,53,52,51,49,46,45,39,40,38,36,42,39,36,38,39,41,38,41,35,28,30,30,30,30,31,37,37,37,33,29,27,31,33,37,37,33,29,30,33,32,28,17,13,12,11,14,14,15,14,14,18,25,30,35,37,40,45,47,46,53,76,83,64,39,33,29,31,29,37,95,89,55,33,38,27,24,34,34,26,23,29,22,76,177,221,222,145,29,18,10,11,10,11,11,14,10,9,12,8,9,11,18,21,28,195,255,255,255,255
23,83,255,254,255,253,86,48,26,24,19,21,26,21,25,28,28,18,23,14,17,17,28,15,19,16,18,25,26,30,30,28,33,29,21,23,23,24,21,21,22,24,22,22,20,21,17,18,15,16,16,13,12,11,14,17,14,13,19,18,12,13,18,18,22,21,17,23,27,28,31,31,32,38,33,31,32,31,32,32,30,30,31,27,30,30,31,31,30,31,33,27,30,31,33,27,17,10,12,14,14,11,12,11,10,14,20,45,45,45,42,44,49,45,47,73,91,75,25,19,22,24,20,28,19,57,78,52,27,36,21,26,25,22,22,27,31,22,88,209,219,91,88,31,19,11,9,11,11,11,15,12,12,13,11,14,9,22,22,34,186,255,255,255,255
24,83,255,255,255,254,87,37,20,15,16,13,13,20,55,49,66,76,85,55,98,113,113,34,26,12,13,16,15,15,10,11,8,10,11,13,12,12,13,12,11,13,13,10,11,12,15,15,13,11,14,15,14,13,15,17,16,12,18,12,12,16,15,18,18,14,18,19,25,28,26,30,33,36,31,30,31,29,30,33,32,34,31,29,27,27,25,28,35,34,28,29,29,27,32,28,15,10,12,11,10,16,12,12,16,29,43,52,51,48,36,40,55,54,51,38,30,48,43,27,25,30,32,27,25,80,69,49,31,30,25,29,29,26,23,25,28,23,97,230,171,16,31,29,19,10,11,12,10,10,13,12,11,14,18,10,13,29,21,28,200,255,255,254,255
25,83,255,255,255,254,85,67,56,10,16,17,11,36,102,15,26,77,87,62,92,174,166,23,32,30,28,28,23,28,23,18,15,15,14,12,13,12,15,15,12,10,15,15,13,12,14,12,13,12,14,15,12,11,10,12,11,8,6,14,9,14,13,12,13,16,15,15,15,19,20,22,18,20,17,19,22,21,23,16,16,17,20,17,21,16,18,20,38,34,26,28,27,27,24,24,14,11,12,13,13,24,23,27,37,45,48,50,56,48,43,56,60,44,31,23,26,29,38,44,28,35,38,33,27,61,39,32,31,39,32,33,32,29,25,25,24,24,100,224,123,17,28,25,17,9,10,12,11,10,8,10,10,24,12,10,9,27,28,24,198,255,255,255,255
26,83,255,255,255,252,84,81,80,6,18,15,14,41,107,20,34,27,48,80,46,46,61,28,30,31,30,32,29,27,31,34,28,22,19,18,21,20,24,25,24,22,16,14,12,15,17,17,16,18,17,21,22,20,18,19,19,16,11,14,75,51,11,13,13,13,12,13,15,17,14,11,12,15,11,12,14,14,15,16,15,16,17,18,23,15,13,20,39,23,23,23,27,23,12,15,18,15,11,10,15,22,37,46,45,40,49,56,51,54,59,56,40,22,33,36,31,31,34,47,34,43,36,38,31,38,29,35,44,40,29,30,28,26,26,27,26,27,101,197,81,21,29,26,18,10,13,15,11,9,12,17,11,30,16,8,12,25,27,18,183,255,255,255,254
27,83,255,255,255,253,83,91,88,16,18,20,18,29,117,13,24,25,23,31,19,40,30,26,21,27,23,19,20,20,28,27,27,31,29,26,25,23,28,31,34,35,32,29,27,26,29,28,29,25,24,29,23,22,25,31,30,27,28,32,185,79,15,13,15,12,11,12,13,23,15,13,19,19,14,15,13,14,13,13,19,19,22,26,28,21,12,20,29,38,72,44,23,27,19,18,25,24,15,18,29,35,48,59,60,49,55,67,70,52,33,30,34,26,35,51,36,53,45,41,34,33,20,31,39,42,29,28,39,29,23,26,25,25,25,26,26,16,95,97,41,16,18,29,23,12,18,15,8,8,14,16,10,6,13,8,9,28,26,11,158,254,255,255,255
28,83,255,255,255,253,80,80,80,10,16,28,27,41,135,3,25,25,16,31,29,28,23,15,17,17,15,16,11,19,19,23,18,17,25,23,18,21,24,30,31,30,32,32,32,30,29,28,29,29,30,29,25,20,15,21,25,19,17,29,118,59,10,16,14,13,12,13,15,28,30,21,21,20,16,23,22,20,14,18,29,27,25,23,31,31,19,21,26,29,23,44,27,28,22,16,20,31,26,35,44,51,57,59,67,64,57,47,28,22,29,34,30,27,28,34,25,54,51,45,38,32,26,31,25,40,27,27,30,26,22,24,20,22,24,21,22,12,50,44,30,15,15,29,21,8,15,14,9,7,8,9,9,8,10,9,9,25,27,11,152,255,255,255,255
29,83,254,255,255,253,78,73,83,9,15,31,27,31,121,3,15,23,31,64,37,13,21,10,15,16,13,14,12,13,20,18,16,16,16,22,13,20,19,20,19,24,27,27,28,29,27,28,25,27,22,27,23,20,16,22,15,14,15,26,88,72,13,16,22,20,23,25,23,24,39,42,38,41,40,35,31,27,27,31,38,29,26,22,33,45,30,26,25,28,15,24,26,25,22,23,35,46,43,51,58,52,58,84,90,50,14,15,21,19,21,23,24,26,29,29,21,21,28,28,29,26,26,24,19,33,28,22,23,20,18,18,14,16,17,15,18,15,21,24,26,15,22,37,24,9,12,11,9,9,9,8,9,9,7,11,12,22,30,12,159,255,255,255,255
30,83,255,255,255,252,79,57,81,9,16,28,22,46,147,7,22,21,32,47,17,53,50,15,14,20,18,21,38,15,21,17,25,23,12,41,19,38,33,25,16,13,24,32,33,33,27,27,25,29,36,26,24,26,24,47,27,17,16,20,66,125,31,26,37,31,26,34,37,32,37,40,42,51,45,35,28,29,35,36,40,31,32,31,32,35,32,33,28,27,23,27,22,18,23,31,39,44,39,33,34,38,49,56,30,15,14,19,22,21,25,24,25,27,25,24,19,19,21,31,30,24,29,34,23,34,28,21,14,21,20,17,19,17,15,16,18,19,14,16,26,13,18,31,27,12,13,11,8,10,11,12,13,9,9,9,12,19,31,15,151,255,255,255,255
31,83,255,254,254,252,82,65,95,7,11,27,19,42,146,37,56,18,27,38,18,71,63,43,18,37,33,39,70,21,27,24,32,27,23,37,24,33,35,28,18,23,31,34,27,32,32,27,28,26,29,24,28,26,27,19,27,28,28,21,25,203,121,41,35,30,25,30,32,32,32,28,28,26,30,32,32,34,40,41,38,34,40,35,39,36,37,35,30,28,20,29,24,24,39,40,42,45,49,36,28,24,14,10,13,25,24,24,28,23,25,29,27,25,23,24,27,25,28,37,29,27,27,29,21,31,26,21,13,28,19,16,23,24,21,19,19,16,15,17,23,16,14,22,28,14,12,10,10,7,10,9,10,11,12,12,9,22,24,15,146,255,255,255,255
32,83,255,255,255,253,85,35,40,14,13,25,19,41,85,31,34,14,15,21,19,22,20,16,17,24,25,16,21,16,20,24,27,28,29,28,26,16,29,32,31,32,32,32,27,36,41,36,38,35,30,30,30,33,35,29,31,33,31,27,19,152,208,72,44,36,34,35,46,43,39,32,28,30,35,42,44,45,44,38,36,41,44,42,43,42,40,51,55,38,16,26,25,27,34,35,52,75,79,50,24,14,17,19,27,27,24,25,21,23,26,21,25,30,28,26,23,23,23,38,28,20,29,24,19,27,23,18,16,28,16,19,21,25,19,13,15,15,10,15,30,23,23,21,32,10,11,13,12,10,7,9,9,11,10,8,11,18,21,18,143,255,254,255,255
33,83,255,255,254,254,83,21,13,18,12,16,14,15,13,18,13,13,17,13,14,11,12,13,13,16,16,19,20,23,24,29,27,29,31,28,32,21,28,29,39,32,25,28,30,35,35,36,46,42,33,29,30,30,33,31,30,30,28,31,24,49,184,179,65,41,45,41,46,47,39,32,31,25,23,30,36,37,37,33,31,32,34,36,34,40,97,130,94,29,26,40,37,48,83,71,70,85,62,29,24,25,30,50,72,40,42,71,68,47,23,21,25,25,28,23,25,26,29,32,30,19,28,18,14,18,17,12,14,30,21,18,16,17,17,14,17,13,15,21,53,112,114,54,31,7,18,10,14,8,9,11,10,11,11,6,11,9,17,19,133,255,255,255,255
34,83,255,255,255,250,81,23,24,12,13,12,16,9,13,13,13,11,13,14,12,10,9,12,14,12,16,22,26,34,33,31,27,27,28,29,26,23,29,31,31,33,28,29,33,26,27,34,40,36,32,33,33,31,30,29,27,24,25,30,29,20,91,220,196,79,48,47,48,48,40,33,27,23,28,42,47,35,31,30,26,32,30,33,46,95,161,142,69,20,55,68,62,57,75,57,73,81,62,31,33,46,44,36,81,143,179,160,155,147,49,25,39,24,16,22,23,27,25,26,20,25,23,24,20,16,15,12,13,25,16,17,18,19,21,18,15,20,41,78,115,135,119,74,48,21,19,33,11,9,10,12,14,15,11,5,12,12,18,17,130,255,255,255,255
35,83,255,254,255,253,84,19,29,13,13,13,15,11,14,11,13,12,13,14,14,13,10,12,20,33,45,63,66,79,76,81,37,19,18,26,28,29,28,27,29,29,26,28,31,27,25,26,31,36,35,32,37,39,45,48,55,68,81,73,72,54,28,82,199,248,234,176,137,105,83,60,65,64,70,72,106,115,97,87,95,123,131,183,232,244,192,114,38,41,48,54,57,57,57,49,40,26,53,111,139,147,148,177,196,192,201,187,135,88,62,67,113,185,104,33,43,21,19,24,27,23,22,34,26,16,12,13,13,21,11,14,30,54,51,47,82,118,115,114,122,122,88,28,18,24,45,87,137,54,11,9,23,19,8,9,16,12,20,15,123,255,255,255,255
36,83,255,254,255,254,85,18,24,19,13,14,13,12,12,12,9,14,10,8,20,40,60,81,67,54,52,31,70,127,55,63,67,60,39,21,11,19,18,18,22,19,21,19,37,48,55,52,68,93,115,135,158,160,169,165,158,142,140,122,92,68,69,33,55,107,151,123,88,81,63,55,68,81,67,51,56,69,91,124,119,122,136,172,200,187,99,46,48,44,54,65,55,37,37,30,33,25,84,164,191,194,201,206,203,185,169,168,160,157,176,203,191,63,110,42,30,18,28,31,23,19,21,24,21,15,15,16,25,27,34,15,51,113,108,107,120,116,111,123,118,77,56,64,114,133,103,37,23,43,6,13,17,25,10,13,12,9,21,16,117,255,255,255,255
37,83,255,255,254,253,87,17,20,14,13,15,13,12,17,17,16,17,28,49,60,62,52,36,36,29,27,19,51,115,101,72,62,62,111,128,75,27,21,30,41,47,45,51,83,97,112,116,123,126,126,135,143,144,137,126,125,125,121,114,109,91,89,81,58,29,27,25,25,30,30,35,50,73,65,62,48,43,59,108,91,67,84,87,79,60,39,45,51,77,147,183,174,120,75,52,50,65,161,203,206,202,204,190,171,167,171,188,184,209,239,230,161,34,53,43,21,14,24,32,20,19,21,23,18,11,13,21,27,32,57,51,66,100,99,112,117,126,128,105,64,43,59,101,92,48,17,11,9,15,18,12,7,19,13,9,17,14,18,15,127,255,255,255,255
38,83,254,255,254,253,88,15,14,26,18,8,16,11,73,75,58,52,42,38,30,29,36,37,37,44,34,17,35,44,139,159,193,214,222,206,182,119,44,43,42,40,41,51,75,85,96,100,98,95,101,99,113,120,116,122,133,141,151,158,171,165,133,81,98,87,22,18,14,17,19,32,42,52,72,73,50,40,43,84,77,41,25,34,49,53,45,41,74,196,225,217,208,200,191,173,149,174,207,208,200,196,191,176,168,183,188,181,171,157,138,125,157,76,109,207,151,46,13,21,20,19,23,18,17,10,16,33,42,75,107,79,56,60,70,94,122,132,111,87,84,88,42,22,27,16,10,12,12,13,16,12,11,15,12,10,22,15,12,23,136,255,255,255,255
39,83,255,255,254,252,87,17,14,38,47,12,18,35,66,46,37,30,39,60,27,32,30,56,38,43,61,97,192,204,238,217,170,111,73,58,45,38,41,44,43,50,51,51,65,68,68,72,78,71,83,79,89,129,136,136,156,150,139,135,141,79,35,17,35,72,23,17,17,16,16,33,51,51,67,75,56,47,48,70,88,32,25,75,90,80,50,41,97,193,194,208,225,241,225,217,208,215,221,204,189,185,169,159,166,194,208,192,124,56,28,97,175,127,121,195,181,223,75,19,23,14,15,18,21,13,14,33,48,99,125,84,81,80,66,67,97,107,102,100,100,104,69,14,21,11,17,13,16,18,32,17,7,22,18,10,17,12,8,21,138,255,255,255,255
40,83,255,255,254,254,95,29,30,29,155,112,25,32,28,26,26,32,24,33,64,23,31,98,167,206,214,216,223,202,94,47,39,40,41,36,39,42,57,67,77,62,48,54,52,55,59,63,68,71,73,89,110,131,127,95,51,29,26,17,14,12,12,14,15,43,33,11,15,16,22,41,60,55,49,49,47,60,58,53,80,68,70,99,100,91,77,79,118,187,214,229,218,245,242,224,224,222,214,192,176,162,153,159,172,197,213,213,199,147,150,186,199,108,113,206,156,71,174,85,21,26,15,18,25,17,6,23,69,104,76,75,71,66,73,59,49,50,56,54,85,122,118,80,17,8,15,14,15,13,46,40,69,34,7,10,13,14,13,16,147,255,255,255,255
41,83,255,255,255,252,151,85,44,17,121,198,79,20,19,18,26,51,59,15,32,118,185,207,193,189,195,174,168,76,25,54,48,61,44,41,46,60,62,67,79,53,37,51,59,64,69,66,70,86,91,97,128,155,138,73,20,10,14,13,15,18,17,19,16,44,67,26,19,16,22,42,64,50,45,42,32,40,48,45,77,89,68,92,103,93,83,85,127,211,248,234,186,235,244,224,223,224,212,181,155,149,153,179,200,201,215,219,214,216,218,215,209,86,95,188,228,128,67,182,65,31,23,22,18,14,6,23,89,90,41,77,85,55,66,64,42,36,33,63,94,111,105,87,49,26,20,14,9,12,35,21,54,73,47,15,21,13,17,16,151,255,255,255,255
42,83,255,255,255,252,166,122,125,76,18,160,228,175,175,187,193,194,200,114,8,57,149,139,144,172,156,163,74,37,40,51,41,51,58,64,75,94,95,81,81,66,53,57,62,64,66,82,94,111,110,129,149,146,147,143,74,31,14,11,27,40,45,31,28,28,78,92,30,13,18,36,53,58,114,51,25,25,30,31,62,82,67,82,102,94,78,71,163,243,250,226,158,222,176,129,190,208,195,165,151,170,194,202,211,214,219,218,214,203,204,226,216,51,85,147,213,236,110,89,178,34,30,16,10,11,9,14,63,77,55,83,101,86,67,50,29,30,47,77,108,102,90,95,42,25,23,21,8,10,24,35,8,15,40,45,53,30,28,29,160,255,254,255,255
43,83,255,255,255,252,147,98,94,121,61,59,152,169,190,206,142,119,156,109,3,8,74,83,114,198,149,80,33,45,39,18,24,46,77,78,86,98,94,96,104,95,81,73,63,61,75,100,121,130,127,113,138,159,116,114,173,99,56,49,57,57,44,26,25,22,34,32,12,14,12,22,44,42,135,121,25,26,19,25,76,127,158,157,154,134,105,91,213,246,246,235,152,172,101,59,163,205,199,179,178,204,219,222,226,218,225,227,201,205,207,207,219,45,75,98,192,249,207,27,100,43,19,25,13,11,8,10,30,50,76,104,116,102,70,48,37,52,73,112,117,114,114,91,56,33,22,23,8,8,10,31,22,15,17,12,19,22,39,46,157,255,255,254,255
44,83,255,255,254,254,140,92,96,107,108,76,170,233,249,227,107,61,101,18,11,6,85,146,191,210,100,13,34,23,11,17,35,56,76,88,96,96,88,89,108,118,105,95,83,82,93,114,129,125,137,138,120,121,157,134,111,152,130,99,80,68,73,86,80,22,17,15,17,15,12,18,21,32,151,223,107,61,103,143,171,170,134,135,157,168,172,166,203,212,218,228,162,132,63,27,164,207,205,201,201,205,218,219,226,228,224,208,212,205,199,197,174,49,105,44,78,161,187,33,27,127,14,20,11,11,8,10,39,43,65,119,141,138,130,116,105,103,114,192,179,97,94,97,53,35,20,15,10,9,10,16,17,16,27,12,15,13,13,11,30,255,255,255,255
45,83,255,255,254,254,133,83,110,124,107,181,236,248,249,230,74,29,25,9,12,62,120,154,144,77,22,31,22,8,23,53,45,46,68,90,101,100,89,93,115,129,117,109,110,106,109,116,129,120,108,127,133,106,111,145,78,119,143,107,87,111,130,192,141,15,17,16,15,12,14,13,15,22,99,210,177,153,179,179,172,156,125,124,148,158,164,161,166,187,214,222,164,89,20,30,192,204,203,208,206,211,221,228,225,226,232,202,188,205,202,184,143,66,159,66,42,63,91,19,18,177,68,19,13,11,18,43,79,74,67,69,76,122,159,177,157,133,134,219,230,124,101,81,65,36,16,14,11,9,10,10,14,13,28,16,20,11,15,14,71,255,255,255,255
46,83,255,255,255,254,141,94,121,140,182,240,248,242,239,108,17,16,11,25,80,83,69,57,34,31,25,34,32,30,45,67,42,39,70,88,98,92,93,92,99,121,133,118,131,126,120,130,114,122,134,108,104,115,85,68,109,56,95,108,87,115,117,151,40,13,13,14,14,9,75,36,14,17,31,77,87,136,172,177,157,144,138,135,159,183,180,166,119,124,136,106,51,22,41,132,194,201,206,201,206,207,217,227,232,227,206,218,206,186,206,179,135,84,193,170,91,65,64,17,14,59,135,19,18,23,27,36,43,66,76,54,55,78,117,143,159,115,177,242,245,159,53,72,39,29,16,21,22,21,11,12,14,15,20,17,21,12,17,19,131,255,255,255,255
47,83,254,255,255,254,164,125,138,168,224,243,240,227,204,64,12,13,12,35,100,106,61,26,36,65,57,40,37,34,36,37,34,39,62,80,92,95,94,89,92,97,123,127,120,136,134,133,128,104,109,120,90,77,84,56,71,45,53,96,70,97,139,90,17,17,18,13,14,20,141,66,17,20,22,23,46,130,158,160,142,118,130,144,160,173,173,153,87,57,48,22,27,38,129,180,197,195,202,186,180,199,206,219,224,225,211,193,211,188,181,180,158,123,190,216,181,150,70,17,11,11,118,37,19,18,19,20,35,56,67,69,62,63,92,149,150,110,137,240,241,151,69,38,37,26,14,24,34,27,23,22,10,10,10,13,24,15,17,20,138,255,255,255,255
48,83,255,255,254,251,176,134,155,194,212,235,218,215,146,56,12,11,10,41,74,132,119,19,29,46,60,36,34,30,31,29,30,36,59,77,93,95,98,82,75,67,92,110,101,124,141,131,128,116,73,87,122,72,62,63,36,51,30,86,56,101,159,57,16,20,21,13,14,47,186,82,12,19,14,14,57,134,140,144,133,88,103,142,151,165,153,134,48,23,35,52,101,113,157,176,195,198,206,181,150,179,197,203,223,216,221,191,177,197,152,171,174,148,195,232,234,220,57,14,19,91,114,37,17,12,14,16,20,51,73,77,80,68,62,101,115,105,91,200,189,70,85,51,20,21,15,19,37,38,41,33,11,10,13,13,24,17,16,13,131,255,255,255,254
49,83,254,254,254,254,181,146,158,179,200,179,166,138,110,82,4,16,12,53,118,114,136,88,52,44,43,35,27,23,28,28,28,36,61,75,93,94,89,77,76,75,59,75,89,74,105,120,91,100,99,67,85,85,40,49,29,50,41,79,43,108,159,33,21,22,22,18,13,119,219,119,19,20,15,16,72,124,120,130,121,80,105,134,135,169,177,139,30,29,148,172,159,144,147,169,189,197,192,185,160,161,197,195,199,202,196,206,177,182,171,164,189,164,196,227,235,213,124,115,126,124,73,25,12,11,7,10,23,43,70,72,77,66,54,76,93,102,106,92,68,55,42,46,9,12,17,26,44,40,44,35,12,10,13,13,21,14,18,14,125,255,255,255,255
50,83,255,255,254,254,183,142,113,167,171,76,53,36,108,119,10,13,10,43,130,136,112,121,113,69,49,31,27,23,28,31,27,33,58,71,91,99,78,68,66,74,56,37,61,58,53,88,82,66,96,81,39,50,56,38,42,35,44,47,20,84,141,25,28,18,21,32,73,182,215,160,31,19,17,21,74,98,85,112,102,76,94,121,132,174,201,109,31,26,155,205,151,135,145,165,180,191,183,188,179,162,171,192,176,200,191,192,201,174,199,184,173,72,93,124,136,126,131,114,81,32,23,16,8,10,7,14,23,32,54,58,77,79,67,84,105,105,94,47,22,42,36,17,20,10,21,43,51,49,52,37,11,11,12,14,17,11,16,10,110,255,255,255,255
51,83,255,255,254,253,196,131,62,173,124,38,12,20,56,73,12,11,13,25,82,155,112,86,113,79,55,33,32,31,41,41,22,28,54,63,80,91,76,63,69,46,50,37,27,42,40,44,81,68,48,60,58,35,50,50,32,31,36,28,13,71,130,22,18,22,32,87,124,171,197,161,42,14,22,25,54,65,59,93,89,62,73,96,121,169,176,137,29,30,84,197,172,137,129,146,177,188,187,184,174,161,163,185,180,181,204,169,198,185,167,193,215,142,83,32,24,20,26,17,17,18,17,13,11,11,8,11,12,12,49,61,74,75,65,68,88,82,86,71,31,23,28,15,11,8,25,63,76,67,57,30,10,8,15,12,13,10,12,9,98,255,255,255,255
52,83,255,255,255,254,208,141,54,194,86,8,20,15,22,22,12,14,12,15,23,95,140,40,71,97,82,57,43,46,63,51,27,34,55,59,84,95,75,52,79,52,33,43,24,25,35,29,39,63,39,27,55,51,27,40,29,23,25,17,13,48,122,23,16,50,53,89,110,130,165,158,50,16,25,42,47,49,46,98,89,45,57,72,87,139,174,185,33,30,37,152,192,160,133,139,178,187,185,189,162,165,166,173,202,172,201,167,162,203,132,187,244,251,236,168,119,93,35,23,30,41,15,13,11,9,7,9,11,10,24,46,69,59,53,54,65,56,73,86,24,12,19,12,10,11,38,89,101,83,61,28,12,10,12,13,14,12,12,17,50,255,255,255,255
53,83,255,255,255,250,197,141,113,201,50,13,13,9,33,22,8,10,12,12,16,47,107,60,42,91,105,90,68,68,68,52,29,35,46,58,83,90,57,37,58,52,27,34,26,20,27,27,26,40,47,27,35,52,29,29,27,22,19,17,14,34,119,86,56,68,47,67,95,107,149,173,70,10,24,42,46,40,45,113,118,57,41,46,58,76,97,121,26,21,32,100,202,172,139,144,169,186,187,192,164,144,157,137,176,158,158,187,140,177,138,182,246,248,247,248,243,229,132,62,62,61,17,13,10,8,7,9,10,9,16,19,43,38,43,48,63,47,30,19,14,14,17,10,10,12,44,89,111,98,77,28,11,7,11,15,23,16,15,17,16,255,255,255,255
54,83,255,254,255,253,188,141,185,173,22,7,12,9,8,11,11,12,8,13,10,7,19,92,46,54,89,106,95,80,79,64,34,32,38,54,88,88,47,38,47,50,24,23,26,18,21,25,17,17,42,33,17,42,46,22,26,22,18,16,16,24,106,133,82,71,55,65,87,98,139,180,111,12,20,32,45,40,35,89,113,47,37,33,34,18,30,114,23,14,28,61,199,190,155,148,159,180,183,196,179,133,134,92,128,145,103,176,120,131,150,186,248,246,248,250,248,249,192,130,126,62,13,13,9,9,6,7,7,7,10,8,23,24,49,54,40,37,22,14,11,12,9,12,8,15,48,74,143,140,88,30,11,7,11,19,49,17,19,16,5,255,255,255,255
55,83,255,254,255,253,187,140,161,76,9,9,10,13,11,9,11,11,11,11,11,11,9,43,64,62,71,106,111,100,86,62,38,29,36,48,80,86,54,41,49,49,16,19,18,13,16,21,19,15,26,38,18,23,37,34,30,22,14,13,16,24,112,121,79,67,51,48,72,91,132,159,151,38,37,93,91,43,32,47,92,52,32,36,33,17,79,140,25,10,16,27,141,193,167,157,159,171,184,197,193,138,139,106,102,136,70,140,119,96,146,199,251,215,236,249,248,246,209,154,139,45,9,10,9,9,8,8,7,8,9,9,14,24,45,55,43,31,27,15,8,13,8,10,10,18,31,53,130,173,113,39,13,13,16,26,63,15,15,16,10,255,255,255,255
56,83,255,255,255,250,191,145,194,55,6,15,16,13,12,10,11,12,11,9,9,8,13,11,38,60,62,94,106,113,95,61,36,37,40,41,72,87,63,48,53,57,29,19,12,13,11,18,27,11,12,39,29,15,33,41,31,23,15,14,16,23,91,103,57,58,40,31,45,90,123,130,139,53,94,165,144,55,36,41,80,63,29,38,36,43,116,146,33,12,9,12,66,175,167,156,168,174,185,203,208,151,117,110,80,116,56,101,116,75,139,209,252,187,174,242,247,250,220,147,166,42,10,9,11,9,9,9,9,9,11,8,9,18,30,42,41,31,30,13,10,12,8,11,3,28,12,33,95,143,139,67,10,13,11,30,68,14,13,15,52,255,255,255,255
57,83,255,254,255,253,179,114,225,85,16,18,9,12,11,10,12,12,12,10,10,10,8,13,16,29,51,76,101,99,87,54,45,40,49,75,97,99,74,60,65,78,40,20,13,14,9,16,30,15,13,26,31,16,27,35,30,19,17,13,17,23,78,95,49,52,31,23,42,88,71,40,46,41,50,46,61,48,35,30,49,61,32,36,48,99,164,169,37,12,17,10,33,134,177,156,173,191,195,211,204,162,115,104,56,98,64,63,82,72,143,221,241,171,76,153,210,243,239,149,134,30,12,11,11,9,7,8,7,7,10,8,9,11,29,41,42,30,87,42,12,11,10,10,5,62,30,12,32,70,144,133,7,17,12,36,80,13,17,8,83,255,255,255,255
58,83,255,254,255,254,140,67,135,188,120,36,17,12,12,11,12,12,13,11,12,13,13,12,14,19,15,43,65,53,47,40,44,45,67,108,134,138,103,73,79,91,38,15,14,16,10,12,23,16,11,14,21,20,26,24,17,14,15,12,27,28,78,82,45,50,29,22,40,36,18,15,21,42,29,11,19,36,41,35,51,82,61,71,46,72,153,169,46,16,15,15,11,23,124,161,174,194,197,209,209,174,128,117,66,82,62,53,59,80,154,163,110,120,36,32,129,205,244,98,8,11,10,11,10,9,7,6,5,8,12,10,10,10,32,76,63,37,122,98,14,17,8,6,23,99,44,10,10,25,117,139,6,13,13,28,62,10,17,8,78,255,255,255,255
59,83,254,254,255,252,115,82,48,128,201,47,11,11,12,12,12,10,12,12,13,13,12,10,11,15,13,19,61,62,30,21,23,42,64,59,48,81,114,68,71,95,55,22,16,18,15,11,14,16,12,13,16,17,30,15,12,17,15,14,30,19,88,66,43,51,40,21,30,19,16,14,21,40,36,12,13,22,35,42,83,132,160,166,88,47,104,112,60,16,10,14,14,12,25,125,164,149,119,181,214,181,131,99,55,55,65,52,28,43,58,27,15,20,26,20,64,176,218,143,10,12,8,11,10,9,8,7,6,9,12,12,8,44,90,90,87,60,27,58,31,24,9,11,20,27,10,11,11,16,49,91,13,12,12,25,50,12,13,9,87,255,255,255,255
60,83,255,255,255,254,100,60,38,141,211,36,10,11,12,12,12,14,10,11,9,16,11,11,8,13,9,13,35,58,32,14,11,20,27,19,16,46,111,68,63,89,70,40,25,16,15,14,13,14,13,14,12,19,57,27,13,21,17,17,23,14,109,69,44,53,61,21,18,16,14,11,15,24,22,9,14,21,33,42,85,109,130,177,124,61,98,81,78,44,16,14,14,12,19,51,95,71,47,161,224,161,90,62,44,64,53,43,21,14,15,14,14,18,22,14,43,124,141,122,13,9,6,9,10,9,8,6,6,8,9,9,7,49,96,67,79,65,14,24,21,13,12,13,7,9,15,14,7,15,37,50,10,14,10,23,65,18,12,11,95,255,255,255,255
61,83,255,255,255,254,98,27,19,199,179,24,9,11,10,10,14,9,15,14,13,6,14,10,17,9,11,12,13,15,12,15,12,13,15,15,26,53,99,61,62,80,95,94,45,24,21,21,17,16,15,16,15,14,59,61,16,20,18,19,19,17,92,78,53,54,91,30,14,19,17,13,15,13,14,13,25,30,28,46,88,116,108,141,131,138,162,76,53,65,20,15,12,15,30,27,28,31,64,189,234,151,67,48,60,82,32,21,15,14,15,13,13,15,15,20,30,34,23,65,10,10,9,13,10,10,8,7,6,9,9,10,8,13,39,60,75,67,19,14,14,18,12,15,8,9,14,12,10,14,11,13,12,8,15,14,35,7,11,5,73,255,255,255,255
62,83,255,254,255,253,97,34,12,117,82,16,10,11,11,10,14,16,14,13,46,58,13,13,10,10,12,12,14,13,16,14,13,10,11,14,22,42,71,54,54,74,152,145,50,34,27,25,18,16,13,15,14,16,57,105,17,24,21,19,25,19,26,33,32,45,60,24,16,21,18,14,15,15,16,15,32,56,38,47,91,138,157,166,114,116,179,68,54,44,31,18,17,24,28,29,30,28,100,210,227,187,145,132,124,71,19,17,15,16,19,9,11,11,11,18,26,19,79,125,14,10,9,14,12,11,9,8,8,11,9,9,5,9,47,77,97,109,22,14,21,20,10,8,6,7,12,11,8,12,12,9,15,11,12,32,122,23,12,6,70,255,255,255,255
63,83,255,255,255,254,121,73,34,9,14,16,10,12,20,11,11,24,76,89,70,178,107,10,13,8,11,13,11,15,15,12,15,11,13,15,13,17,41,45,48,50,139,178,114,53,22,23,13,15,18,15,16,11,20,50,35,18,20,20,22,18,16,18,18,20,16,14,14,16,12,13,17,15,14,11,30,91,78,41,81,146,168,185,139,99,184,162,145,71,30,21,27,30,30,33,30,25,90,181,205,231,227,163,61,21,10,11,10,19,26,28,37,38,34,12,19,68,181,220,135,50,13,12,12,13,11,8,8,12,11,9,7,7,68,101,121,178,41,11,22,15,11,11,11,7,7,12,9,8,26,30,5,9,6,66,193,31,10,6,74,255,255,255,255
64,83,255,255,255,254,149,130,88,26,10,12,18,8,6,15,25,132,184,41,9,24,65,66,34,13,12,13,13,15,13,11,17,14,17,19,16,18,31,38,40,39,82,182,122,33,18,14,15,16,23,15,13,18,19,24,25,16,20,22,23,18,16,15,16,18,16,14,13,14,10,10,13,13,13,12,15,54,81,47,91,173,177,191,170,138,195,231,207,146,37,29,27,28,29,37,37,32,79,144,184,232,179,64,13,17,13,17,14,11,37,114,133,88,103,20,19,70,200,245,222,177,27,14,15,14,12,8,10,15,14,11,8,7,68,167,173,217,76,18,20,12,14,47,86,15,11,8,10,7,30,51,3,14,9,82,210,34,11,4,70,255,254,255,255
65,83,255,255,254,253,83,100,135,81,23,50,66,24,11,24,22,25,21,13,10,17,13,107,186,115,84,41,24,15,16,15,19,16,21,21,18,19,32,37,49,54,56,140,82,21,15,58,154,124,66,72,73,100,140,119,15,15,17,20,20,16,15,14,15,15,15,14,12,10,14,15,12,24,21,11,10,20,45,54,126,201,200,206,227,185,123,229,218,214,85,30,39,32,31,38,40,32,83,79,144,230,171,34,15,15,15,16,14,12,30,125,165,174,152,45,16,54,192,246,213,189,62,18,18,17,15,8,10,18,18,12,11,4,77,205,218,225,141,19,17,23,14,93,168,19,11,11,9,7,26,58,6,9,18,58,220,41,14,7,69,255,255,255,255
66,83,255,255,255,251,84,20,18,15,37,196,238,133,36,18,18,30,24,11,10,9,14,10,79,231,192,182,106,17,18,18,24,22,27,25,21,23,45,47,70,92,73,91,10,15,13,71,250,216,171,169,186,192,205,183,24,16,13,14,16,13,15,14,13,14,13,11,10,13,10,10,40,76,30,12,12,9,30,85,155,215,235,240,235,139,59,206,225,222,108,31,35,30,32,39,36,34,109,150,184,241,171,36,13,13,25,23,13,11,25,120,157,196,184,82,15,40,172,246,223,172,104,19,17,15,16,8,13,20,21,14,13,14,95,192,223,236,229,105,21,19,12,73,171,20,15,11,10,9,24,62,3,7,14,50,212,40,15,4,74,255,255,255,255
67,83,255,255,255,253,85,10,26,56,117,199,245,248,126,9,12,11,13,12,11,12,12,11,15,161,240,198,187,28,22,22,25,27,33,26,15,29,69,55,57,63,53,25,11,14,17,20,140,231,246,213,211,217,214,199,51,11,12,12,13,13,14,16,16,13,12,11,11,12,12,15,23,12,9,11,11,28,114,183,199,245,248,250,235,149,46,154,236,231,109,36,39,36,39,37,36,31,132,187,219,230,102,20,11,56,137,40,13,12,29,130,173,166,166,142,43,20,113,240,221,179,202,32,16,15,12,15,11,20,23,14,10,28,61,128,209,211,197,142,111,39,15,106,187,24,13,12,11,8,17,50,11,7,17,41,139,22,17,10,79,255,255,255,254
68,83,254,255,255,251,119,56,129,205,191,225,239,228,87,10,13,13,13,12,11,10,9,13,15,66,226,224,208,49,18,23,30,26,31,30,20,16,60,49,45,60,50,17,13,14,15,14,39,126,220,223,202,195,161,176,66,10,14,14,12,14,14,16,16,13,12,11,12,14,13,13,12,10,9,10,10,33,108,160,170,220,204,240,243,169,52,97,218,242,133,32,40,44,44,39,35,27,153,196,221,225,76,9,10,84,146,39,13,12,27,131,172,146,151,158,76,21,77,236,206,203,209,25,16,14,11,18,16,20,26,14,14,22,16,33,79,81,65,114,202,53,16,116,208,28,10,12,11,9,15,35,11,4,16,29,108,22,11,5,76,255,255,255,255
69,83,255,255,254,251,169,204,231,241,246,176,175,160,16,10,10,11,11,12,13,11,9,10,13,17,128,245,241,89,23,26,27,28,18,13,20,16,38,30,34,54,58,26,14,15,13,12,15,23,41,66,67,118,179,180,24,9,12,12,12,12,12,14,14,12,11,12,13,16,15,12,10,11,9,11,13,27,29,31,41,65,43,147,233,165,36,31,114,241,148,35,37,43,42,33,29,27,134,159,167,182,54,17,16,50,134,78,11,14,32,141,183,156,170,170,112,23,70,236,215,181,145,11,13,12,12,14,15,19,26,18,20,22,10,7,13,12,27,152,146,18,8,99,159,9,8,10,10,8,20,33,5,9,8,34,178,36,15,6,78,255,255,255,254
70,83,255,255,255,254,165,182,233,236,237,110,125,65,13,10,13,12,12,12,12,13,12,14,11,31,36,250,249,162,18,33,32,28,18,16,15,14,21,21,30,37,41,40,15,15,12,15,16,26,58,22,15,23,70,69,36,21,13,12,12,11,11,13,13,11,11,12,13,16,17,11,13,12,10,11,11,18,18,11,13,16,12,80,177,74,19,27,61,210,168,37,31,31,28,22,27,31,120,114,89,104,29,16,42,89,169,124,28,14,48,132,162,203,177,188,149,20,44,220,226,194,77,15,13,11,10,10,6,19,27,26,19,18,15,11,7,9,23,85,46,13,16,82,143,10,8,9,10,7,24,37,10,7,8,31,158,35,11,8,78,255,255,255,255
71,83,255,255,255,254,154,147,184,236,195,99,97,12,13,12,12,12,12,13,14,13,11,21,56,96,36,196,247,230,25,28,26,23,18,18,14,14,17,21,38,45,24,36,26,16,14,15,16,24,81,89,10,11,27,37,58,35,13,10,13,12,11,12,13,12,11,10,13,21,16,18,16,13,13,10,12,14,18,15,16,15,17,55,80,20,19,28,38,183,186,45,40,30,27,23,27,32,102,86,63,85,33,23,77,123,176,158,69,13,60,132,158,212,179,168,140,24,24,194,234,215,53,10,11,15,11,13,12,23,27,31,24,17,8,12,12,10,67,104,29,19,13,53,87,11,9,8,10,8,31,50,11,11,8,29,157,27,11,9,73,255,255,255,255
72,83,254,255,255,254,113,61,62,137,149,81,25,8,12,8,11,12,12,12,13,13,20,49,76,92,34,51,199,233,49,27,26,22,16,15,13,15,20,26,38,52,20,18,23,18,17,16,16,12,28,91,35,36,57,28,31,31,24,11,13,12,11,12,13,11,12,12,12,16,14,37,49,6,8,9,12,13,16,17,14,15,17,20,30,29,12,25,21,122,215,72,40,35,25,19,23,34,85,72,102,82,16,44,140,86,53,43,32,17,57,111,150,137,45,35,28,20,25,179,244,230,38,9,11,15,10,8,19,29,29,33,23,13,11,23,21,8,79,67,20,13,13,46,75,16,9,10,9,10,20,55,17,11,12,23,151,25,7,8,72,255,255,255,255
73,83,255,255,255,252,99,32,30,90,150,39,10,12,10,10,10,12,12,12,13,15,15,19,24,21,13,12,42,71,35,32,28,20,17,13,11,14,25,33,47,61,19,15,17,19,19,14,12,18,14,14,25,67,33,16,17,22,29,11,14,12,11,12,12,12,14,12,10,8,12,20,40,11,10,9,12,13,14,18,14,14,16,14,17,15,16,27,25,62,231,163,45,43,30,13,19,39,116,98,129,67,9,50,170,96,8,14,12,12,33,97,97,150,15,12,14,12,31,191,246,205,33,10,10,14,14,9,19,29,26,23,15,10,13,25,21,15,24,22,22,15,12,56,140,23,8,8,10,13,10,94,8,2,12,9,129,26,6,8,73,255,254,255,255
74,83,255,255,255,252,102,33,53,146,94,12,9,9,14,11,12,12,12,12,13,12,12,11,14,10,12,11,9,11,17,14,14,15,15,14,14,13,27,38,66,69,16,13,12,17,20,16,16,18,16,15,31,33,16,18,15,15,22,12,10,12,11,12,12,10,13,13,12,11,16,19,19,8,9,11,12,12,13,15,14,16,15,11,14,13,14,20,29,49,230,213,78,39,30,15,25,46,112,114,143,47,14,47,142,87,12,10,13,16,21,52,72,161,12,12,13,14,32,195,236,140,13,11,6,11,12,10,12,27,22,14,16,14,16,22,16,21,14,10,15,13,10,32,94,14,9,9,7,14,20,120,61,2,10,7,98,21,8,6,72,255,255,255,255
75,83,255,255,255,251,117,32,96,166,69,12,10,13,12,11,10,11,11,13,11,13,12,14,11,13,11,11,12,11,12,12,12,13,13,13,13,14,25,37,75,66,11,13,13,13,23,22,20,22,19,20,29,22,21,23,20,14,18,13,12,10,12,12,11,8,13,12,14,15,15,18,15,10,11,11,11,13,9,14,16,16,12,13,13,12,14,22,30,32,106,78,35,31,26,15,22,46,123,145,135,25,13,37,134,71,11,13,11,19,24,19,43,157,15,12,11,13,28,157,182,107,12,10,10,10,8,7,14,59,29,10,10,9,13,17,11,27,15,6,18,20,11,27,81,16,10,6,7,11,16,49,69,2,11,12,63,14,10,3,70,255,255,255,255
76,83,255,255,255,253,143,76,137,160,44,10,10,11,12,10,13,12,13,12,11,11,11,12,12,13,11,12,12,10,11,13,13,11,12,13,10,14,21,31,78,58,9,12,16,27,25,22,22,19,19,17,25,21,24,31,28,18,19,14,12,9,13,13,11,12,11,13,13,32,15,19,14,11,12,13,13,12,14,14,14,14,15,12,11,13,16,23,34,27,23,21,32,28,19,11,26,45,152,177,99,18,13,36,125,69,8,12,10,12,21,19,36,129,6,9,9,9,17,84,58,70,16,12,11,6,13,9,10,89,74,9,8,11,10,11,14,19,14,9,18,24,12,22,62,29,9,5,6,7,17,17,38,6,13,10,34,8,8,8,58,255,255,255,255
77,83,255,255,255,252,176,142,164,146,33,9,14,11,10,13,11,12,9,9,13,11,14,11,8,11,12,10,10,10,11,10,13,15,21,15,12,14,20,29,80,56,14,14,12,37,32,20,23,20,15,15,26,25,26,37,38,26,18,14,9,12,13,12,13,10,11,11,14,78,59,24,16,10,9,6,6,6,9,17,13,14,8,6,6,6,12,23,40,36,18,17,16,15,8,11,25,49,175,175,79,19,16,22,75,43,11,14,24,29,18,25,50,145,77,81,84,80,30,36,29,51,14,13,11,8,10,6,6,108,157,33,10,10,11,13,15,10,11,10,17,23,16,10,43,33,6,9,5,14,18,33,23,10,13,6,26,13,6,4,53,255,255,255,255
78,83,255,255,255,253,181,187,195,143,16,15,13,12,11,12,18,39,42,49,39,36,32,50,47,28,28,39,36,34,31,29,16,14,24,18,23,18,14,28,70,45,11,21,21,53,69,11,21,17,14,19,34,26,38,36,38,25,14,35,22,8,12,14,14,9,16,35,8,91,96,19,14,8,23,73,93,103,76,15,13,21,68,96,94,92,67,21,40,47,21,31,84,105,122,99,44,76,196,185,99,108,95,32,50,30,33,114,134,116,35,13,29,166,170,167,176,190,45,25,24,35,38,25,10,8,10,10,7,79,89,16,13,9,12,10,19,19,3,9,13,22,14,11,92,54,6,13,8,12,12,36,21,8,10,6,22,10,8,2,52,255,255,255,255
79,83,255,254,255,253,173,198,218,125,21,13,18,14,12,12,15,79,86,93,87,77,65,82,99,78,62,87,68,64,78,76,20,9,25,24,42,23,9,21,68,52,11,29,60,50,74,11,21,15,12,42,33,24,36,29,31,23,17,122,55,10,13,10,11,6,37,131,34,21,27,7,11,7,57,176,188,199,142,12,14,22,85,124,139,144,107,16,41,47,33,55,137,146,145,136,47,102,207,202,139,144,153,64,71,42,59,153,170,152,49,14,18,164,172,180,192,204,51,23,28,81,128,108,38,12,9,5,15,85,47,5,12,9,10,11,15,33,10,5,7,14,12,10,55,28,10,10,4,9,14,37,7,5,9,10,13,8,4,3,57,254,255,255,255
80,83,255,255,254,253,189,220,243,125,19,22,17,18,12,15,11,47,99,98,121,81,61,79,72,57,59,72,61,80,105,121,40,13,24,29,43,22,11,18,103,81,10,35,96,34,35,29,52,20,12,54,142,148,145,66,27,20,18,167,146,5,10,10,13,8,25,165,103,16,12,15,12,5,77,193,208,211,151,11,16,16,63,134,149,168,96,21,44,45,43,95,150,144,143,120,40,114,205,194,154,137,132,62,97,71,94,147,166,168,68,10,36,172,178,187,200,191,123,24,26,141,185,167,115,30,13,5,9,42,27,10,10,9,9,12,16,24,28,11,7,13,11,12,43,28,13,10,14,15,9,52,5,12,11,10,13,8,7,2,60,255,255,255,255
81,83,255,255,255,251,164,216,249,152,29,19,31,26,11,13,10,64,108,63,87,55,49,72,54,57,82,99,112,137,133,136,49,10,20,29,32,16,12,11,110,82,5,43,149,44,11,47,127,16,17,52,218,224,219,132,18,20,47,195,176,7,11,9,11,11,13,161,164,22,15,20,11,7,67,176,185,183,139,15,19,17,49,124,141,159,82,23,43,45,44,105,154,145,133,73,36,98,200,184,162,158,159,67,99,129,153,157,150,168,79,10,46,172,178,187,206,204,185,30,27,78,72,66,32,22,9,7,10,11,14,10,10,13,5,13,25,8,28,41,18,5,10,14,102,74,37,44,44,35,7,77,39,38,15,14,10,4,8,3,54,255,255,255,255
82,83,255,254,255,252,118,194,249,130,6,18,15,18,16,16,13,48,73,59,78,51,65,102,78,104,122,141,137,148,152,117,58,12,18,21,19,11,13,12,71,60,6,56,158,54,10,41,170,35,16,56,219,207,217,129,24,22,118,238,177,6,14,12,12,15,15,160,187,29,20,24,7,9,59,186,185,167,132,23,15,19,48,136,147,163,60,18,46,45,37,88,154,167,115,33,26,52,189,188,162,165,172,74,97,131,141,176,163,173,88,32,71,193,188,183,197,188,196,34,31,25,18,17,12,11,9,11,9,4,46,21,7,12,3,13,34,7,3,14,13,12,9,5,28,61,34,34,56,33,13,103,83,104,29,22,5,6,6,7,49,255,255,255,255
83,83,255,255,255,254,121,202,249,103,9,17,18,20,13,11,12,43,45,70,87,47,74,92,62,87,98,92,104,130,155,155,97,15,14,30,19,10,12,12,50,46,25,107,183,51,9,35,194,58,14,42,199,204,222,100,27,27,147,233,146,8,11,13,11,13,13,126,179,52,16,19,12,10,54,175,178,167,138,19,13,14,54,139,149,171,47,17,44,46,38,88,167,161,82,31,30,45,172,195,163,142,142,72,105,156,146,179,183,163,69,75,106,188,186,185,171,119,78,22,30,27,11,11,12,11,11,8,9,3,55,18,13,11,8,12,32,9,7,5,6,7,12,8,9,15,15,13,17,17,13,118,26,43,17,31,43,15,7,10,56,255,255,255,255
84,83,254,255,255,253,154,197,248,91,9,16,11,23,14,11,13,33,26,53,74,36,58,32,24,22,35,54,90,102,128,160,157,28,11,40,19,9,11,8,51,26,49,158,205,56,11,32,184,75,15,34,203,225,199,61,34,32,136,207,111,12,10,11,10,12,15,102,216,90,10,20,11,10,26,116,152,159,159,40,8,13,71,139,147,149,25,17,42,47,37,59,107,69,24,31,24,88,183,130,98,80,116,66,110,162,131,156,182,156,56,111,136,149,154,129,71,15,21,20,30,19,9,10,8,12,9,7,11,12,27,13,15,10,12,14,43,32,19,7,7,9,8,28,13,6,9,9,20,25,19,115,18,47,34,65,85,51,26,25,78,255,255,255,255
85,83,255,254,255,247,178,189,219,75,11,14,17,25,18,13,12,18,14,11,20,23,25,10,18,17,20,53,118,121,117,145,165,38,19,85,19,13,9,16,79,25,61,173,194,49,10,18,152,91,15,30,175,207,172,28,30,21,151,184,111,17,13,10,14,15,18,142,204,108,13,20,14,11,14,76,165,168,172,84,7,32,103,146,144,142,12,15,30,44,36,23,23,16,19,23,11,26,146,64,15,24,28,32,111,138,27,34,49,60,40,129,170,33,42,19,8,15,11,18,26,18,10,13,12,17,23,10,7,5,57,44,19,10,9,18,63,88,91,80,38,18,21,63,39,23,27,23,30,20,25,111,30,34,70,98,98,119,108,62,70,255,255,255,255
86,83,254,255,255,247,88,122,111,24,13,27,24,29,18,11,11,12,15,10,14,10,12,12,15,14,17,47,116,122,152,173,148,26,74,199,34,7,8,20,103,38,120,209,172,45,8,11,68,81,10,20,100,213,180,20,16,45,177,206,189,36,13,14,8,16,44,175,223,113,15,13,16,13,12,55,145,170,166,87,14,36,121,123,131,97,9,13,24,38,33,10,13,11,56,83,18,15,79,38,16,13,13,19,70,103,35,13,15,12,34,140,199,15,15,10,13,11,11,15,27,18,15,15,37,70,96,27,8,14,105,99,26,11,6,9,74,114,112,137,54,69,51,61,95,74,100,108,76,39,47,110,121,77,108,115,116,110,87,78,86,255,255,255,255
87,83,255,255,255,254,81,54,35,16,23,27,26,30,19,12,12,7,18,8,10,9,6,13,15,14,28,46,87,129,148,181,185,33,92,210,33,9,13,13,102,44,139,237,201,50,12,10,25,46,15,14,75,204,168,18,11,125,200,227,187,13,11,16,72,110,138,170,171,77,11,12,13,16,14,32,98,122,121,56,19,27,56,65,89,80,9,13,25,37,45,56,51,43,117,193,36,14,109,71,47,47,26,27,53,104,68,24,17,8,34,154,209,45,25,34,29,30,51,20,20,31,75,101,127,136,142,35,3,34,112,124,38,10,9,8,82,114,92,134,67,144,128,103,129,111,99,134,97,51,33,98,115,89,79,81,79,89,87,107,125,255,255,255,255
88,83,255,255,255,248,116,41,18,54,58,40,50,69,43,9,12,13,15,20,27,7,16,12,13,30,45,65,100,94,130,150,138,29,75,212,37,11,18,15,108,46,74,133,90,21,11,13,50,43,15,37,58,110,68,18,24,141,155,112,36,12,9,30,118,126,127,126,112,59,17,12,10,14,26,42,95,143,144,55,12,44,156,173,111,57,10,11,35,44,84,153,161,111,44,99,44,60,175,150,169,160,126,119,184,199,181,124,108,39,26,74,118,184,155,159,175,169,159,30,13,35,118,175,185,188,198,47,8,100,164,186,104,17,9,8,98,134,100,80,46,164,204,182,142,141,125,128,104,24,8,44,102,44,25,74,123,149,122,84,82,255,255,255,255
89,83,255,255,254,252,121,40,35,65,54,82,115,100,51,6,14,23,67,66,99,89,111,60,67,95,94,121,131,88,104,114,33,10,60,209,44,14,26,17,107,55,71,139,43,4,4,13,66,52,79,177,180,136,50,17,87,150,125,14,12,8,15,80,137,157,160,145,165,115,23,13,10,12,43,121,139,134,119,33,17,40,139,137,71,10,8,16,37,45,73,135,108,47,14,17,44,86,139,126,155,163,139,130,152,134,201,212,180,77,12,8,39,197,182,184,186,169,171,22,15,12,67,161,152,157,173,40,17,130,191,203,169,44,9,23,152,183,179,105,30,107,195,207,147,85,35,28,21,6,21,25,41,10,17,18,45,51,38,17,19,255,255,255,255
90,83,254,255,255,253,96,19,40,85,104,76,43,21,9,11,11,13,53,92,73,111,152,121,134,165,180,200,202,150,100,142,63,8,37,200,40,11,14,20,94,90,70,133,28,4,7,13,16,86,243,238,163,113,12,20,55,66,20,9,11,13,12,33,52,76,110,97,66,34,12,11,11,10,25,103,119,67,48,16,23,23,87,90,38,7,12,29,40,43,53,120,79,23,13,38,68,110,116,92,111,96,54,62,107,70,147,160,127,80,14,19,27,132,157,161,155,168,192,16,14,15,31,149,122,134,168,31,37,142,176,180,170,71,8,37,137,179,178,81,15,39,129,181,164,116,112,94,16,33,40,62,33,48,83,56,92,124,96,99,94,255,254,255,254
91,83,255,255,255,253,91,24,20,9,12,15,16,13,15,10,11,14,9,7,9,19,37,51,57,65,87,125,130,124,71,77,33,13,26,161,47,9,8,17,47,66,8,17,12,11,9,8,14,53,190,215,152,74,13,16,12,9,7,10,9,11,9,7,6,8,9,8,6,10,7,9,10,10,10,13,16,13,12,14,18,19,59,49,18,9,9,40,120,88,34,51,9,11,14,27,47,110,125,50,63,71,50,54,103,48,129,128,19,3,11,25,80,134,147,164,147,110,116,19,14,20,31,134,130,133,139,18,63,188,188,176,178,96,16,46,152,172,147,83,58,69,106,135,160,150,188,163,72,110,92,159,60,114,151,108,107,141,128,132,95,254,255,255,255
92,83,255,255,255,252,91,27,19,9,11,22,25,21,13,10,12,8,14,10,12,11,16,68,59,93,107,55,45,49,40,57,34,12,17,117,34,9,10,17,12,14,6,12,12,11,9,15,28,65,164,130,64,8,13,16,9,10,9,10,8,10,8,11,11,9,13,11,12,11,10,10,10,11,10,10,11,12,12,13,17,13,12,7,9,8,26,131,238,180,134,79,5,9,10,17,28,115,178,118,122,81,29,56,107,95,116,74,8,8,9,9,41,71,84,146,126,97,55,10,13,10,58,128,116,144,128,11,80,202,167,148,167,126,19,49,115,98,104,144,164,214,167,113,157,105,135,145,22,22,99,110,106,101,110,110,86,107,120,132,119,255,255,255,255
93,83,255,255,255,254,86,20,17,10,15,18,17,16,36,37,18,20,10,10,8,11,12,45,25,25,35,27,10,11,9,8,9,14,7,61,21,9,12,13,11,9,16,11,9,8,6,21,52,71,111,55,20,11,14,16,6,11,11,10,9,8,8,10,11,10,12,11,10,10,9,10,12,11,12,9,9,8,14,12,10,10,10,10,7,12,55,196,244,200,141,118,17,9,6,11,24,100,172,81,87,70,38,48,72,85,39,13,7,10,6,12,19,44,34,43,28,17,13,13,11,7,19,113,117,131,88,15,60,190,142,114,137,99,24,41,100,99,49,41,90,173,166,76,95,53,116,111,63,41,188,178,114,89,32,71,70,49,48,46,52,255,255,254,255
94,83,255,255,255,253,83,20,21,12,13,13,9,11,14,19,11,19,14,10,10,9,13,11,13,9,8,10,9,12,11,9,12,12,10,36,18,9,18,24,7,12,29,72,94,103,106,77,43,33,14,12,14,14,11,14,13,9,9,9,9,8,9,9,11,10,10,9,9,10,11,12,14,12,13,9,9,15,24,20,14,11,12,10,8,13,60,196,247,191,85,113,16,9,9,5,37,72,120,31,4,13,15,9,12,9,52,69,54,28,11,7,15,46,19,9,13,8,11,10,12,10,14,4,6,5,7,8,42,133,40,4,8,9,15,18,26,28,75,46,159,176,122,88,102,63,14,11,83,47,89,83,125,96,136,150,140,116,121,134,128,255,255,255,254
95,83,255,255,255,253,86,17,16,11,12,13,12,19,16,20,14,12,6,8,8,10,12,16,11,10,9,10,9,6,9,13,10,10,9,14,23,37,42,25,12,28,83,93,55,33,16,15,12,9,8,15,12,12,12,14,11,11,10,9,9,9,9,9,9,10,10,10,10,10,9,10,12,10,9,6,8,11,13,12,10,11,12,9,8,8,76,223,239,220,213,215,31,13,23,26,61,70,70,88,85,110,106,127,65,41,54,23,6,13,9,12,10,10,10,11,7,12,10,10,10,6,12,8,13,15,7,9,7,45,25,17,22,15,12,13,41,90,111,100,118,127,133,127,148,151,119,103,88,87,98,121,139,147,148,160,153,115,99,125,146,255,255,255,255
96,83,254,255,255,252,92,19,14,13,13,15,13,20,22,20,10,11,8,8,6,10,9,11,10,9,11,11,10,8,10,10,9,10,20,57,87,107,36,10,12,14,29,17,8,11,13,11,12,11,15,33,40,22,12,13,12,11,10,10,10,10,10,9,9,10,10,10,10,10,9,9,10,9,9,8,9,10,11,10,10,11,10,10,7,10,30,139,207,218,217,228,52,50,96,71,36,36,100,130,94,124,115,57,17,12,13,12,9,11,6,9,10,11,10,10,9,11,10,10,12,10,9,8,7,12,30,86,100,91,95,93,83,29,6,12,19,112,123,86,102,125,143,142,120,134,107,118,149,154,144,161,149,163,126,117,144,130,115,91,107,255,255,255,255
97,83,255,255,255,253,89,19,13,13,15,24,26,22,20,24,12,7,12,8,11,8,11,11,10,9,4,10,9,6,7,5,8,5,28,64,55,21,6,11,12,10,13,13,13,14,12,12,10,12,15,18,20,15,10,11,10,11,10,10,10,9,9,10,10,10,10,10,10,11,10,10,10,9,10,10,9,11,11,9,9,10,10,10,12,20,116,180,134,101,172,213,133,81,80,135,226,209,205,194,186,128,56,9,12,13,12,13,14,14,11,10,10,10,10,10,10,9,10,9,7,7,7,8,11,7,15,46,106,129,131,130,83,26,11,11,14,90,154,144,122,106,150,141,140,163,170,155,100,138,149,152,133,145,166,147,91,113,105,55,83,255,254,255,255
98,83,255,255,255,253,84,13,16,15,16,21,18,32,50,39,17,10,12,8,7,6,10,12,15,16,17,9,11,18,52,75,76,59,97,72,58,13,12,6,13,14,16,13,14,13,12,13,12,12,14,17,16,12,9,9,10,11,10,10,10,10,10,10,10,10,10,10,10,10,10,10,9,10,10,11,10,8,10,10,10,9,11,9,17,91,238,246,128,19,156,201,127,89,89,131,178,78,36,122,143,49,14,15,11,11,12,15,13,11,11,10,9,10,10,10,10,10,10,9,9,9,14,11,19,39,20,96,61,90,101,119,85,30,54,59,115,139,109,112,91,99,144,131,142,159,190,180,142,144,126,149,166,176,159,167,136,141,123,86,144,255,255,255,255
99,83,255,255,255,253,87,12,8,10,12,14,10,52,45,27,28,41,33,30,34,63,63,85,86,84,105,92,105,131,113,128,141,140,133,125,118,82,82,94,72,24,12,11,11,14,12,12,12,11,11,11,9,10,9,10,10,11,10,10,10,9,10,10,10,10,9,10,10,10,9,9,10,11,11,10,11,11,10,9,10,8,8,11,12,31,147,213,163,54,138,146,141,121,110,38,81,23,24,16,15,14,11,10,13,12,12,12,11,12,12,12,11,10,10,9,11,10,11,11,11,9,26,37,47,69,45,60,56,102,125,136,113,86,144,134,124,128,91,134,137,56,21,19,27,35,21,20,44,87,103,98,82,58,21,67,80,78,87,50,44,255,255,255,255
100,83,254,255,255,253,84,9,12,13,24,46,51,99,82,94,93,98,89,90,92,103,100,101,78,24,76,115,129,136,126,150,115,122,98,59,99,99,109,141,123,42,19,15,15,12,13,13,12,13,13,14,12,11,11,11,11,12,11,10,11,10,10,11,11,11,10,11,11,11,10,10,11,12,12,12,12,12,11,10,9,8,9,20,33,39,69,67,60,47,19,19,89,86,38,19,38,17,12,15,15,12,12,12,14,11,10,9,10,10,10,11,12,11,10,10,11,10,10,10,10,11,17,26,42,49,40,42,93,132,141,152,119,20,62,62,118,186,150,108,127,168,108,50,36,10,11,14,9,8,11,8,13,12,11,9,5,8,6,8,7,255,255,255,255
101,83,255,255,255,253,97,72,83,83,80,63,85,103,95,112,99,102,106,97,108,107,109,88,100,146,155,139,137,158,151,147,108,120,160,146,161,155,161,183,162,104,52,17,14,9,10,11,10,14,13,14,12,11,11,11,12,9,8,8,8,9,9,9,9,7,6,7,7,8,8,8,10,9,9,9,9,9,8,7,7,7,6,60,58,26,14,24,46,78,117,149,138,92,59,15,10,16,14,12,16,15,12,16,13,12,12,12,12,11,11,11,11,10,9,9,9,8,7,8,9,7,14,21,25,16,12,30,126,118,80,71,31,6,111,77,142,204,150,124,91,30,25,90,170,110,104,60,9,4,4,3,7,10,7,10,5,9,3,6,1,255,254,255,255
102,83,254,255,255,250,238,242,242,240,241,240,240,243,243,243,242,243,243,242,244,242,243,238,242,244,247,243,246,247,246,245,244,244,249,247,246,247,248,248,246,241,239,237,235,236,237,236,236,236,236,237,236,236,236,236,236,236,236,236,236,236,236,236,236,237,236,236,236,236,236,236,236,236,236,236,236,236,237,236,236,235,236,238,240,236,237,237,239,241,244,247,245,242,240,236,235,236,236,234,236,237,235,237,236,236,237,236,236,236,236,237,236,236,236,236,236,236,236,236,237,236,236,235,236,236,236,237,243,240,240,238,237,236,243,240,246,249,247,242,242,232,235,240,248,244,245,241,237,235,235,236,235,235,237,237,236,236,234,235,236,255,255,255,255
103,83,255,255,255,254,254,254,254,255,255,255,255,255,254,254,254,254,254,255,255,255,255,254,254,255,254,254,255,255,255,254,254,255,255,254,254,255,255,254,255,254,255,254,254,254,255,255,254,254,254,254,255,255,255,255,255,255,255,255,255,254,255,255,254,254,254,254,254,254,254,254,254,254,254,254,254,254,254,254,254,255,254,254,255,254,255,254,254,255,254,255,255,255,255,255,255,254,255,255,255,255,254,254,254,254,254,255,254,255,254,254,254,255,255,255,255,254,254,255,255,254,254,254,254,254,254,254,254,255,255,254,254,254,255,255,254,254,254,254,255,255,255,254,254,255,255,255,255,254,255,255,254,255,255,254,255,255,254,255,255,255,255,255,255
104,83,255,255,255,254,254,255,255,254,254,254,255,254,254,254,254,255,255,254,255,255,255,254,255,254,254,255,254,254,254,254,254,255,254,254,255,255,255,254,255,254,255,254,255,255,255,255,254,255,254,254,254,254,255,255,255,254,255,255,255,254,254,254,254,254,255,255,255,254,255,255,254,255,254,254,254,254,254,255,255,255,254,255,254,254,254,254,254,254,254,255,254,255,255,254,255,255,255,254,255,254,255,254,255,254,254,255,254,254,254,253,255,255,254,254,255,255,255,255,255,255,255,255,255,254,255,255,255,255,255,255,254,255,255,255,255,255,255,255,255,255,255,255,255,255,255,255,255,255,255,255,255,255,255,255,255,255,255,255,254,255,255,255,255
105,83,255,255,255,252,253,251,252,251,253,254,253,254,254,254,250,251,251,253,254,254,252,252,252,252,251,251,253,253,252,254,254,254,253,252,252,255,255,255,254,254,254,251,251,252,251,252,252,252,253,254,254,255,255,255,255,255,255,255,254,251,251,251,253,255,254,254,254,254,254,254,255,251,251,251,251,252,253,252,251,254,255,254,254,252,253,252,254,254,255,254,254,255,254,254,254,254,254,253,253,253,253,253,251,254,254,254,254,251,251,253,251,254,254,255,254,255,255,255,255,255,255,255,255,254,255,255,255,255,255,254,255,255,255,255,255,255,255,255,255,255,255,255,255,255,255,255,255,255,255,255,255,255,255,254,255,255,255,255,255,255,255,255,255
106,83,255,255,255,252,253,253,253,250,252,252,252,254,254,254,251,253,253,254,254,254,252,251,252,251,252,253,252,254,252,254,254,254,254,253,254,254,254,254,254,254,254,254,254,251,250,251,254,253,251,249,254,254,254,254,254,254,254,254,254,251,253,251,254,254,254,255,254,255,255,254,255,252,252,252,253,252,254,253,251,253,254,254,253,253,252,251,254,254,254,254,255,254,254,254,255,254,254,253,253,253,250,253,249,252,254,254,253,253,253,250,250,254,254,254,254,254,255,255,255,255,255,255,255,255,255,255,255,254,255,255,255,255,255,255,255,255,255,255,255,255,255,255,255,255,255,255,255,255,254,255,255,255,255,255,255,255,254,255,255,255,255,255,255
107,83,255,255,255,254,253,138,166,252,249,248,169,254,254,254,250,202,236,248,254,252,189,254,254,250,125,207,254,254,173,252,253,254,254,254,243,253,252,254,253,254,254,246,246,240,192,248,254,253,235,218,251,253,249,253,254,255,254,253,252,245,235,202,253,254,252,254,253,254,253,252,252,214,200,253,162,250,251,250,243,251,252,252,248,219,108,203,252,251,254,252,252,253,254,252,253,254,254,248,254,244,127,152,248,252,249,254,251,254,253,198,182,254,253,253,254,255,255,255,255,255,255,255,255,255,255,255,255,255,255,255,255,254,254,255,255,255,255,255,255,255,255,255,255,255,255,255,255,255,255,255,255,255,255,255,255,255,255,255,255,255,255,255,255
108,83,255,255,255,249,99,239,196,250,146,245,80,157,246,138,225,150,56,251,249,149,122,240,147,220,65,207,193,167,172,223,140,237,167,174,89,195,249,165,182,189,161,148,126,88,144,197,155,253,237,204,162,171,250,218,160,221,203,157,227,157,70,141,156,234,164,187,198,158,160,178,254,196,130,231,77,222,140,206,80,201,160,250,251,124,244,180,181,182,175,189,209,151,236,145,229,165,189,253,249,244,171,217,190,172,205,139,232,109,129,197,125,254,251,253,254,255,255,255,255,255,255,255,255,255,255,254,255,255,255,255,255,255,255,255,255,254,255,255,255,255,255,255,255,255,255,255,255,255,255,255,255,255,255,255,255,255,255,255,255,255,255,255,255
109,83,255,255,255,245,83,254,250,161,243,118,89,200,200,212,119,158,141,219,200,210,120,97,186,141,134,143,116,216,111,104,184,129,167,125,159,250,226,184,207,184,158,202,225,172,138,82,148,213,225,167,163,152,247,191,228,112,139,197,146,193,160,155,214,113,126,115,146,213,171,145,241,200,135,183,116,208,187,163,160,151,193,187,234,174,186,85,124,213,172,165,120,188,169,172,202,187,143,239,246,249,64,69,216,144,203,191,179,230,160,156,124,251,254,254,254,255,255,255,255,255,255,255,255,255,255,255,255,255,255,255,255,255,255,255,255,255,255,255,255,255,255,254,255,255,255,255,255,255,255,254,255,255,255,255,255,255,255,254,255,255,255,255,255
110,83,255,254,255,251,112,250,143,152,252,115,72,201,159,220,117,160,131,225,210,216,131,102,236,194,132,139,123,201,105,130,234,184,183,127,166,251,225,190,178,109,160,202,226,169,132,130,208,235,224,163,176,155,247,190,245,100,148,205,147,222,153,161,223,113,176,183,164,223,186,141,247,196,155,126,139,155,193,163,158,146,212,180,252,114,251,129,127,220,180,167,179,166,151,209,120,193,143,233,252,240,170,240,141,183,140,196,169,128,248,156,123,240,253,254,254,255,255,255,255,255,255,255,255,255,255,255,255,255,255,255,255,255,255,255,255,255,255,255,255,255,255,255,255,255,255,255,255,254,255,255,255,255,255,255,255,255,255,255,255,255,255,255,255
111,83,255,255,255,254,251,148,209,249,143,241,177,175,237,148,201,226,190,247,250,157,204,239,150,245,211,222,205,178,212,237,149,240,225,213,233,218,252,171,204,174,194,223,203,189,217,208,170,253,244,225,224,217,254,232,253,204,205,167,237,245,209,212,243,219,180,199,224,242,231,215,253,234,236,213,213,212,163,225,198,204,169,249,251,237,146,217,215,251,174,194,211,155,241,144,232,170,199,180,240,251,174,177,247,230,223,162,213,175,185,214,212,209,253,255,254,255,255,255,255,255,255,255,255,255,254,255,255,255,255,255,255,255,255,255,255,255,255,255,255,255,255,255,255,255,255,255,255,255,255,255,255,255,255,255,255,255,255,254,255,255,255,255,255
112,83,255,255,255,254,252,246,254,250,246,245,254,251,248,250,250,251,248,254,254,253,254,253,251,249,248,253,246,250,245,254,254,247,253,253,248,249,252,249,249,248,248,253,252,252,252,251,253,248,252,252,251,251,252,252,250,248,253,254,251,252,250,250,251,251,250,248,252,248,251,250,250,251,250,247,254,253,250,253,252,251,252,253,249,253,248,251,249,250,242,254,247,253,249,252,253,247,251,249,249,251,250,251,252,249,251,252,254,251,251,252,247,252,253,253,254,255,255,255,255,255,255,255,255,255,255,255,255,254,255,255,255,255,255,255,255,255,255,255,255,255,255,255,255,255,255,255,255,255,255,255,255,255,255,255,255,255,255,255,255,255,255,255,255
113,83,255,254,255,254,253,251,247,245,251,251,251,254,246,250,254,245,252,251,246,253,253,253,248,253,245,245,253,252,249,248,253,251,249,250,247,253,252,252,253,250,249,254,247,252,251,253,248,253,251,252,253,249,248,251,249,245,250,253,250,251,249,248,247,250,253,245,251,249,247,254,249,248,250,253,250,253,253,249,251,249,252,251,252,252,252,252,252,254,251,252,249,253,250,251,243,252,249,252,254,248,251,248,254,248,253,254,251,251,254,249,248,251,252,254,253,255,255,254,255,255,255,255,255,255,255,255,255,255,255,255,255,254,255,255,254,255,255,255,255,255,255,255,255,255,255,255,255,255,255,255,255,255,254,255,255,255,255,255,255,255,255,255,255
114,83,255,255,255,252,254,253,254,253,253,254,253,254,254,253,253,254,253,254,254,253,253,254,254,254,252,251,253,254,254,252,254,253,254,248,254,254,254,254,254,252,252,253,254,254,252,252,252,254,252,254,254,252,254,252,253,254,253,252,253,253,254,252,254,254,252,253,253,253,254,251,253,254,252,254,252,253,252,254,253,254,254,251,253,253,253,253,254,254,252,254,254,254,252,252,255,253,254,254,252,250,254,254,253,253,252,253,253,254,254,254,254,250,254,253,252,255,255,255,255,255,255,255,255,255,255,254,255,255,255,255,255,255,254,255,255,255,255,255,255,255,255,255,255,255,255,255,255,254,255,255,255,255,255,255,255,255,255,255,254,255,255,255,255
115,83,255,255,254,255,255,254,254,255,254,254,255,254,254,254,255,254,255,255,254,255,255,254,255,254,255,255,255,255,255,254,255,255,254,255,254,254,255,254,254,255,254,254,254,254,254,255,255,254,255,254,254,254,255,255,254,254,254,254,254,254,254,255,255,255,254,254,255,255,255,255,254,255,255,254,255,254,254,254,255,255,254,255,255,255,255,254,254,255,255,255,255,254,255,254,255,254,254,254,254,254,254,255,255,254,255,255,254,254,254,254,255,255,254,254,254,255,255,255,255,255,255,255,255,255,255,255,255,255,255,255,255,255,255,255,255,255,255,255,255,255,254,254,254,255,255,255,255,255,255,255,255,255,255,255,255,255,255,255,255,255,255,255,255
116,83,255,254,254,255,255,255,255,255,255,255,255,255,255,255,255,255,255,255,255,255,255,255,255,255,255,255,254,254,255,254,255,255,255,255,255,255,255,255,255,255,255,255,254,254,255,255,255,255,255,255,255,255,255,255,255,255,255,254,255,255,255,255,255,255,255,255,255,255,255,255,255,255,255,255,255,255,255,255,255,255,255,255,255,255,255,255,255,255,255,255,255,255,255,255,255,255,255,255,255,255,255,255,255,255,255,254,255,255,255,254,255,255,255,255,255,255,255,255,255,254,255,255,255,255,255,255,255,255,255,255,255,255,255,255,255,255,255,255,255,255,255,255,255,255,255,255,255,255,255,255,254,255,255,255,255,255,254,255,255,255,254,255,255
