0,136,80,90,60,54,74,93,129,132,122,99,189,87,53,62,103,109,112,92,66,62,48,152,163,129,101,90,155,157,105,117,154,101,173,191,193,186,211,195,200,218,234,189,185,227,221,233,227,226,210,220,214,215,213,216,216,214,212,211,204,192,171,186,170,154,157,171,157,87,64,72,65,49,63,44,40,83,87,73,48,88,89,98,82,54,80,86,112,76,62,159,80,115,128,158,158,105,143,68,44,86,97,92,61,73,41,43,165,143,91,77,134,101,79,100,121,122,47,92,72,84,109,66,107,54,118,77,124,100,34,137,157,159,134,84,136,84,73,74,97,62,12,91,69,95,92,108,87,109,71
1,88,78,88,91,82,100,76,154,68,92,67,143,99,59,51,128,115,93,79,81,73,48,124,103,105,157,111,129,142,134,111,200,229,226,194,192,199,207,208,216,229,218,162,197,223,219,217,217,215,207,208,211,204,206,210,204,205,204,208,206,205,210,204,195,186,171,197,201,198,186,149,83,69,58,58,57,79,76,81,89,87,80,61,71,100,107,89,85,70,41,56,83,114,151,132,126,83,76,85,46,40,124,131,68,64,76,67,109,41,85,121,73,91,39,116,120,67,54,52,62,69,97,126,75,85,41,85,107,63,56,144,110,89,97,109,101,41,55,48,54,50,41,83,53,88,149,80,73,131,83
2,117,116,111,178,138,155,190,188,105,197,135,134,87,55,27,69,105,118,82,102,164,58,95,160,150,89,217,137,178,150,161,214,222,215,207,211,228,213,213,200,176,155,182,196,203,213,216,204,211,210,199,197,202,197,198,199,204,199,199,198,200,198,198,192,185,184,172,176,198,190,164,154,168,134,133,120,92,108,132,137,110,93,63,101,91,93,72,97,109,51,91,114,137,111,110,94,97,94,74,59,46,47,70,99,71,77,92,83,68,65,37,68,73,37,63,87,81,98,106,42,68,123,78,82,57,48,77,85,49,92,175,198,128,137,131,51,88,75,85,60,49,86,62,69,95,110,134,104,141,117
3,133,103,133,125,110,128,159,117,119,112,163,118,76,47,75,25,74,105,96,33,90,74,88,162,109,111,120,192,92,151,207,218,208,205,206,224,220,177,159,150,154,175,183,205,207,188,176,209,190,189,193,200,186,191,199,195,189,184,185,186,189,198,190,190,181,189,190,192,186,192,187,186,159,156,180,190,191,178,164,167,144,120,127,62,61,74,71,65,95,111,71,103,91,61,149,76,98,97,109,69,63,34,99,88,160,74,58,87,101,50,24,77,82,38,104,99,93,77,95,49,65,103,104,63,58,78,78,88,61,138,149,125,173,181,125,85,105,81,42,97,64,83,79,111,111,105,34,106,80,128
4,90,103,68,114,94,138,122,126,79,118,129,60,131,95,116,52,53,56,104,89,112,104,73,166,113,170,101,123,109,249,225,187,184,210,223,233,169,146,130,128,190,191,196,198,185,204,206,193,188,210,193,174,191,194,186,171,171,164,163,171,188,193,195,188,173,189,195,197,195,189,190,193,185,203,219,200,211,216,207,205,171,151,151,145,79,86,58,89,97,76,74,78,63,107,88,111,83,76,99,85,73,67,71,77,121,52,97,90,91,113,99,117,74,62,62,88,66,121,100,67,24,82,140,49,100,105,101,96,85,96,120,101,112,144,160,107,148,117,126,35,143,74,109,127,116,97,108,110,129,147
5,85,26,86,83,68,69,94,109,101,112,170,85,163,113,108,83,43,57,86,83,92,107,129,142,139,180,212,208,201,193,200,187,200,201,229,208,173,170,164,172,187,204,195,199,232,220,211,204,188,157,164,174,195,148,151,154,169,152,160,173,188,182,186,178,166,170,177,185,183,180,185,192,203,210,219,210,220,226,214,205,182,167,166,186,147,73,106,85,63,118,110,149,83,77,62,114,44,60,65,64,69,48,71,83,67,73,60,97,107,96,87,144,73,42,94,57,41,97,119,116,38,51,141,80,95,98,75,92,105,108,81,163,147,157,167,169,160,115,62,40,124,154,130,108,141,150,95,81,91,63
6,143,96,104,124,118,103,102,61,107,119,119,77,109,74,94,84,39,45,96,160,148,121,69,78,129,239,221,199,200,194,187,190,210,230,210,171,150,162,172,205,210,206,210,226,207,201,187,144,101,89,102,134,180,156,155,176,170,158,175,187,188,187,166,170,182,170,174,170,169,170,184,197,210,212,211,210,223,228,214,204,168,184,190,195,169,124,64,54,85,56,65,114,71,57,104,69,82,44,60,85,63,62,64,75,124,72,54,87,106,66,65,70,67,40,74,44,78,104,74,137,85,73,77,69,144,86,84,52,96,92,126,91,122,141,114,130,111,121,43,101,100,122,109,130,106,136,124,119,108,136
7,88,159,177,125,161,179,186,101,113,120,171,94,72,107,118,103,95,103,88,127,148,136,91,51,204,255,227,216,210,204,212,220,231,221,181,170,159,152,124,125,157,169,164,149,148,120,89,87,105,118,114,154,166,184,188,178,175,181,187,174,163,147,160,168,149,148,175,165,164,169,189,207,215,225,222,214,224,224,212,212,187,194,196,189,174,168,99,60,51,55,99,88,126,84,60,86,74,112,103,59,56,64,62,112,61,109,76,85,78,37,75,51,61,74,45,70,73,107,123,123,104,32,48,56,84,74,61,54,41,80,90,113,118,82,103,115,100,93,88,118,145,146,126,105,120,104,76,60,72,115
8,70,128,70,62,124,191,176,133,140,105,84,90,41,126,102,158,66,124,93,103,134,104,161,30,208,250,236,218,213,210,214,224,230,198,176,166,149,145,138,110,86,80,79,82,86,93,97,116,146,166,168,188,196,199,186,188,199,192,176,168,187,172,143,144,151,175,153,139,169,174,201,216,215,219,216,212,214,229,216,217,188,187,205,193,200,193,187,108,32,33,60,63,66,106,84,71,72,81,89,59,60,46,23,114,27,42,70,56,72,63,98,83,63,116,63,72,50,77,65,97,88,45,40,70,74,60,67,76,54,97,72,107,101,134,116,91,115,62,59,95,125,134,85,107,46,91,106,118,82,92
9,113,106,91,92,110,128,162,98,74,88,52,85,19,76,74,132,67,69,129,95,102,100,118,98,214,242,234,229,211,212,221,221,229,207,159,163,142,140,150,139,133,125,124,128,128,131,133,145,158,184,190,196,203,186,197,209,184,193,195,194,188,172,162,170,171,135,117,148,153,196,213,209,212,215,212,209,212,225,219,223,195,181,202,204,224,210,208,184,49,14,59,36,39,79,104,71,69,68,78,73,96,92,65,44,35,60,63,78,53,67,76,75,60,34,70,53,47,66,77,97,102,44,49,56,99,81,46,99,77,78,101,66,87,133,85,114,78,79,78,82,91,79,106,90,94,60,158,87,86,91
10,94,92,89,78,76,73,124,174,173,53,65,73,50,77,72,83,112,80,83,96,123,106,71,85,170,221,221,233,219,209,215,220,226,211,148,165,147,139,154,155,143,133,132,137,140,144,155,168,182,204,204,194,196,208,207,195,196,200,195,188,187,192,192,170,162,156,177,172,189,216,201,206,217,218,214,213,213,217,217,223,195,174,198,220,228,216,211,199,160,36,59,31,24,15,56,67,70,63,33,64,99,37,73,31,36,70,112,22,37,43,72,71,42,33,83,63,68,55,76,83,72,18,43,56,88,37,47,48,62,85,118,87,94,152,144,96,74,56,69,139,134,49,95,123,72,81,70,120,124,89
11,71,100,82,73,56,79,118,185,188,141,106,126,54,106,94,122,115,105,87,110,119,144,87,97,88,207,211,230,219,206,214,215,214,192,151,165,161,141,154,157,162,150,148,155,143,148,166,179,194,206,206,203,216,208,187,200,198,190,182,190,197,200,189,182,190,193,177,174,225,221,202,211,221,220,215,217,217,211,210,212,190,175,180,205,220,216,227,207,167,90,68,52,62,60,57,37,75,56,58,80,59,50,40,33,63,33,102,83,42,39,77,63,51,81,40,110,72,28,45,68,122,50,19,39,76,115,66,72,50,105,61,97,55,136,114,112,92,51,101,62,136,87,85,115,68,104,86,71,92,109
12,86,125,94,82,93,85,84,79,115,123,119,109,51,111,105,116,115,132,134,137,95,117,131,126,127,214,204,228,221,217,202,205,185,183,157,149,156,153,147,161,156,154,147,151,149,147,179,181,216,197,202,217,216,197,204,212,193,175,195,207,190,181,203,206,205,186,192,193,227,220,211,207,215,219,223,219,216,198,201,205,192,172,170,180,199,209,228,216,197,140,81,71,38,24,57,29,59,43,43,47,100,29,40,69,49,38,61,76,60,41,96,104,57,53,91,59,57,40,58,58,143,50,44,47,48,106,93,77,106,80,90,79,72,140,90,87,64,80,99,85,110,104,158,126,69,133,120,98,138,75
13,88,80,66,116,100,79,65,101,128,120,125,78,58,98,87,93,103,122,126,73,135,135,121,140,130,149,199,235,215,210,194,188,187,146,145,158,168,169,148,160,164,150,157,136,158,155,167,200,209,210,217,215,200,215,220,199,186,200,213,200,192,198,217,206,200,203,207,206,235,228,218,211,208,211,216,214,225,194,201,206,186,168,170,175,183,195,223,223,211,186,174,77,20,40,39,40,62,36,37,59,50,29,22,51,78,21,33,67,85,64,71,96,63,40,45,75,75,63,37,41,24,81,34,74,64,54,97,59,117,126,152,87,71,140,94,68,86,80,97,86,56,102,180,105,120,116,65,54,51,92
14,69,109,81,80,97,97,88,130,113,102,122,110,69,111,86,108,97,124,146,95,88,122,104,100,111,75,209,208,210,207,197,184,163,107,129,166,158,167,141,153,135,154,160,167,153,162,174,217,199,214,215,205,212,219,210,204,211,212,196,193,204,213,215,196,214,227,220,216,233,227,216,207,210,210,214,215,230,188,197,209,181,161,167,169,181,197,214,224,205,190,205,124,22,43,38,51,75,34,21,22,29,36,35,28,21,55,15,25,44,65,55,66,66,70,63,89,60,41,46,44,44,62,31,57,53,84,102,62,83,174,141,123,77,102,70,50,65,111,92,93,136,95,101,108,152,169,136,124,121,82
15,70,120,104,102,109,101,96,146,142,94,106,137,57,128,111,134,137,116,148,134,89,116,119,110,139,89,198,192,192,188,176,151,116,100,121,166,164,173,152,151,175,183,154,171,167,165,214,205,214,223,211,213,222,211,203,215,221,211,195,205,213,212,201,201,226,224,217,225,231,228,221,211,217,214,214,214,221,184,188,212,184,155,162,169,178,207,203,221,215,208,209,197,37,39,17,44,79,47,30,33,97,65,64,50,60,56,32,21,42,66,64,75,58,59,62,82,65,73,80,77,56,72,65,57,81,69,73,126,104,71,81,115,79,85,109,86,64,106,136,78,89,151,129,137,125,117,93,122,115,75
16,133,123,129,107,108,67,83,112,103,139,107,127,114,95,116,108,102,152,123,143,88,68,91,123,97,98,99,169,178,173,125,111,95,102,131,162,175,180,158,162,175,177,174,174,181,187,212,212,218,213,220,221,212,209,216,215,219,191,204,214,216,208,202,221,222,217,218,234,232,227,222,214,216,216,214,216,231,180,188,212,190,155,158,171,178,200,207,208,223,228,230,218,69,22,30,36,72,57,52,44,36,102,76,64,85,65,71,32,31,75,70,81,88,78,103,89,85,66,86,96,81,74,29,121,83,63,107,139,102,139,102,141,102,95,112,108,91,73,92,77,82,79,121,85,119,89,62,77,104,92
17,80,120,117,143,122,125,127,154,109,109,148,120,83,63,106,95,75,120,143,124,131,58,96,105,115,114,86,182,160,131,87,102,110,121,136,162,177,183,161,157,175,180,180,184,182,210,217,220,221,220,222,215,207,218,219,209,203,208,220,216,208,208,215,223,211,217,225,232,221,222,226,220,220,213,208,217,211,188,182,203,184,157,157,165,175,197,208,209,215,222,233,231,190,26,58,47,59,56,53,44,49,87,67,53,45,58,40,27,32,53,60,93,48,52,90,75,76,105,75,103,82,99,36,42,97,77,74,99,66,60,85,133,130,48,87,96,104,119,64,125,79,117,111,102,47,49,48,68,92,73
18,108,92,107,96,118,149,118,157,103,111,137,86,59,86,118,76,147,191,145,162,84,100,78,101,130,182,97,200,148,133,121,134,139,147,147,163,173,178,163,159,180,185,186,190,190,226,218,218,219,221,217,210,218,227,217,197,200,214,213,210,201,212,221,217,210,225,234,229,201,208,220,222,218,207,201,213,211,190,169,196,182,164,156,161,173,195,212,212,203,210,227,235,254,124,53,44,45,50,51,69,80,62,71,51,68,53,61,24,22,65,117,60,79,51,73,52,54,64,55,76,104,99,86,93,53,69,120,112,120,131,106,71,74,62,94,116,111,114,132,126,72,29,67,116,117,81,88,54,71,72
19,130,102,103,100,130,112,124,132,202,154,114,80,83,65,92,145,105,133,142,91,114,84,69,114,117,111,96,200,167,155,155,159,167,160,157,162,174,177,175,184,196,198,194,193,210,224,222,212,218,219,214,219,229,218,212,202,224,226,215,211,212,226,217,212,217,230,232,217,196,198,212,225,219,211,206,216,216,190,186,188,180,163,145,155,165,186,209,208,205,207,219,229,215,238,131,55,46,35,46,63,72,44,59,72,85,62,82,46,39,45,81,54,62,67,75,82,107,103,127,159,89,79,59,88,49,79,73,117,110,120,61,99,86,72,90,64,75,93,111,123,92,68,69,43,105,166,90,94,102,71
20,90,182,130,121,113,99,122,176,157,131,74,119,131,111,131,143,120,131,129,112,117,108,67,82,124,124,136,127,214,170,178,155,170,167,162,164,160,180,186,190,198,199,203,206,222,219,222,218,222,216,218,225,224,219,212,220,225,221,208,209,231,224,216,216,223,228,216,210,194,206,193,237,226,218,210,218,222,190,175,198,176,162,130,156,163,186,202,203,208,214,213,225,226,218,205,105,63,94,158,159,97,50,121,67,121,96,114,79,14,36,73,57,59,48,67,115,153,73,83,79,113,117,84,93,54,77,94,128,70,66,139,78,76,83,78,68,86,99,124,47,63,90,87,90,117,95,171,129,86,52
21,132,121,81,83,67,80,110,105,157,107,66,159,83,54,126,138,170,120,106,103,113,124,79,58,110,93,94,137,221,190,169,178,180,179,173,170,166,181,191,202,205,206,211,216,225,225,218,222,226,221,221,223,216,211,218,225,226,220,212,218,224,217,212,211,217,218,201,196,203,207,183,223,226,221,215,222,220,198,175,190,170,151,138,132,165,184,199,203,208,216,213,217,221,219,222,176,145,142,149,173,174,134,65,73,77,69,100,65,21,47,57,90,62,47,82,90,99,106,113,103,96,134,78,63,60,67,101,114,84,124,58,79,113,68,68,29,46,104,125,66,55,84,106,101,110,89,60,154,146,106
22,196,127,83,109,95,86,88,87,116,154,106,104,108,88,151,149,140,148,96,121,122,119,119,55,55,116,126,167,185,225,186,179,178,177,169,166,175,184,196,207,214,213,217,225,225,226,213,223,215,218,223,218,208,210,226,225,217,213,215,223,215,209,215,217,223,214,187,192,214,200,176,211,224,225,223,227,219,208,181,180,170,150,146,117,172,184,197,208,211,218,212,210,194,216,197,178,185,170,158,177,180,198,193,113,61,91,79,120,61,32,42,93,84,54,96,107,123,107,104,101,110,90,70,52,70,69,73,103,47,85,60,117,121,105,83,87,74,94,103,141,105,112,62,81,81,133,94,70,142,158
23,98,164,104,145,94,64,73,108,200,110,114,155,127,118,179,184,160,113,120,157,129,117,129,74,51,101,131,191,146,229,195,184,181,175,167,172,169,183,205,216,226,221,220,228,228,225,219,225,214,220,222,207,209,221,226,213,210,211,221,222,219,210,215,211,207,194,173,205,214,186,184,211,217,223,225,227,222,209,193,180,170,157,136,123,174,181,191,207,216,218,209,211,198,200,185,178,177,161,172,146,176,192,198,209,213,159,162,106,93,22,43,77,102,61,79,133,120,93,86,121,112,86,98,78,20,46,78,67,43,90,109,84,91,118,80,88,80,57,96,91,101,109,112,100,92,144,153,135,113,144
24,97,125,104,153,110,110,98,121,92,95,149,150,130,127,158,161,128,143,148,125,150,110,115,77,54,78,108,150,147,240,213,186,184,182,169,182,164,180,213,215,225,229,231,228,236,223,225,222,227,221,217,199,215,229,214,205,198,219,223,219,211,208,209,198,203,182,189,204,212,185,197,211,204,225,218,229,217,206,199,185,163,151,138,124,161,178,178,206,212,178,148,193,200,200,191,184,183,172,158,153,161,177,184,199,213,218,133,123,157,38,62,68,103,122,82,102,109,96,102,98,64,125,53,111,45,22,64,50,46,70,97,72,63,103,97,62,84,88,90,114,94,105,88,87,67,89,62,70,95,99
25,140,146,157,70,85,106,105,147,106,91,175,176,157,159,161,104,141,139,132,107,123,159,135,111,90,79,150,117,159,237,219,188,185,184,170,178,168,178,215,220,225,229,231,227,231,220,219,217,222,223,209,202,220,218,211,200,205,220,217,207,206,203,207,198,193,177,184,195,200,178,196,215,202,219,229,223,216,205,209,186,162,149,138,126,161,188,178,182,141,140,123,204,202,201,191,183,178,167,154,149,146,169,183,191,199,205,230,121,121,49,23,58,72,82,111,127,138,122,87,90,56,104,113,111,41,34,27,81,70,56,83,68,47,95,110,97,78,108,89,87,75,82,107,78,90,106,110,71,112,96
26,113,116,140,114,66,80,81,115,124,143,127,136,145,190,116,129,91,125,78,95,94,113,76,91,99,64,80,72,182,225,206,197,189,192,179,182,169,167,212,222,228,231,232,227,233,223,216,216,218,220,198,208,224,209,207,199,217,216,207,196,202,201,205,197,184,178,183,187,186,171,197,220,214,207,228,221,222,201,206,190,157,142,129,119,150,177,189,159,61,85,54,176,208,206,194,183,174,164,152,148,142,162,181,186,198,197,212,208,127,83,25,63,83,74,102,140,138,139,117,107,128,103,104,111,53,38,15,70,69,65,77,103,84,116,174,105,80,82,62,65,106,119,149,111,137,140,132,127,80,49
27,152,133,128,155,129,82,99,85,98,76,168,116,130,162,136,108,68,80,85,82,84,100,93,123,105,89,53,84,112,201,219,209,186,194,185,186,172,161,211,225,233,235,235,229,235,225,214,216,220,211,193,215,214,200,196,195,217,200,188,189,197,194,196,186,176,179,182,180,181,169,200,224,221,206,226,220,214,204,203,189,159,140,124,113,135,165,192,139,141,228,195,167,215,212,198,186,178,168,157,154,151,155,169,181,186,201,212,214,198,161,62,36,86,83,115,112,110,96,111,129,144,95,72,73,75,51,40,76,94,66,75,113,141,121,118,143,115,98,116,123,114,113,126,82,61,132,126,96,77,74
28,149,124,101,64,122,146,127,98,142,138,137,136,146,156,116,120,110,76,109,129,105,95,128,139,129,139,58,80,132,201,223,207,191,196,187,184,145,152,209,226,234,237,233,231,234,223,209,219,213,196,198,213,201,192,182,200,207,183,178,190,194,187,188,181,174,187,171,168,175,173,203,222,223,211,215,223,207,204,194,194,162,134,126,111,129,166,185,185,193,209,205,172,235,214,196,188,165,165,168,150,153,149,169,169,182,183,215,211,197,179,161,102,111,109,97,82,58,90,96,150,170,156,126,45,138,52,37,57,114,43,67,113,139,110,71,64,85,119,83,92,90,91,119,51,91,60,76,122,82,78
29,132,90,100,72,84,160,73,112,141,176,148,100,121,121,108,122,167,140,147,102,90,96,100,112,129,140,104,53,123,207,230,219,186,195,191,190,158,151,199,223,233,236,231,230,224,215,208,217,203,190,204,210,200,183,189,207,184,179,171,184,189,183,183,176,173,182,167,164,184,185,213,223,224,214,215,224,208,201,191,197,167,137,125,115,135,145,178,182,194,205,179,206,234,213,195,187,175,168,164,146,154,151,151,171,189,185,202,206,229,197,136,126,126,112,95,84,70,81,113,118,172,183,182,105,54,72,45,41,100,52,69,77,92,97,89,98,106,107,115,122,101,84,156,111,70,50,90,46,84,100
30,100,154,88,82,107,64,145,119,98,81,138,118,100,117,153,97,106,129,163,95,139,108,108,105,123,138,138,57,72,189,235,218,176,188,186,184,154,141,190,221,229,233,229,227,227,221,219,220,194,190,206,201,183,168,190,200,169,177,169,183,182,176,177,170,164,175,178,189,178,188,208,225,221,215,212,220,206,190,177,194,174,147,131,123,130,141,185,189,205,188,179,224,239,218,200,192,185,172,162,141,147,155,155,168,186,193,196,195,215,243,178,127,116,95,85,84,77,84,120,140,161,149,136,127,132,111,53,69,73,69,51,75,70,92,94,94,93,111,107,74,80,83,68,93,58,67,56,68,104,114
31,111,88,126,122,130,118,62,105,126,96,110,117,123,154,155,110,92,89,116,121,176,114,106,121,121,142,122,83,64,178,235,218,175,187,182,174,151,145,195,217,227,231,226,224,233,225,223,212,196,200,203,189,175,174,197,190,171,172,168,183,179,173,174,167,174,178,177,187,182,197,193,226,224,221,214,222,211,187,169,190,181,161,144,133,127,142,166,196,179,178,196,233,241,219,202,194,184,176,166,139,148,135,154,161,178,190,181,186,220,245,227,104,84,70,78,90,96,90,101,96,143,109,117,102,50,96,67,46,74,27,33,60,80,102,111,120,126,131,141,88,45,92,71,110,110,78,78,88,74,94
32,96,98,95,116,126,101,62,73,97,137,96,110,101,124,139,151,124,139,139,175,158,134,81,142,136,161,161,129,97,135,243,217,175,184,182,173,168,151,223,211,230,230,229,228,237,224,224,204,194,207,200,183,185,186,201,188,169,170,160,184,178,168,169,175,182,181,175,182,174,204,184,215,226,220,215,217,215,194,164,181,143,129,118,111,99,115,124,115,155,132,202,242,209,200,207,195,184,182,164,148,143,141,168,161,174,182,185,191,213,245,246,182,75,48,17,36,101,98,126,168,151,91,140,110,125,135,77,69,20,32,49,73,107,68,78,76,105,63,55,66,100,84,87,111,129,98,73,78,75,94
33,91,86,96,123,129,102,87,70,61,127,81,97,135,125,120,175,137,166,144,128,109,112,90,157,130,123,120,127,90,107,234,204,186,183,190,166,148,152,239,224,230,229,228,227,230,225,215,199,207,212,197,177,186,189,199,185,165,164,167,183,176,166,167,174,178,176,173,179,165,191,180,217,225,217,211,221,210,215,172,166,153,135,106,95,113,114,115,120,164,105,127,241,229,207,210,188,178,177,162,150,144,139,163,162,174,179,183,186,217,241,82,64,82,105,87,27,29,137,163,132,117,125,160,115,102,126,124,61,47,27,40,93,95,153,97,80,98,109,77,85,59,95,79,109,124,94,107,71,105,103
34,106,93,93,128,128,94,98,114,73,112,66,67,115,116,127,119,130,178,140,110,104,120,136,182,161,112,83,87,106,88,223,189,196,187,185,159,165,212,255,215,227,226,225,224,223,223,207,199,216,213,191,174,178,185,192,180,162,163,179,186,172,162,165,173,179,176,179,182,179,190,180,217,219,210,199,214,207,191,171,181,128,71,176,131,78,107,128,119,129,90,126,215,220,240,196,180,176,175,165,160,159,150,162,161,176,177,179,174,189,184,4,97,128,120,98,108,93,148,179,121,75,139,105,136,115,120,155,101,70,32,53,119,110,111,119,181,137,91,83,134,119,137,131,116,132,110,145,148,138,111
35,83,126,110,93,74,80,97,93,114,93,112,87,115,96,109,96,134,134,165,67,103,82,137,120,177,137,104,116,110,75,205,181,175,177,160,189,182,245,180,92,222,221,220,220,223,217,209,207,211,205,186,181,188,193,189,169,151,159,173,182,168,159,163,171,180,175,183,185,191,191,183,219,219,213,194,202,200,181,180,156,150,95,226,161,58,53,58,80,85,78,90,54,76,200,202,180,171,171,165,166,162,159,171,169,182,176,175,160,179,169,36,68,82,141,152,162,164,146,147,73,139,116,141,139,128,121,119,135,36,33,79,100,115,88,42,84,98,84,90,97,127,124,135,146,122,147,135,120,114,124
36,107,85,91,83,83,69,76,117,53,87,90,98,74,95,100,83,74,128,137,119,143,133,115,105,91,118,134,120,107,51,223,176,163,156,160,187,172,216,77,96,232,211,222,211,225,214,214,214,203,197,174,179,190,195,190,166,154,162,177,175,162,155,159,165,167,177,188,195,198,181,190,221,223,208,192,197,197,198,172,154,165,164,241,210,103,21,59,89,67,99,105,29,6,72,199,170,152,171,164,177,166,162,165,171,182,180,172,150,209,124,205,105,26,59,78,130,128,114,114,97,122,105,127,119,134,114,114,95,61,42,93,115,116,122,104,146,97,88,107,90,122,152,124,116,129,155,111,123,118,151
37,96,87,82,75,83,89,84,100,63,101,110,101,101,76,66,105,99,67,84,127,115,121,122,98,99,124,115,139,61,38,225,163,157,154,158,164,215,133,90,165,190,216,205,217,216,212,213,209,199,195,191,183,188,188,179,156,158,169,179,170,160,155,165,174,177,178,177,193,162,177,184,229,221,205,192,196,191,143,154,124,173,227,180,194,207,119,129,87,152,229,254,128,25,39,190,193,155,151,166,173,172,165,163,170,179,180,170,164,189,185,205,91,32,40,75,101,112,94,80,124,134,105,114,122,109,112,99,105,54,52,80,138,164,159,110,140,152,118,98,135,148,156,116,121,103,144,125,89,117,117
38,79,76,107,94,97,81,85,80,108,81,64,115,97,95,102,80,93,93,135,81,102,108,130,147,93,154,144,106,43,34,222,187,183,157,150,170,165,103,128,196,180,210,206,209,208,212,211,206,207,187,193,189,191,184,171,154,164,177,180,170,175,166,179,182,183,179,176,194,162,171,197,210,221,205,197,199,187,196,134,164,171,208,188,151,155,190,104,151,174,221,229,202,138,118,107,180,151,140,180,175,179,173,169,172,179,178,173,185,212,184,172,83,49,58,80,89,102,54,95,102,77,54,49,46,79,116,118,83,45,69,99,131,110,128,134,109,112,115,111,103,144,150,111,144,162,133,131,145,162,129
39,80,78,77,124,110,88,90,131,141,167,111,114,130,141,78,101,89,120,79,95,85,122,149,110,139,111,95,91,84,31,175,198,190,179,169,168,143,104,158,202,190,212,213,198,202,205,200,201,206,184,187,185,192,180,167,158,168,180,181,181,178,168,187,189,175,182,192,197,205,182,191,216,218,200,197,197,191,156,176,178,171,166,232,206,192,205,167,180,170,205,227,211,178,184,98,188,183,154,162,179,175,178,179,175,183,174,184,198,223,206,190,82,42,68,109,122,66,88,117,80,69,117,81,68,66,88,106,94,56,70,107,118,133,117,91,104,84,132,123,137,106,117,135,144,139,139,135,138,133,138
40,119,69,67,86,87,137,158,152,116,144,141,71,133,131,157,109,94,104,86,48,97,69,111,129,143,158,99,166,83,24,110,225,206,181,165,156,107,84,198,214,205,223,202,190,196,191,186,191,198,181,190,190,193,185,166,167,173,185,184,184,179,172,190,189,176,171,205,196,202,182,176,214,215,199,199,192,168,163,130,128,160,158,154,160,169,180,147,147,170,206,222,194,175,180,106,233,212,181,180,176,189,190,186,176,185,184,185,205,224,229,189,100,63,48,66,84,74,135,129,107,93,45,76,74,75,146,109,150,67,81,111,105,118,131,131,75,109,148,95,139,164,144,133,148,151,120,131,164,139,140
41,103,93,78,117,116,124,148,140,169,130,135,101,164,130,110,178,96,84,100,73,118,60,111,128,137,83,158,126,80,20,100,220,212,189,165,140,88,65,207,212,214,219,199,199,202,194,192,186,185,174,190,193,191,185,169,171,158,172,175,176,164,176,193,187,176,189,206,209,208,189,224,222,215,197,194,185,176,169,143,114,98,106,108,108,123,94,104,119,160,192,221,202,176,189,161,226,225,202,198,185,187,190,178,182,187,189,191,208,215,229,213,122,68,51,61,70,103,121,128,156,85,67,76,80,128,97,66,87,66,80,101,126,101,118,125,95,109,110,97,116,117,144,131,129,110,116,143,147,108,127
42,71,104,132,147,131,125,121,109,126,145,165,114,115,142,143,112,86,113,117,87,93,114,72,156,97,95,208,82,75,18,88,208,210,192,169,136,103,68,207,206,216,183,220,204,205,194,191,190,186,178,191,186,161,162,154,160,161,177,178,177,168,165,170,184,208,221,213,214,209,187,205,223,217,196,187,173,161,165,158,108,108,113,109,99,97,116,121,129,136,187,212,210,190,206,222,230,230,218,211,195,193,192,169,177,189,195,198,211,215,228,214,116,56,43,67,70,79,136,94,101,76,126,111,100,106,70,97,102,62,61,106,135,114,112,103,131,94,111,98,108,114,106,90,87,90,113,78,139,101,110
43,101,119,143,154,142,143,121,123,172,124,112,112,66,150,122,111,173,116,103,83,66,106,164,109,71,141,208,96,73,22,83,195,205,187,164,133,86,76,196,201,229,210,212,216,178,193,189,186,182,173,181,166,137,145,146,157,159,173,168,157,161,156,175,189,199,203,224,227,194,219,237,217,221,197,184,165,145,167,170,113,120,115,109,114,110,132,152,149,142,182,222,229,210,213,232,243,229,221,217,210,203,193,176,183,189,199,204,213,209,225,206,123,57,62,58,108,111,79,86,131,185,95,82,101,75,77,53,91,48,75,109,118,108,81,101,114,131,127,140,123,120,131,129,130,139,129,145,140,90,92
44,124,126,125,147,118,130,168,96,126,149,83,72,84,108,161,123,151,159,104,101,116,82,79,101,118,118,210,110,77,15,104,191,215,184,162,120,108,46,186,164,198,220,230,218,164,152,170,187,184,177,182,168,153,153,141,149,145,146,147,147,159,156,184,179,197,187,200,179,205,228,228,210,211,190,187,173,152,165,176,120,122,112,120,118,122,131,155,135,151,178,237,208,215,197,222,239,219,227,223,220,214,190,186,193,199,205,204,227,204,218,198,107,82,52,64,102,113,136,93,134,99,97,113,123,103,100,45,98,58,80,101,126,98,79,77,99,106,99,117,105,88,105,90,135,105,94,149,79,108,118
45,139,92,110,95,108,128,154,135,111,140,111,116,176,157,126,101,127,148,109,84,132,87,92,154,98,185,218,138,67,45,106,181,208,185,163,116,64,81,134,219,175,185,173,211,167,85,74,159,159,167,166,158,144,145,146,148,148,150,151,150,158,160,157,153,175,201,202,193,211,240,206,210,197,208,201,190,178,174,185,138,143,128,126,131,129,129,151,151,165,176,204,187,224,187,215,212,218,220,215,228,206,187,165,169,193,206,206,225,207,193,167,98,73,47,74,121,113,77,64,86,123,79,86,89,111,102,77,103,60,85,111,75,65,91,132,123,120,118,116,109,89,58,60,61,69,102,103,90,75,99
46,106,132,107,138,154,107,108,124,122,151,163,144,149,100,138,142,146,138,80,72,133,84,150,133,180,180,222,138,91,84,113,181,207,176,143,111,94,70,109,255,241,220,197,212,119,59,109,160,152,132,137,150,147,144,146,142,142,147,149,146,155,161,142,148,165,163,164,187,195,227,216,191,191,225,202,194,180,191,181,156,154,159,172,148,137,144,150,161,180,199,222,209,212,197,200,213,217,212,204,221,234,167,167,163,186,201,211,221,224,205,172,93,65,60,81,114,126,107,98,87,67,77,104,89,130,109,132,99,68,66,129,94,103,77,53,81,53,63,75,65,49,49,54,100,110,124,154,119,121,132
47,146,113,125,112,130,104,136,128,147,152,110,113,135,83,143,203,111,81,72,68,83,169,160,128,159,181,225,87,104,91,137,195,196,166,128,101,62,82,142,236,204,180,207,189,66,93,133,133,112,142,123,114,126,123,117,129,132,138,142,137,134,129,124,132,138,135,151,172,204,223,214,168,188,219,187,193,184,193,181,162,140,171,165,159,128,174,168,175,191,209,233,213,203,199,188,200,208,211,208,221,223,187,159,182,183,188,216,216,225,195,154,85,98,40,67,105,120,123,88,103,107,113,106,124,102,80,141,99,72,94,141,116,104,131,138,140,126,133,102,99,113,101,118,68,67,111,118,140,116,134
48,119,168,125,138,162,121,173,130,147,103,95,104,166,180,206,184,125,100,124,120,130,91,78,177,153,184,171,101,88,144,152,188,160,143,144,76,44,107,193,194,134,114,172,170,107,101,145,157,106,89,107,147,143,133,132,113,103,107,133,110,110,110,117,104,105,105,102,111,150,202,202,186,164,192,168,174,182,172,168,180,129,179,183,151,107,182,170,193,182,217,231,207,197,176,194,184,199,194,230,229,230,194,143,215,188,166,199,218,231,217,174,116,93,52,84,101,156,143,135,150,76,117,86,130,135,122,132,108,77,88,106,131,111,80,91,95,85,86,65,101,72,107,91,82,101,94,95,118,115,118
49,142,131,139,108,102,180,115,123,116,121,112,171,186,157,146,231,155,177,197,181,186,155,134,195,191,196,139,108,56,139,195,224,170,153,122,103,115,149,238,191,195,177,176,198,145,111,153,158,86,70,69,87,118,100,56,114,76,72,58,71,90,71,75,78,73,63,74,72,86,81,162,177,183,192,175,173,158,153,156,173,141,161,152,138,136,181,197,169,178,224,231,203,179,157,183,190,206,212,223,226,235,187,164,194,162,143,179,223,237,223,187,101,94,65,84,97,107,117,135,127,97,130,122,110,102,90,112,118,85,93,122,93,97,98,100,114,112,102,110,94,140,111,108,108,143,114,93,90,87,113
50,85,115,106,90,99,141,202,122,87,107,98,107,145,188,106,214,135,183,214,145,224,205,142,129,163,186,117,110,46,101,208,240,173,149,115,192,123,85,218,192,215,172,144,208,150,127,148,125,70,97,90,63,49,72,108,123,85,119,67,85,70,85,70,79,79,94,87,81,86,110,78,71,118,207,180,168,152,142,141,162,149,124,118,115,121,166,160,155,175,211,208,190,196,214,218,192,212,229,216,233,255,191,151,184,155,158,199,241,253,235,186,90,106,72,75,98,152,108,127,127,137,118,110,109,120,110,122,118,85,86,137,114,110,100,98,95,94,91,110,82,81,119,110,116,141,152,100,123,108,97
51,85,144,125,127,102,154,120,118,102,133,107,133,135,156,127,194,130,147,159,167,189,142,126,107,146,183,102,143,81,126,207,211,175,159,131,185,150,99,157,226,218,203,172,210,152,135,90,81,71,77,51,82,63,94,102,94,109,67,74,83,96,93,73,69,64,70,99,66,54,66,55,70,97,115,175,174,137,116,111,142,149,123,104,138,118,142,144,148,185,191,196,217,238,246,236,166,205,220,196,222,228,190,139,199,192,179,194,217,211,225,188,145,100,67,75,91,114,121,148,144,114,132,122,98,108,132,132,111,82,91,129,129,127,118,125,119,112,100,104,79,113,109,89,115,139,136,106,90,71,96
52,109,135,145,134,141,141,135,126,187,154,135,154,132,150,147,154,132,152,140,162,158,145,110,137,193,157,108,124,133,211,203,200,166,155,137,188,153,160,92,243,237,235,221,183,158,148,118,94,96,68,49,64,102,97,65,103,93,55,65,60,65,91,78,55,57,81,103,81,73,87,88,76,84,59,124,138,142,113,103,153,148,115,108,137,159,161,155,141,166,181,211,246,246,255,200,110,114,202,180,242,230,132,154,105,129,128,139,120,111,93,34,118,111,88,59,95,124,96,84,100,117,109,145,125,125,116,117,109,78,92,134,126,112,119,119,142,163,130,102,87,80,103,97,117,100,94,117,119,92,104
53,115,140,149,131,114,146,122,118,135,163,172,127,174,139,120,119,197,139,152,125,173,153,106,144,159,140,101,117,104,162,198,196,166,175,144,149,162,158,125,223,233,255,198,184,198,165,105,84,76,85,65,64,57,119,90,57,103,76,53,85,83,98,89,80,105,102,94,82,85,108,97,91,65,88,144,171,141,123,122,130,143,128,91,159,189,187,157,141,117,172,211,230,252,243,189,112,55,174,177,222,180,39,118,82,80,76,87,80,69,61,0,98,119,85,62,81,136,143,113,127,109,101,82,154,138,103,120,102,70,115,120,113,123,130,117,141,137,135,117,111,118,124,113,93,106,125,117,135,125,105
54,105,105,140,125,122,125,134,112,77,94,101,112,143,148,141,96,123,164,147,178,219,139,115,177,114,136,110,147,169,136,177,189,161,153,173,226,104,144,103,161,243,236,211,221,202,166,79,77,78,69,60,42,70,65,64,79,137,83,85,77,67,74,82,84,83,82,78,80,89,63,94,96,92,107,111,174,171,139,122,126,130,133,86,141,180,191,150,110,111,166,225,233,245,232,159,94,47,91,168,229,108,0,6,54,89,86,90,84,84,24,26,94,164,98,84,112,141,123,108,89,104,86,117,146,97,131,122,103,102,91,122,118,94,112,128,133,145,140,122,121,138,132,95,112,120,100,75,109,118,121
55,116,117,108,116,135,104,122,116,121,138,148,160,153,108,131,113,160,145,182,143,121,165,158,184,158,108,172,161,183,175,226,187,176,139,108,160,123,138,91,146,246,241,240,233,193,171,71,111,121,106,76,58,70,64,69,83,88,69,75,64,82,72,77,65,94,89,85,85,76,85,110,100,66,80,76,148,158,144,121,136,123,132,102,79,135,154,133,90,143,128,216,235,232,163,76,74,60,62,86,231,128,23,17,16,53,66,73,58,53,67,66,132,243,69,96,102,126,98,44,114,98,119,107,124,107,112,103,81,99,127,126,106,141,108,119,92,75,45,102,132,112,127,124,138,102,102,112,106,116,119
56,110,106,133,102,155,113,114,124,132,114,76,94,96,97,134,146,158,128,156,164,168,196,209,192,210,80,158,194,188,147,213,214,170,152,154,167,167,177,152,106,228,243,213,211,182,156,76,99,78,73,80,96,110,79,87,83,82,137,98,80,64,55,94,99,87,86,116,57,91,82,102,73,91,106,62,121,162,157,137,128,141,154,135,83,68,104,101,120,175,128,105,139,138,82,104,62,54,49,54,228,151,82,66,97,47,26,34,31,44,53,83,159,227,137,87,122,123,112,70,104,87,57,84,125,82,101,75,96,82,92,137,82,80,108,115,85,89,154,192,157,135,146,101,98,152,87,110,114,89,73
57,121,102,140,120,144,161,148,114,127,131,91,108,135,112,101,124,142,112,134,114,167,181,149,149,236,115,151,188,159,176,209,230,182,167,209,118,138,165,149,125,135,233,209,193,196,162,85,78,82,78,63,63,58,83,86,78,71,162,120,109,70,143,131,95,79,128,89,97,99,115,96,105,111,113,116,87,162,158,137,133,143,138,145,103,121,138,159,143,79,87,89,134,72,72,75,80,56,115,61,252,210,147,116,82,30,31,26,24,26,42,63,161,204,144,96,104,147,104,107,127,82,126,103,151,156,78,88,102,90,131,114,116,103,76,85,31,104,113,96,123,125,127,169,127,114,110,124,142,133,138
58,77,120,98,105,106,128,132,119,114,106,73,97,127,103,140,106,123,156,81,124,130,163,102,138,221,120,166,115,117,154,152,233,195,145,122,145,141,123,133,181,182,195,206,198,205,165,57,61,37,81,72,55,91,94,91,102,55,117,59,48,112,89,146,148,154,141,161,146,86,108,93,90,63,105,94,104,102,162,164,129,146,140,154,134,57,68,52,57,60,42,71,73,85,142,146,102,70,71,73,233,233,179,105,28,21,24,17,23,18,20,29,129,127,83,91,108,131,119,94,96,85,73,91,77,144,116,129,81,107,108,138,99,64,60,100,87,127,105,139,135,97,151,92,104,102,97,107,103,147,129
59,141,101,136,142,109,115,95,95,121,115,151,131,119,91,104,106,125,117,122,121,116,108,173,194,132,127,144,166,110,145,145,214,197,154,168,167,212,114,164,131,97,215,236,229,222,190,81,88,98,94,93,103,60,92,139,84,99,96,120,93,90,89,51,44,63,92,125,149,138,153,161,168,142,150,162,139,154,169,160,155,131,136,145,160,66,42,64,53,68,73,86,88,65,64,70,51,79,123,64,119,160,115,81,40,28,9,27,35,48,59,96,130,46,64,77,95,100,136,93,74,94,142,72,88,44,89,111,67,63,129,137,104,104,90,84,125,124,137,88,89,165,168,121,103,114,116,153,154,129,116
60,141,103,116,119,107,106,158,111,122,117,163,102,116,95,93,108,131,105,116,71,116,128,133,180,109,129,80,157,173,110,167,193,189,160,144,148,150,164,133,127,195,205,242,240,216,193,89,92,95,55,54,103,139,106,109,83,124,90,155,74,110,93,118,110,173,140,159,168,117,67,76,79,63,56,76,92,89,220,156,164,134,149,140,168,128,110,133,100,136,123,144,94,107,115,106,129,45,61,63,56,72,56,62,137,149,139,119,94,71,134,114,79,101,42,83,80,98,119,100,52,77,75,86,92,86,48,70,50,74,118,118,113,97,116,90,96,116,124,130,111,89,118,139,117,115,96,122,134,138,139
61,106,119,101,116,106,132,155,103,130,130,128,114,107,108,136,129,71,55,95,199,184,160,139,156,160,167,85,110,118,135,114,173,194,148,82,157,169,156,170,117,127,168,236,233,206,205,89,76,93,126,145,127,69,58,81,101,153,65,101,87,85,82,86,107,78,82,112,117,50,110,81,114,51,73,124,42,19,218,179,164,145,145,144,166,142,85,125,106,109,90,98,96,87,87,95,107,53,75,63,51,53,71,63,71,95,101,50,65,93,49,66,58,98,49,65,90,95,123,121,65,47,72,46,66,60,76,67,87,99,107,152,101,48,129,69,114,111,127,76,138,133,99,97,126,116,117,117,131,115,123
62,105,121,103,115,100,104,90,114,127,125,132,142,114,113,131,121,114,105,143,111,114,152,129,135,119,137,129,92,123,124,158,176,163,159,145,107,141,122,104,116,102,123,224,229,242,200,147,144,114,129,94,48,56,59,66,147,112,73,105,115,88,106,97,111,98,73,160,80,100,119,147,127,99,58,150,129,74,224,190,180,154,140,148,166,176,58,70,46,91,72,75,43,31,15,41,31,20,104,65,75,43,44,48,91,69,61,72,80,68,80,68,77,74,82,44,82,72,85,106,109,51,63,68,42,51,39,57,92,105,104,125,138,66,50,93,90,50,92,133,109,89,87,89,89,141,87,125,136,112,114
63,110,97,93,102,112,103,123,113,154,125,125,98,101,104,114,167,87,145,129,114,124,135,161,142,115,114,114,91,81,137,197,187,180,182,134,72,67,130,139,107,105,97,179,230,230,204,169,54,80,58,92,101,95,86,98,126,125,100,103,119,49,82,121,117,98,111,76,115,102,126,78,76,119,123,90,71,96,218,195,189,178,158,154,164,191,155,95,67,36,97,102,40,74,60,105,72,61,77,60,73,72,54,54,67,73,57,101,62,73,108,89,93,40,58,36,65,60,73,44,56,93,75,71,50,27,28,47,55,83,107,114,136,29,83,44,115,113,93,125,119,73,63,108,105,100,124,144,120,110,129
64,133,121,126,118,118,132,101,120,117,98,106,130,121,115,136,131,133,119,150,100,148,152,147,152,118,141,138,112,127,57,196,136,147,162,127,80,70,84,119,110,91,118,124,241,231,219,191,84,88,100,87,87,65,81,63,142,94,105,115,86,77,94,113,129,121,86,98,137,91,89,82,44,98,87,121,115,100,218,185,170,197,173,160,154,174,196,142,86,92,64,64,78,61,81,87,77,72,147,89,68,109,64,67,70,50,74,125,74,68,72,35,41,70,62,75,60,49,62,53,54,56,45,33,39,28,62,69,60,85,75,117,152,121,135,123,94,65,120,83,99,105,112,141,108,83,97,115,123,117,114
65,103,125,121,132,131,140,123,109,105,128,131,110,118,127,96,123,122,167,193,163,130,176,170,100,143,131,113,112,138,137,230,168,173,182,125,76,98,81,57,107,87,91,106,236,231,225,209,115,72,49,72,78,50,76,83,147,90,135,46,63,73,125,105,61,128,98,103,113,92,101,116,85,76,94,134,104,92,188,158,136,199,181,166,148,163,183,215,75,95,80,68,76,82,67,102,120,53,76,38,92,67,49,54,64,104,54,112,64,75,68,20,40,60,48,96,29,96,64,68,55,55,55,54,57,81,80,67,79,62,99,105,139,128,85,124,92,80,92,86,100,100,96,94,102,83,66,104,135,108,134
66,144,144,153,148,148,124,136,114,96,113,117,128,132,137,125,110,101,158,189,165,120,185,112,118,119,137,111,118,126,148,173,195,165,153,142,90,109,98,54,72,66,104,109,218,237,234,219,144,83,81,110,108,75,63,90,145,96,98,133,104,110,98,121,83,92,98,123,87,87,97,69,87,116,111,94,107,97,205,173,139,176,216,179,160,158,187,204,140,77,106,120,85,76,88,99,141,93,85,62,80,82,76,75,85,66,94,85,70,69,51,124,83,54,58,101,60,108,101,70,105,80,70,93,94,87,88,86,62,63,112,83,83,101,114,118,130,96,100,126,109,79,74,95,124,115,100,102,122,120,109
67,135,133,128,113,124,128,134,134,120,124,125,130,111,149,144,145,154,128,129,128,178,157,106,159,132,121,117,117,144,146,214,196,154,115,127,68,78,112,72,81,96,104,75,174,226,234,227,188,75,101,91,116,80,99,111,114,147,128,114,103,113,119,99,76,90,65,119,106,84,54,90,87,80,55,78,112,104,188,196,149,138,208,190,178,158,179,200,206,84,55,66,61,46,52,84,105,102,106,145,124,39,95,94,119,136,99,88,88,57,49,57,40,103,55,37,55,77,72,96,118,74,86,89,91,75,42,100,83,101,114,72,103,70,97,121,83,93,135,128,108,100,87,134,123,111,98,81,104,127,107
68,118,135,108,131,142,140,122,112,144,123,132,144,128,106,106,169,135,127,122,133,129,164,126,128,131,133,118,116,130,105,176,184,124,131,155,126,123,95,73,84,104,75,96,136,202,223,222,193,142,107,106,132,101,104,113,116,135,155,70,102,121,117,81,117,63,65,133,103,105,61,133,39,105,80,139,132,83,209,179,147,131,234,193,189,175,184,192,222,80,73,73,95,68,118,113,113,112,120,120,107,96,109,163,139,139,119,70,99,105,66,49,87,61,59,48,18,78,87,77,65,148,58,61,59,47,72,43,97,107,86,97,97,75,86,112,151,162,118,108,98,90,93,98,51,140,130,110,114,101,117
69,117,134,131,117,140,124,106,138,143,120,109,130,99,110,127,133,131,119,74,114,149,139,122,113,114,114,130,124,106,109,140,191,131,120,99,168,88,77,94,128,115,118,111,115,203,224,196,208,154,47,70,119,128,90,122,110,94,155,103,71,111,100,71,73,97,91,124,109,72,85,95,127,86,116,84,101,98,197,173,139,125,198,203,196,171,123,145,219,86,103,100,85,99,113,93,107,92,95,105,86,78,69,117,167,118,134,103,90,86,90,72,86,32,48,80,81,79,96,37,44,60,84,65,76,90,62,96,68,59,101,53,96,63,92,123,132,122,87,73,93,102,103,102,85,137,92,79,89,86,79
70,120,135,122,107,137,140,118,132,153,139,126,142,127,138,123,104,110,125,109,109,134,198,150,169,173,109,111,140,127,70,191,180,153,163,107,109,98,92,103,117,127,114,102,121,192,202,206,198,185,101,115,103,115,85,138,125,136,114,110,87,103,106,112,86,94,128,116,116,113,93,70,110,109,101,89,96,90,169,166,142,126,137,204,190,152,119,112,220,109,74,87,65,85,107,105,91,95,63,46,77,84,48,126,174,59,32,79,67,62,59,80,85,32,47,62,107,89,85,71,73,63,77,84,79,52,76,88,108,95,111,91,86,72,93,107,110,63,72,76,65,95,94,95,126,118,139,148,104,111,122
71,114,133,131,136,133,102,129,133,114,120,133,120,130,114,125,155,126,113,135,96,108,82,113,131,124,100,109,98,99,111,170,111,108,157,90,110,80,100,125,140,98,91,65,113,183,202,208,194,189,155,89,93,113,94,110,133,70,77,102,105,89,100,96,89,99,120,87,84,86,81,96,70,138,64,81,70,57,165,189,151,126,85,201,194,154,122,150,176,89,59,87,100,135,82,79,102,67,55,51,99,76,41,139,133,111,86,64,79,93,46,74,83,34,3,35,101,89,88,48,70,88,96,86,75,101,61,57,86,88,110,125,123,129,137,172,124,86,120,123,90,86,111,108,87,105,87,96,93,96,104
72,116,127,134,156,169,165,134,156,126,151,121,120,121,118,108,139,98,108,97,88,103,105,131,116,150,120,116,112,114,80,121,130,116,147,96,70,92,85,81,112,98,89,75,107,94,179,172,181,187,124,90,106,95,143,83,102,84,69,102,113,130,133,138,93,89,46,104,127,102,101,128,114,81,85,85,81,94,168,175,150,130,105,118,238,173,157,117,109,81,71,70,47,79,106,94,108,116,120,100,98,116,91,121,106,128,109,89,33,69,90,77,66,34,41,31,100,99,77,64,58,116,78,86,70,123,67,65,91,148,105,175,104,100,115,144,120,114,133,99,109,100,95,104,77,109,82,95,96,94,97
73,123,158,163,125,149,136,132,105,117,112,105,89,134,124,102,126,120,101,116,117,116,120,118,97,108,114,121,174,97,78,149,145,111,119,107,107,118,87,93,96,110,110,74,74,100,132,170,132,171,77,46,98,105,140,104,104,107,112,94,107,195,128,97,77,95,74,123,111,81,93,112,88,119,92,103,126,115,167,201,183,130,90,80,170,208,172,185,113,108,84,91,88,97,80,72,75,64,94,79,115,116,74,60,105,144,87,96,101,77,113,76,105,52,55,91,98,101,80,77,78,89,90,75,48,57,69,60,88,107,95,129,143,161,85,98,95,97,100,124,125,95,101,123,59,87,105,103,94,121,69
74,125,110,125,123,116,125,134,169,119,120,105,143,147,139,118,113,105,128,154,163,148,156,126,124,136,145,139,117,98,124,181,141,161,108,115,110,123,109,113,121,121,102,106,128,129,96,154,134,136,131,98,66,110,95,83,92,81,108,79,80,203,201,156,147,94,152,172,60,138,74,96,122,108,106,86,108,172,170,175,186,105,118,99,107,205,192,181,112,80,118,84,83,96,97,81,87,101,53,85,87,110,110,74,104,91,100,157,75,65,82,64,83,102,87,74,116,69,105,103,92,111,142,106,80,83,79,82,122,134,116,107,133,64,121,53,91,120,182,153,117,106,99,119,138,158,105,108,98,90,123
75,137,132,148,140,129,122,126,98,129,131,108,139,103,135,135,129,132,146,147,150,125,113,124,123,118,105,94,87,108,108,125,134,136,154,137,97,113,128,128,122,145,114,104,102,84,125,160,100,109,114,119,86,63,109,51,70,73,105,150,148,197,126,184,133,110,89,74,90,96,95,107,162,107,103,116,123,177,162,133,146,107,136,86,82,222,200,178,109,84,104,85,91,106,90,102,114,107,86,104,94,74,74,102,81,116,90,119,121,120,108,83,86,54,96,91,56,97,87,121,116,91,79,105,99,92,93,91,158,142,96,162,106,96,103,156,107,108,134,131,89,121,95,110,107,115,121,101,81,101,97
76,176,143,129,118,87,127,110,111,133,148,122,84,144,144,120,117,124,125,136,119,98,125,120,123,89,108,125,125,105,159,161,157,112,132,113,167,142,121,116,141,143,147,150,128,95,105,124,97,115,112,111,113,61,70,120,111,149,121,94,161,161,86,169,98,98,93,146,101,138,130,129,132,96,99,140,114,150,166,117,148,170,176,83,124,202,184,199,163,78,130,81,114,78,87,77,103,94,93,91,94,70,73,123,89,105,126,91,73,112,57,115,80,64,73,84,128,122,43,110,104,87,65,115,107,98,69,169,145,91,118,123,96,122,123,131,108,114,112,67,80,80,99,88,90,128,100,106,122,96,81
77,175,114,119,132,112,88,136,154,164,157,128,123,114,114,106,113,121,139,108,142,121,110,113,145,138,139,138,129,153,154,143,114,129,123,158,137,177,110,106,113,98,104,125,106,88,87,74,49,83,102,105,119,118,79,84,176,86,96,124,147,147,195,153,106,129,138,146,200,151,115,125,94,127,96,119,89,105,132,135,157,179,184,181,83,120,213,181,164,113,93,69,82,67,72,84,98,65,128,110,83,83,105,105,87,80,86,93,66,61,109,92,93,94,72,63,43,105,94,80,110,69,93,124,107,87,117,106,92,112,169,121,100,122,87,99,94,155,107,100,68,77,120,60,72,66,107,79,84,90,77
78,181,137,144,150,123,142,139,134,125,131,126,115,95,107,122,115,117,110,138,131,128,129,127,151,171,167,174,172,195,150,144,140,134,175,132,153,152,80,124,135,128,125,113,109,133,111,92,106,138,170,146,123,148,130,147,107,68,93,142,195,120,148,165,111,141,115,116,99,105,94,77,111,142,66,113,108,136,118,158,168,171,113,118,70,161,217,187,185,92,76,54,87,62,68,84,77,80,149,128,67,86,86,93,59,96,89,93,91,125,90,91,101,67,75,73,105,107,97,124,139,121,110,113,85,114,122,72,129,115,90,111,110,160,163,83,123,156,118,83,86,103,130,104,86,74,97,111,91,74,71
