0,79,80,95,87,94,89,71,74,43,26,45,17,34,49,49,45,34,44,44,35,65,49,52,56,121,88,87,52,109,106,44,43,61,55,65,63,78,75,118,124,174,97,121,44,84,77,113,236,195,236,250,246,240,241,232,226,228,227,227,231,230,233,238,229,211,114,84,107,96,85,167,76,85,84,73,75,95,74,90,90,97,99,119,134,227,223,238,244,240,242,242,241,244,245,244,244,243,242,242,243,243,242,242,243,240,246,242,184,176,143,179,176,209,171,82,93,118,116,95,113,153,99,65,75,144,139,172,98,88,90,125,73,148,108,76,45,39,109,113,91,57,85,96,97,102,108,101,104,99,106,104,110,83,106,104,107,107,107,107,93,104,106,102,107,116,118,113,129,125,103,103,97,86,73,99,67,50,35,47,59,80,73,102,105,110,99,117
1,51,46,31,37,31,29,55,56,74,71,76,97,85,84,91,83,82,86,88,85,83,71,83,68,97,62,81,138,141,122,80,95,84,61,52,55,51,56,84,104,94,138,148,190,114,198,238,198,205,118,133,230,244,240,234,233,232,234,233,229,231,233,221,234,172,145,62,84,131,156,106,161,122,83,111,71,114,150,121,82,88,87,90,114,163,167,188,233,240,242,241,242,242,243,243,243,243,242,242,243,243,243,242,241,238,241,241,148,217,224,212,235,187,206,84,77,83,85,81,117,105,90,62,86,128,153,193,107,59,117,88,102,83,74,41,39,116,136,129,120,97,58,67,98,118,101,94,95,108,106,99,106,106,97,110,117,106,99,107,102,113,108,100,110,99,113,109,105,121,109,109,111,110,108,117,127,113,127,89,106,97,85,93,84,93,86,83
2,104,97,107,108,96,100,96,102,97,95,89,89,73,68,68,49,52,38,44,31,38,33,38,33,11,25,30,24,29,28,20,75,63,105,108,98,86,99,91,79,89,51,184,213,89,191,146,186,122,127,174,205,244,234,232,240,234,234,236,239,235,236,224,241,190,135,165,122,162,87,129,94,102,115,130,124,121,121,74,84,70,75,100,83,131,122,177,227,235,238,237,239,238,239,240,240,241,242,242,242,242,243,243,242,243,239,238,153,147,211,191,136,163,191,81,70,83,65,59,74,102,66,64,60,184,152,187,97,93,103,145,70,49,47,29,115,136,141,138,131,123,95,54,80,106,95,102,103,105,102,105,100,100,108,95,109,113,102,88,111,106,95,101,102,103,91,114,113,106,125,117,105,95,126,111,111,125,109,111,89,95,100,92,96,96,101,98
3,96,96,104,105,103,96,98,93,102,96,101,96,101,102,92,100,95,101,93,92,91,80,98,39,57,63,45,41,91,91,91,52,78,58,47,46,50,45,54,53,53,57,75,83,93,99,98,102,97,100,109,140,165,181,208,220,231,234,238,240,235,162,137,173,149,134,119,134,98,102,134,85,77,112,73,84,95,102,93,108,80,73,84,85,97,94,157,147,225,233,232,234,233,234,234,234,235,236,238,237,238,238,240,242,246,235,237,226,154,183,98,136,121,122,88,69,68,70,99,108,78,65,66,110,203,156,182,144,134,104,134,106,42,27,120,138,148,146,142,140,141,122,106,72,62,96,103,106,93,105,102,114,122,102,106,92,108,107,107,93,114,108,111,111,106,101,94,113,111,112,112,113,119,97,129,109,100,116,116,104,102,101,99,102,97,102,103
4,99,105,99,99,101,91,111,100,90,105,100,101,96,97,99,99,99,101,100,96,100,80,76,36,75,69,55,62,92,96,88,95,102,104,107,98,108,93,91,90,94,91,92,85,92,81,73,72,66,56,49,51,59,58,66,77,83,88,90,91,95,98,106,108,102,96,103,90,89,79,73,70,69,76,69,99,125,98,133,101,96,105,89,143,142,123,90,138,229,235,235,231,234,230,231,233,225,231,234,229,233,236,240,239,239,234,239,240,237,220,103,104,142,128,130,56,71,66,103,103,75,56,62,139,173,160,179,146,101,112,84,40,41,124,136,146,147,148,146,142,141,130,117,94,64,75,101,100,102,98,107,100,101,107,104,106,99,99,103,103,93,111,98,106,100,105,100,88,119,110,106,117,118,111,106,122,116,111,111,110,115,102,94,99,100,99,100
5,107,95,105,94,103,97,95,107,101,98,102,102,111,101,93,92,93,101,105,106,89,100,96,52,74,70,85,56,92,88,113,96,109,114,103,100,101,108,91,84,95,91,96,98,93,100,103,98,100,98,104,103,106,105,98,89,83,97,81,78,73,63,57,49,53,46,55,59,72,77,81,90,86,100,102,108,100,113,125,99,101,89,80,121,178,157,140,173,223,230,232,232,230,231,234,232,178,221,206,222,228,227,230,235,228,235,236,232,235,235,173,84,66,79,77,88,92,69,79,91,89,75,57,80,101,154,154,141,93,50,48,17,96,134,141,142,149,147,145,143,143,135,130,115,102,64,67,90,107,108,92,100,103,112,112,107,107,98,114,111,106,88,107,102,110,118,99,100,88,110,110,109,109,112,115,115,120,114,105,106,113,114,103,97,109,93,82
6,102,112,104,99,95,98,98,95,93,105,93,97,104,93,85,97,91,94,99,106,101,96,66,66,69,50,84,60,95,102,92,100,90,106,98,107,101,98,100,95,88,98,94,96,100,99,92,104,99,97,97,98,105,100,101,91,100,89,95,100,97,98,98,93,95,102,94,93,95,97,102,102,85,73,77,70,65,66,58,56,56,56,62,63,74,82,96,91,74,83,90,98,119,144,170,169,103,184,150,202,226,232,227,231,230,234,231,236,236,172,113,76,90,63,50,81,75,92,63,89,68,58,58,62,58,79,70,52,42,46,20,89,125,143,142,147,146,148,144,141,146,139,136,127,113,98,64,63,88,98,97,111,110,115,108,106,112,109,98,106,109,105,90,107,101,104,105,103,107,93,106,99,95,94,101,98,92,93,94,100,88,111,99,98,99,92,87
7,97,164,91,101,100,101,97,99,101,110,117,106,100,108,96,98,96,99,106,107,98,95,56,53,86,90,89,85,86,97,93,97,97,103,105,119,106,94,98,100,98,93,100,92,92,90,92,84,99,97,94,101,92,96,102,97,109,97,92,94,104,102,94,101,100,95,105,97,101,96,95,94,111,105,91,106,97,96,96,102,100,101,98,99,94,91,98,88,84,84,72,66,54,48,41,57,61,65,70,76,80,84,113,190,205,233,227,163,127,141,99,55,77,93,53,79,113,86,66,85,75,69,38,55,54,41,59,42,64,16,94,127,138,143,145,147,148,148,145,147,146,143,142,136,125,117,96,64,72,104,106,104,99,105,118,102,103,103,107,98,119,108,105,90,106,107,106,101,101,99,100,108,105,97,95,101,109,85,137,95,100,90,96,99,104,112,106
8,105,153,96,97,95,97,95,99,102,93,106,96,105,96,113,93,94,104,95,109,102,75,65,88,117,95,97,88,101,99,109,97,100,98,92,98,109,100,94,102,94,99,94,86,92,94,91,94,96,107,99,86,100,101,100,97,103,94,96,98,88,96,105,92,101,100,91,98,107,94,96,106,101,100,101,93,100,103,101,104,104,102,98,99,103,92,110,101,95,95,106,99,100,105,101,99,98,97,92,96,96,90,87,98,97,96,103,99,85,69,57,58,73,88,70,89,66,105,78,80,75,74,61,85,58,44,61,53,26,83,130,138,143,148,146,148,151,142,143,143,148,145,147,137,139,131,115,95,66,72,108,90,104,94,110,110,102,111,99,99,92,115,110,103,94,108,103,103,87,107,101,99,112,108,100,113,95,99,94,104,105,95,80,105,90,99,109
9,108,108,115,103,107,102,100,99,96,89,81,89,102,94,93,93,96,100,87,100,138,100,90,46,129,97,83,94,98,92,96,101,115,103,102,98,102,107,104,98,110,92,99,102,95,91,96,90,91,87,99,106,99,94,95,93,96,91,96,95,101,99,96,99,92,105,100,92,99,100,96,98,95,95,102,94,92,92,94,92,98,102,99,98,101,97,95,101,106,104,103,106,100,97,108,105,104,103,102,106,107,107,100,106,103,115,99,104,86,51,51,69,65,64,73,71,74,72,140,105,97,67,70,107,65,55,53,17,87,130,140,141,147,147,144,148,154,127,146,143,147,146,147,142,140,139,133,121,101,64,67,115,102,107,90,100,96,94,101,106,102,100,116,109,92,96,110,109,99,97,112,99,101,122,94,98,86,86,107,95,119,106,92,95,120,101,103
10,97,99,101,103,100,99,102,95,113,104,104,105,101,97,91,101,96,97,100,92,88,92,76,67,114,99,91,96,87,105,95,102,100,85,102,98,92,103,101,93,94,115,96,99,92,91,93,96,93,96,102,94,88,98,96,106,102,90,105,95,96,95,100,98,94,97,106,90,95,94,93,96,97,92,90,97,97,91,95,92,95,98,97,102,99,103,105,101,101,98,102,104,102,102,100,110,99,97,105,103,104,103,104,106,108,106,109,107,101,89,60,60,57,71,58,63,91,128,129,122,72,53,107,119,55,54,15,78,127,139,148,148,149,150,147,151,98,74,132,148,147,146,147,147,147,146,141,134,124,94,66,62,100,94,103,110,97,93,103,107,100,95,94,115,110,108,91,111,115,98,87,112,98,102,106,132,105,90,105,96,95,87,106,89,98,103,91
11,93,101,110,93,94,100,100,99,100,98,91,93,104,93,98,89,94,106,69,74,86,90,42,81,110,96,97,78,96,95,87,94,95,82,93,98,95,104,106,104,94,96,101,93,89,92,94,98,96,91,81,97,87,93,106,96,95,98,105,100,96,104,91,102,100,98,99,101,96,101,98,104,99,100,100,97,98,95,94,93,94,93,96,93,96,98,111,112,95,90,99,101,102,109,95,97,102,110,106,110,108,95,108,107,107,102,111,100,107,104,75,59,54,65,78,75,77,132,149,143,85,47,62,52,44,22,81,123,144,142,147,147,148,150,146,148,141,109,134,149,149,147,147,149,148,148,145,142,130,126,99,68,55,97,93,99,94,110,98,100,89,107,101,94,113,107,108,96,107,99,108,86,109,110,97,110,110,92,84,101,99,89,107,107,91,104,113
12,109,96,102,97,98,108,104,106,99,98,101,94,95,98,89,92,95,85,78,75,77,34,70,70,95,96,118,81,72,80,87,88,95,90,96,88,100,104,115,110,97,98,110,102,91,95,95,95,95,75,22,83,92,90,95,102,98,96,105,105,97,101,96,96,102,100,95,104,100,102,94,106,94,102,94,97,97,102,93,101,98,93,102,96,93,104,107,101,105,105,101,106,103,113,105,100,93,103,109,106,110,99,101,107,97,112,105,97,108,101,92,64,59,47,49,68,62,114,173,96,81,94,72,50,22,76,122,140,146,147,148,149,149,151,149,148,139,133,143,148,153,146,149,148,151,149,148,146,143,133,121,101,44,72,105,91,99,99,114,100,101,98,104,101,96,96,101,104,89,107,99,106,83,98,111,100,97,104,113,92,92,95,99,91,101,90,105
13,105,107,108,98,98,97,92,97,97,98,103,98,94,94,93,78,61,61,60,66,87,73,59,62,88,105,118,75,93,58,82,87,87,90,97,89,88,96,106,107,103,98,98,105,90,90,100,96,96,100,80,35,92,89,94,97,105,106,93,107,101,89,95,94,90,92,53,74,102,92,100,105,99,97,104,99,92,108,124,112,100,103,93,96,96,94,103,103,94,105,110,98,108,105,95,107,109,98,107,108,111,112,108,108,101,104,110,109,108,103,105,106,69,46,41,55,43,79,184,67,126,69,59,32,68,131,142,146,150,148,151,152,150,149,148,150,142,141,147,146,151,147,151,150,152,149,148,149,146,143,139,125,94,75,71,114,92,101,100,110,108,101,93,114,103,100,98,105,100,100,102,100,94,83,95,95,91,98,100,106,84,95,93,95,95,93,96
14,93,99,104,101,102,105,99,94,89,87,96,105,99,101,89,68,70,67,67,57,63,67,62,54,60,115,136,61,77,76,61,87,89,82,93,99,90,93,95,94,100,102,99,100,109,101,89,97,98,96,75,97,53,99,101,102,100,100,104,88,99,100,102,104,94,86,86,30,80,104,105,103,102,98,87,99,94,93,78,23,72,98,108,95,99,99,96,97,102,95,96,101,97,106,121,102,102,104,104,99,109,104,111,107,106,106,108,109,105,102,103,98,105,82,79,56,58,70,180,121,53,36,20,71,125,138,150,149,151,147,152,152,149,146,147,149,146,145,145,149,154,149,152,149,153,147,145,147,150,142,142,137,118,87,64,67,119,90,95,91,105,96,103,91,102,98,96,94,100,101,94,115,100,96,86,112,97,94,92,105,100,83,106,95,98,76,87
15,100,110,97,100,99,94,102,99,94,94,102,100,97,90,57,62,62,73,76,71,68,62,69,82,62,120,162,68,62,66,71,48,88,98,93,108,95,95,100,96,100,97,99,91,97,103,96,95,93,88,96,94,93,91,109,107,96,103,101,106,101,97,95,95,96,95,82,93,46,94,97,101,98,90,105,88,102,102,91,82,38,74,98,104,101,101,98,100,101,99,95,76,25,101,113,104,100,100,97,103,100,104,93,90,87,105,101,105,108,115,105,101,95,109,62,53,53,117,166,114,48,16,45,127,140,139,143,147,141,137,143,140,138,135,139,139,134,133,132,136,140,134,138,137,140,138,137,142,143,142,142,132,129,114,95,73,64,109,98,102,93,105,105,100,100,104,106,102,86,104,110,98,102,107,100,94,96,95,92,88,93,96,87,97,84,86,82
16,101,96,109,118,92,95,93,94,96,89,97,104,93,95,104,88,87,77,81,79,85,84,67,101,74,128,146,51,60,63,52,57,66,99,97,93,102,99,95,105,100,105,98,106,92,101,91,100,87,93,98,101,98,97,90,98,98,111,106,107,111,98,97,98,102,105,98,98,113,110,98,100,97,99,99,98,91,100,90,94,83,56,94,100,105,98,106,103,98,101,106,92,73,58,100,111,100,105,110,104,99,99,101,91,52,51,99,105,110,116,110,100,101,96,94,62,67,101,120,60,27,49,111,138,142,144,144,145,145,144,145,145,143,142,144,145,142,146,145,146,148,145,145,143,143,145,144,144,140,140,140,135,134,126,124,113,75,70,101,92,91,85,104,92,102,89,104,94,96,100,99,100,96,101,102,103,83,95,100,100,79,106,92,90,94,91,98
17,92,108,105,119,97,93,106,85,95,113,100,101,101,98,97,100,87,85,105,92,76,69,67,90,46,78,65,44,69,75,73,69,78,83,98,92,105,105,95,99,104,104,105,111,110,99,111,96,97,97,92,97,100,98,100,97,94,98,96,103,98,102,104,109,97,100,94,97,105,96,103,101,94,91,102,94,95,101,95,103,90,92,89,94,107,96,97,106,99,98,103,101,84,112,98,105,105,100,100,108,97,100,100,105,96,105,67,108,106,104,111,109,97,109,99,103,48,42,44,27,48,115,129,143,145,147,147,147,147,146,148,147,144,144,146,148,141,146,146,147,145,143,145,144,146,145,144,146,143,144,145,140,140,132,136,134,112,67,55,58,88,79,87,90,92,96,70,77,82,87,88,89,91,87,86,93,88,83,95,102,93,78,98,81,95,89,88
18,103,103,100,103,110,107,95,100,89,92,97,104,100,111,100,99,93,91,98,111,88,97,71,80,49,129,102,51,70,72,76,74,80,79,94,94,93,101,95,87,100,98,99,102,116,102,93,117,98,93,103,100,96,108,96,91,93,93,91,87,98,102,96,105,101,93,100,102,100,110,103,103,105,99,95,106,109,97,102,95,101,98,93,101,96,94,95,100,109,94,100,92,95,95,101,98,105,104,99,107,94,94,100,102,95,109,127,112,110,108,105,111,104,113,103,100,64,39,30,44,113,131,138,142,144,145,145,145,146,145,147,146,143,144,143,147,140,144,145,146,144,142,146,144,144,142,141,144,141,141,143,139,138,136,141,139,126,96,69,62,65,44,90,85,93,83,100,96,85,96,94,86,84,92,89,76,93,88,84,81,87,80,75,83,94,86,66
19,86,84,93,105,108,103,99,104,99,111,95,100,100,108,108,97,105,96,88,86,109,86,94,87,47,87,74,58,69,90,73,84,82,81,90,91,100,98,100,98,103,96,106,97,103,105,101,103,105,104,86,107,97,97,104,103,87,91,93,100,94,98,101,101,100,102,97,105,99,104,102,99,107,111,101,93,105,112,106,104,100,96,94,100,93,100,104,104,100,98,98,98,105,96,93,97,99,102,89,96,100,94,98,105,101,98,106,93,91,104,109,104,109,95,59,60,42,18,49,116,128,137,135,148,146,147,146,146,145,144,146,145,144,144,141,144,141,146,146,147,145,142,147,143,146,145,144,146,142,144,147,142,140,141,147,146,138,118,105,76,56,85,68,57,57,89,98,86,79,100,91,76,108,99,104,113,102,106,99,96,104,89,99,86,75,80,92
20,77,85,95,92,92,98,90,101,93,104,96,104,105,102,96,89,94,88,83,80,88,90,92,94,78,87,77,68,78,81,80,84,89,81,88,96,104,109,108,107,101,101,104,111,107,101,107,108,108,97,99,103,103,106,100,101,95,92,103,97,101,108,112,105,103,103,105,103,101,101,99,96,103,95,110,105,100,104,107,97,97,98,94,102,99,102,102,97,93,113,100,102,100,99,96,101,118,112,100,98,95,101,97,93,117,107,106,112,100,95,114,92,48,48,35,25,64,98,120,133,138,142,142,145,146,148,147,147,146,147,149,146,147,145,143,145,141,146,145,146,143,142,144,141,145,144,143,144,142,144,146,143,145,141,147,148,144,126,120,113,102,86,77,59,69,55,45,70,81,88,83,90,95,91,85,82,94,91,89,89,89,84,91,83,82,87,94
21,94,82,93,90,101,101,102,90,98,103,110,96,104,106,101,98,99,95,90,89,94,102,102,96,101,91,86,94,96,109,96,82,85,85,91,89,87,106,116,107,101,99,103,105,105,105,108,106,102,106,96,104,104,105,97,99,102,95,87,95,96,95,108,99,101,104,104,104,101,99,95,96,105,100,112,103,108,104,110,101,99,102,100,103,104,98,97,102,102,91,104,100,95,100,103,100,112,116,103,106,93,94,105,99,100,93,100,110,116,76,50,47,22,20,76,114,127,129,139,141,143,145,144,149,145,149,147,147,148,146,147,147,145,144,142,145,141,146,145,146,145,142,144,144,145,144,143,144,142,144,146,143,146,143,148,148,148,135,132,129,124,112,117,113,89,71,62,74,57,47,70,79,82,78,91,89,88,92,90,87,71,74,85,87,82,88,83
22,56,103,84,92,94,106,91,107,107,92,102,103,100,96,101,102,98,102,89,93,87,95,99,101,96,99,94,96,107,99,107,103,96,94,97,100,100,100,109,100,102,102,107,103,100,97,96,101,102,94,95,93,103,100,106,99,96,112,96,105,100,109,101,103,101,97,106,102,106,97,103,96,104,113,106,101,101,103,101,107,106,107,103,103,96,107,100,99,101,101,117,111,97,96,102,99,97,113,96,91,101,95,86,97,98,91,98,69,50,50,17,33,80,110,128,131,139,143,144,144,146,145,143,149,144,149,148,147,147,147,149,144,145,143,142,144,141,146,145,144,144,144,145,142,145,144,143,144,143,144,145,142,147,143,147,149,148,141,138,139,134,127,133,131,121,112,96,81,55,58,71,51,87,88,95,90,83,90,92,92,98,96,80,92,86,89,82
23,71,47,93,95,95,98,81,97,104,101,93,100,100,94,97,102,95,90,83,89,93,91,95,92,94,95,92,97,80,103,97,101,99,99,100,99,108,103,101,101,104,99,102,104,103,106,98,97,113,104,101,116,106,99,98,107,107,93,112,96,100,112,109,104,109,97,90,98,100,95,103,108,100,100,117,115,107,101,100,100,102,105,115,99,100,99,100,102,102,108,99,103,99,96,98,102,101,90,102,98,89,105,102,86,91,60,44,44,27,60,95,109,125,132,138,143,145,144,143,145,146,146,143,147,144,149,148,147,147,146,148,146,145,143,142,145,141,145,146,143,144,143,144,141,145,144,143,144,143,144,145,142,147,141,144,149,150,146,142,145,141,136,143,144,133,134,125,115,103,85,63,69,111,64,54,80,92,90,86,87,98,89,92,102,95,77,80
24,92,83,47,107,82,87,101,98,85,90,89,93,96,97,93,84,92,93,88,89,86,94,90,88,93,93,92,96,92,87,94,92,87,91,96,103,92,97,92,99,108,93,95,101,94,101,101,96,101,99,111,102,107,110,100,101,106,103,101,104,104,101,109,107,101,104,104,102,101,100,97,104,107,106,114,130,117,112,103,104,110,99,97,91,100,103,95,107,103,98,105,95,98,102,96,89,91,96,89,103,97,90,87,47,41,37,35,75,102,113,124,126,134,140,145,149,149,148,145,146,146,144,146,147,145,147,147,146,146,146,150,145,146,144,145,146,144,147,145,141,142,142,147,143,146,144,144,146,144,144,145,141,147,144,148,147,148,144,143,146,144,140,150,149,143,142,140,134,124,116,111,93,74,68,60,87,36,40,73,86,94,93,77,92,83,91,88
25,103,122,68,48,76,76,95,89,75,84,87,85,90,87,87,98,95,99,94,92,94,91,93,84,83,83,89,85,93,87,89,94,88,87,82,99,107,102,99,100,102,108,101,93,108,98,98,98,97,97,100,97,105,105,109,101,92,111,101,89,99,110,98,105,97,99,105,99,106,95,101,103,99,110,107,106,100,102,103,103,99,99,105,106,103,103,103,101,112,103,112,107,105,106,106,94,94,100,99,92,79,43,40,29,42,84,113,123,128,129,135,135,140,143,151,149,149,150,149,150,147,147,147,146,143,147,148,147,147,146,147,146,146,143,144,146,145,145,145,148,142,144,148,142,144,145,144,143,143,144,145,142,145,145,152,151,147,145,146,148,147,143,152,152,146,147,146,141,139,132,129,117,110,110,90,74,45,69,69,70,49,100,78,65,80,82,89
26,112,130,98,64,74,94,98,69,120,96,101,92,88,78,68,73,75,79,81,87,95,95,98,99,95,96,110,61,48,54,48,48,65,67,67,73,92,96,93,91,86,95,96,88,93,87,92,94,96,105,97,92,92,98,99,107,98,99,104,97,97,99,122,134,107,109,104,92,112,109,118,107,102,102,101,96,95,98,102,86,101,96,91,95,108,97,99,104,100,110,107,99,112,114,93,97,97,91,108,70,68,23,55,99,116,125,136,138,140,139,142,137,147,147,150,149,152,152,150,148,150,143,145,150,146,149,150,149,149,146,151,145,149,147,148,150,141,150,144,146,143,146,149,146,148,144,145,148,144,144,145,144,146,144,150,149,147,144,138,147,147,143,152,151,149,150,147,147,142,141,137,129,125,128,122,104,98,92,72,66,58,59,89,125,130,128,132
27,64,11,8,9,8,6,57,53,76,109,117,152,161,166,170,172,175,179,178,179,182,180,181,178,173,162,144,125,109,91,81,80,85,77,60,78,93,95,97,104,107,110,110,107,104,89,80,91,93,93,97,92,97,97,91,85,88,87,84,89,99,92,85,120,130,97,94,104,98,94,106,100,115,98,100,101,97,92,95,95,97,97,104,99,93,99,103,95,98,98,92,98,106,94,107,93,96,90,95,92,103,93,80,110,105,111,109,102,94,98,95,92,92,85,88,86,95,92,84,79,79,80,76,67,57,60,60,59,59,63,60,57,63,63,64,63,60,55,62,67,70,66,64,66,91,88,88,91,86,80,80,80,87,87,99,103,99,102,107,109,115,111,119,118,117,115,115,118,118,115,114,114,103,112,111,107,102,92,85,79,47,31,38,23,12,16,19
28,73,10,8,6,13,7,80,70,71,73,54,51,62,61,48,68,76,75,85,93,108,128,133,142,154,157,160,161,160,165,167,165,174,172,176,171,164,171,170,169,160,153,135,107,74,50,47,43,41,87,85,77,74,87,85,73,74,81,80,85,89,87,86,82,72,74,76,81,92,95,98,99,99,91,103,98,85,94,92,88,95,90,98,102,100,96,96,96,90,100,105,93,100,109,97,95,99,89,99,103,97,109,66,91,102,91,96,95,93,90,106,98,108,86,91,91,81,68,48,53,79,43,31,20,20,17,11,13,8,46,8,7,9,6,8,7,11,9,80,11,11,14,8,8,10,7,9,9,41,10,8,12,10,9,11,13,17,13,59,20,23,20,18,12,16,13,17,19,24,25,21,24,15,22,21,20,24,20,22,28,10,14,122,33,33,40,19
29,84,28,20,15,9,10,118,123,115,93,49,52,52,53,48,49,41,34,34,23,39,30,25,30,28,31,33,41,62,58,60,71,74,76,84,96,115,124,135,132,144,153,162,175,156,152,131,123,94,94,112,122,133,177,179,174,88,45,112,170,173,167,161,148,141,128,115,102,93,99,96,84,81,82,88,91,80,80,86,87,85,95,102,102,93,91,79,72,60,66,67,80,96,84,86,97,80,84,89,96,94,89,83,76,67,72,76,61,64,83,81,83,80,76,95,97,85,85,85,88,95,90,91,102,100,96,94,78,71,56,40,31,25,24,13,28,37,61,97,62,49,42,31,25,11,8,10,8,42,5,9,7,10,7,7,15,10,22,65,14,16,16,21,20,19,18,14,19,18,30,25,26,21,29,26,32,36,33,48,38,41,30,134,19,32,42,42
30,82,6,6,7,9,6,116,119,109,117,78,90,87,91,87,92,86,82,83,69,84,86,86,89,83,75,69,56,90,58,51,51,43,38,31,29,32,46,99,148,153,160,156,153,163,165,165,166,168,163,159,172,138,151,158,159,94,119,159,164,167,179,148,152,170,168,174,175,177,178,180,182,187,180,185,191,187,183,180,176,168,158,149,139,126,122,118,111,109,104,92,98,77,88,80,79,83,80,80,71,73,61,70,76,80,87,88,89,91,86,93,98,94,93,97,85,74,87,76,84,85,73,70,73,62,73,83,84,80,82,61,40,27,32,15,37,53,52,85,32,47,35,42,39,22,18,18,23,35,13,12,31,25,11,6,13,9,17,53,10,9,8,13,14,15,12,18,17,15,42,21,15,18,22,13,29,23,31,38,36,34,26,130,16,43,42,54
31,96,4,4,6,4,11,115,115,113,102,90,93,95,100,95,99,101,85,92,93,89,98,102,102,108,105,100,83,104,108,97,98,95,89,84,76,72,123,119,90,118,124,135,130,129,126,127,133,162,148,152,148,154,160,173,181,156,175,174,161,169,169,123,27,32,32,33,34,43,50,59,64,78,81,88,103,103,126,147,155,153,159,166,172,177,174,171,172,169,165,182,182,180,181,173,170,170,164,155,148,150,148,117,134,123,118,109,97,90,81,92,96,101,94,94,98,99,98,92,86,110,91,84,87,84,86,93,105,96,94,90,93,57,30,19,23,38,50,97,39,51,27,32,26,32,28,45,12,42,7,3,22,35,9,13,27,22,14,55,12,12,7,10,12,13,11,15,14,15,53,18,14,14,12,9,48,10,10,7,15,20,8,115,44,44,56,47
32,99,9,7,4,7,22,110,110,104,71,55,61,65,74,81,81,80,80,82,119,88,94,98,102,103,108,97,89,95,113,101,105,104,106,99,133,112,101,123,121,125,126,128,123,114,118,132,131,139,139,138,163,157,167,172,172,157,165,172,164,165,160,149,74,73,65,64,63,59,57,51,43,39,39,47,67,87,103,72,71,52,41,45,65,43,49,56,50,52,66,78,95,108,115,128,127,137,143,134,115,141,169,108,166,173,174,176,179,180,183,183,162,185,188,186,176,177,172,169,154,122,137,114,104,99,96,94,86,83,98,87,105,81,35,18,15,34,48,100,80,93,69,54,49,41,42,68,11,37,8,10,45,38,9,18,30,30,20,51,14,14,13,15,15,13,12,13,16,12,59,16,16,14,9,15,29,8,9,10,11,10,7,103,24,20,27,14
33,116,6,8,6,5,24,90,92,97,64,83,77,79,74,69,65,53,51,45,105,45,44,45,44,50,46,47,77,42,61,54,58,61,70,74,140,87,90,132,135,132,130,134,96,71,81,138,169,150,112,132,157,156,160,125,98,122,127,126,134,147,151,135,100,101,93,95,101,100,100,99,95,99,102,83,67,64,65,68,69,64,62,49,54,45,42,47,52,53,50,44,41,35,25,29,23,22,23,22,20,21,19,77,30,33,42,46,56,66,73,88,100,112,119,135,146,150,152,156,163,135,172,174,173,174,178,177,178,185,151,180,180,183,163,69,66,27,69,108,130,140,137,138,137,127,135,120,15,29,7,15,113,134,12,15,19,23,21,47,15,18,17,15,14,15,20,19,18,20,59,13,12,11,14,18,11,12,13,13,14,13,8,103,8,4,3,6
34,135,36,39,39,25,46,93,91,69,105,95,90,95,96,101,95,89,86,77,132,85,84,88,89,82,83,76,97,70,83,77,79,81,73,74,136,86,69,130,131,133,134,128,97,72,76,132,161,131,48,135,153,153,155,109,78,93,100,90,101,70,68,64,98,102,98,98,100,100,100,101,99,95,96,86,89,95,91,93,92,95,92,88,95,85,87,93,96,99,97,96,93,94,83,83,84,88,88,90,92,88,83,84,60,65,68,68,51,51,49,50,51,30,31,33,32,24,22,21,15,87,17,19,29,30,40,54,61,74,91,96,112,106,123,78,142,157,134,129,130,133,137,139,127,114,135,128,30,24,13,9,97,148,15,23,28,25,30,40,14,12,15,14,16,13,15,13,21,16,81,15,13,15,14,26,16,11,12,12,10,10,4,83,6,6,7,9
35,137,7,4,10,5,49,92,97,86,102,86,82,99,97,103,98,95,95,88,125,94,97,97,97,95,90,80,100,83,92,89,95,96,94,88,128,114,86,134,129,133,132,127,98,68,74,129,153,137,75,138,142,157,162,92,78,90,87,73,86,88,53,61,91,89,95,91,98,97,97,97,96,97,95,91,98,101,103,102,100,101,98,95,102,98,103,107,109,108,107,105,106,108,95,101,105,111,107,107,109,108,113,96,93,99,104,101,104,103,98,106,92,77,90,98,96,97,92,93,90,89,64,78,81,77,74,64,63,58,65,34,39,31,29,20,10,62,151,144,154,128,136,137,133,102,141,133,45,24,14,8,65,123,22,28,36,25,36,34,12,15,15,13,17,16,21,11,16,15,93,22,15,17,14,22,11,11,12,10,8,6,16,65,6,6,7,8
36,140,16,8,4,9,59,89,96,103,91,123,43,48,51,56,58,62,61,71,145,74,82,79,87,90,82,79,114,86,98,93,96,96,96,93,135,123,109,133,132,135,136,132,112,99,98,133,121,116,110,127,130,94,123,77,87,79,90,91,70,81,42,67,97,100,105,100,97,96,97,93,86,81,79,82,81,76,81,82,87,84,85,92,86,84,75,85,86,89,89,93,95,96,95,99,102,105,106,106,110,111,113,100,108,114,115,115,114,114,113,120,100,90,112,119,117,114,116,117,117,108,89,105,107,108,107,105,109,108,104,80,104,107,104,49,75,133,85,98,102,105,78,90,99,44,71,90,49,20,8,6,9,12,8,36,35,30,47,28,22,17,24,18,17,20,17,13,17,18,100,20,18,15,13,27,10,9,9,8,7,6,8,53,6,7,7,8
37,145,39,21,7,6,78,88,100,101,118,123,72,71,67,68,66,63,57,78,138,52,51,48,46,44,42,39,85,45,49,45,51,47,53,61,125,117,94,129,126,132,134,134,112,115,115,127,129,124,118,121,131,127,113,102,119,119,120,111,102,99,52,64,98,98,120,103,98,103,104,103,101,99,100,108,106,101,104,102,102,105,95,106,108,103,102,107,108,108,103,97,101,96,93,83,81,84,86,85,84,89,90,78,80,68,70,73,75,80,88,101,82,78,96,94,101,103,104,105,109,106,96,102,105,109,109,106,108,110,102,99,115,117,91,70,98,59,43,99,102,131,124,138,130,98,82,134,73,19,10,9,10,10,8,38,40,39,60,51,56,47,50,50,27,28,18,21,19,22,105,26,9,14,11,20,7,8,9,8,7,1,7,40,6,7,6,7
38,146,57,44,40,31,73,87,93,71,111,85,112,82,77,82,77,74,66,104,137,72,74,76,77,76,68,64,78,76,79,72,77,70,71,62,124,121,96,127,127,129,129,129,118,125,119,128,127,129,114,128,135,114,114,116,124,119,128,136,131,102,68,69,96,92,120,99,97,101,102,100,100,96,99,92,103,98,98,99,103,99,97,101,98,103,100,99,106,105,105,105,115,107,103,106,107,110,112,113,109,115,110,95,110,115,116,117,116,116,113,116,90,88,99,96,92,89,87,82,74,91,79,63,65,66,72,81,77,82,71,82,78,76,83,62,69,52,22,71,55,92,78,137,122,90,75,129,96,13,10,13,10,15,9,36,30,36,77,51,50,52,53,52,35,50,25,30,25,39,107,30,32,33,13,11,11,9,9,7,6,4,10,32,8,9,8,9
39,105,104,113,69,53,55,67,53,54,63,55,142,60,56,75,84,76,71,105,127,76,75,77,84,85,81,86,73,68,110,131,79,78,75,75,122,116,100,115,120,123,131,126,120,121,121,121,123,124,118,117,130,121,113,113,117,119,121,119,124,101,68,86,69,72,97,69,70,76,77,79,84,82,82,75,92,73,80,87,89,92,88,84,81,88,93,98,100,101,101,104,107,103,87,105,103,106,106,106,102,111,100,86,102,107,108,109,108,111,114,107,90,106,108,108,112,113,118,113,123,102,108,115,103,102,101,97,99,100,87,103,110,70,77,42,52,55,28,75,59,61,40,93,108,79,55,120,119,16,9,12,13,16,13,20,35,28,83,61,60,50,54,54,48,52,40,37,30,41,79,40,28,25,20,14,12,8,9,7,6,11,12,31,7,9,8,8
40,137,57,104,77,62,62,67,74,69,97,86,107,103,91,76,69,69,67,103,107,85,87,88,88,53,58,79,65,86,132,136,78,78,80,77,122,117,101,114,115,116,126,121,115,118,116,115,116,118,112,119,152,131,125,117,109,99,99,101,103,76,54,85,97,91,99,102,99,103,86,91,96,93,86,73,102,86,92,94,84,83,77,71,66,73,62,63,65,58,53,55,55,53,75,80,73,79,85,83,86,84,95,82,95,99,102,104,106,105,109,101,86,102,107,108,110,112,113,111,113,91,97,105,86,52,50,49,44,64,47,43,36,27,35,37,38,28,34,53,25,24,27,49,86,75,36,76,97,15,14,10,14,15,13,16,33,29,81,63,55,54,51,51,46,32,30,23,25,37,88,28,35,32,33,14,8,10,8,7,7,4,14,24,9,10,7,7
41,138,93,122,98,72,64,90,85,41,113,91,93,156,103,53,56,55,44,51,68,103,75,47,48,50,40,85,45,72,124,121,40,39,36,44,111,103,85,111,110,105,106,113,110,111,108,104,110,106,95,90,135,141,148,164,106,94,77,90,105,68,55,90,90,96,112,99,98,102,95,87,94,91,88,62,103,99,95,97,105,96,96,79,66,59,72,68,86,83,84,80,84,71,72,77,92,93,105,99,100,96,104,80,86,81,79,77,74,74,67,63,71,91,65,71,78,73,77,83,71,96,90,94,85,64,58,62,54,70,52,44,46,28,37,34,32,28,40,44,24,24,13,14,13,15,14,12,57,16,16,9,13,18,12,14,23,31,76,62,53,37,35,32,45,44,40,40,28,37,95,41,42,34,22,10,10,10,8,7,6,7,15,18,8,9,8,9
42,142,65,122,102,96,69,97,110,61,104,99,97,119,107,91,81,81,82,50,95,118,112,66,65,63,66,88,72,103,123,110,72,60,60,63,84,68,85,99,97,89,95,96,79,88,75,68,49,65,87,76,115,109,96,81,77,80,77,82,90,100,105,95,105,95,103,103,99,105,90,91,81,38,54,63,94,95,99,97,97,96,78,74,67,71,72,77,78,81,85,103,98,96,104,90,112,105,112,109,110,110,111,92,98,113,115,118,114,115,119,94,97,116,118,119,124,121,115,112,102,101,99,99,85,77,63,65,62,73,57,52,55,32,36,42,36,20,41,40,19,16,19,17,15,23,16,11,62,13,12,10,13,35,16,19,27,39,75,59,44,39,22,19,35,49,40,42,38,35,100,33,38,36,16,13,12,12,11,9,8,7,31,13,7,8,8,9
43,131,108,114,107,109,104,73,114,117,116,120,103,115,167,102,105,103,94,110,124,115,114,92,84,98,74,77,77,90,118,105,66,85,91,91,90,87,96,88,83,99,121,115,103,110,112,87,88,67,104,107,132,113,138,134,114,120,154,148,102,103,93,75,78,79,78,76,76,84,79,73,77,74,81,91,89,93,89,86,89,99,86,81,77,73,85,98,104,93,99,81,77,84,94,92,107,108,113,108,112,110,104,99,96,105,106,113,114,111,113,72,93,111,110,110,114,119,117,116,92,81,107,106,89,84,75,75,75,84,57,55,56,27,39,51,50,21,44,28,15,14,13,15,25,33,38,36,70,32,24,23,21,41,12,38,39,56,95,52,42,47,39,36,27,37,36,42,34,37,89,37,28,30,13,16,10,12,12,10,7,7,51,11,9,11,11,12
44,128,97,109,105,99,107,99,109,119,117,105,110,125,136,118,120,128,120,110,116,105,118,116,109,117,112,105,99,85,122,126,66,102,98,93,84,76,77,77,90,94,93,88,81,89,88,102,75,39,85,104,106,119,108,103,112,120,131,109,101,119,105,109,86,92,105,97,103,104,91,106,89,97,95,100,102,101,53,56,67,81,75,72,58,68,85,95,79,92,97,97,97,115,108,95,104,92,77,90,90,81,103,77,88,76,82,83,89,92,85,68,93,110,109,110,109,113,112,113,98,103,106,110,94,87,84,80,76,97,67,62,62,30,38,47,43,22,50,26,17,14,16,16,24,41,39,42,70,31,31,31,28,33,13,27,35,41,103,42,44,38,42,33,30,42,33,27,31,37,82,38,36,35,16,16,11,11,11,8,8,10,63,13,15,12,11,11
45,109,110,101,109,112,105,118,111,116,119,119,96,128,124,163,121,116,128,130,118,109,118,128,133,137,128,126,122,120,129,120,92,111,120,116,118,123,120,118,82,106,109,108,98,107,105,108,120,118,105,109,123,133,120,118,110,101,132,124,90,129,105,141,122,126,121,118,130,132,128,135,134,120,99,109,108,116,114,54,86,81,76,93,86,85,137,108,87,98,127,87,114,83,91,75,95,91,85,82,86,79,77,92,87,90,97,92,96,99,90,66,81,106,94,81,79,79,73,65,72,92,88,86,86,82,92,86,80,100,64,67,63,28,37,46,50,22,57,23,16,14,15,15,29,43,43,42,78,37,37,35,39,39,15,42,55,43,109,24,33,31,31,23,35,42,34,38,37,27,89,33,29,24,18,14,11,13,12,8,10,12,64,12,15,12,12,13
46,106,103,97,113,109,110,104,114,122,116,115,104,112,112,119,112,116,111,111,107,113,121,123,120,123,126,125,123,127,129,127,125,126,125,119,126,120,126,129,94,113,126,136,128,123,130,122,120,117,113,109,127,116,115,114,102,104,114,101,101,85,102,95,90,85,92,95,92,86,85,97,106,112,105,105,108,110,111,108,73,59,60,53,85,108,133,105,104,94,52,43,36,100,116,114,118,118,116,117,119,117,102,101,95,92,84,70,71,74,79,69,82,90,99,106,105,113,111,107,97,101,103,107,79,75,92,90,86,90,74,62,67,28,38,46,50,20,59,23,16,13,16,15,36,45,43,41,70,39,44,38,35,38,17,38,37,38,108,30,47,43,31,24,24,39,33,36,25,14,99,26,22,20,17,17,13,14,12,14,12,13,83,19,9,7,7,11
47,97,93,92,99,100,94,98,93,94,103,103,88,107,111,104,103,101,114,117,107,110,105,115,109,108,114,100,110,115,113,135,119,127,119,121,126,123,121,120,93,114,122,122,119,120,124,125,113,122,111,118,119,121,120,114,114,113,116,126,118,81,109,112,116,114,117,117,118,122,116,115,112,111,109,126,115,114,120,119,126,122,109,107,119,118,125,105,121,111,102,114,93,89,120,122,117,116,112,114,115,117,113,116,117,112,112,113,114,116,116,101,96,98,101,105,95,58,69,69,70,62,71,73,73,70,78,85,79,92,97,91,84,51,49,50,51,28,67,17,14,15,21,18,42,51,47,45,56,41,46,44,36,37,27,40,27,38,110,41,43,47,42,43,37,46,34,31,22,18,73,16,14,17,20,16,17,14,12,14,16,11,88,15,16,8,8,13
48,83,88,93,93,95,99,99,88,97,100,76,93,87,102,93,100,98,108,95,83,84,93,100,110,116,117,112,111,118,113,126,122,115,104,111,109,115,119,122,73,115,120,122,115,126,121,119,116,122,106,117,111,113,123,119,126,119,116,110,97,94,107,117,117,118,110,113,112,113,117,115,115,109,110,118,118,120,116,121,116,109,101,110,115,118,112,103,122,106,112,115,119,119,113,121,116,121,121,116,118,114,115,110,112,112,108,111,113,116,112,110,110,110,105,115,115,112,105,103,111,102,107,104,101,88,77,90,83,60,83,79,86,89,74,78,77,68,87,82,76,59,72,85,74,76,78,72,80,64,63,59,62,56,56,60,65,61,107,56,45,56,63,61,54,51,34,31,25,25,53,23,21,18,12,15,46,30,30,54,35,29,91,16,16,7,15,15
49,102,98,108,99,100,92,93,91,100,98,89,92,97,96,93,88,98,87,85,83,84,93,93,99,99,97,102,99,94,109,118,105,94,93,97,107,93,99,99,73,88,99,102,106,109,105,108,113,118,110,117,112,118,128,129,123,124,120,118,113,102,112,121,119,118,118,111,123,117,119,124,115,108,103,115,119,117,118,116,117,117,115,113,120,122,113,99,129,122,117,110,111,112,116,120,117,114,111,110,112,105,116,123,121,120,128,123,113,118,113,114,117,119,116,122,110,113,108,103,106,110,109,107,106,106,108,102,98,101,101,85,94,98,89,90,92,82,83,71,79,73,76,82,87,101,96,102,96,93,87,102,120,91,84,82,85,118,87,72,78,82,74,72,76,83,90,88,86,73,77,84,78,90,92,84,84,82,71,74,77,73,97,66,76,69,97,69
50,109,102,103,87,96,100,89,105,86,81,88,91,100,109,100,94,88,84,91,91,85,87,84,89,88,96,95,93,79,92,100,99,95,100,105,103,97,98,98,87,81,76,87,93,101,104,101,100,105,102,107,125,119,118,123,123,127,124,123,108,112,115,131,129,128,125,116,112,128,126,123,120,109,88,133,133,132,123,120,120,113,124,122,123,115,101,101,123,128,125,118,117,113,118,117,118,124,118,113,118,109,129,123,118,117,112,116,116,118,114,116,117,122,117,121,115,120,119,114,111,112,119,122,121,124,125,119,99,111,137,150,107,116,117,111,119,108,114,116,112,117,85,64,117,107,101,111,108,95,82,82,81,85,95,97,95,87,81,75,68,42,46,50,100,61,65,40,81,75,66,67,62,62,65,81,97,75,72,67,80,71,69,77,72,56,76,61
51,112,111,121,105,109,106,106,109,104,107,115,108,110,104,112,112,109,100,102,94,88,89,91,90,83,71,67,75,73,80,87,93,98,95,93,97,98,96,80,74,83,88,84,105,99,105,100,103,75,87,88,95,89,104,114,102,92,114,113,96,98,100,108,114,113,128,124,118,122,118,122,111,101,85,116,120,129,131,118,124,128,122,127,136,130,112,98,123,112,127,132,129,130,123,120,130,128,123,127,121,116,124,117,119,104,95,106,97,108,121,127,117,127,124,117,111,118,111,113,115,115,116,122,117,114,103,110,99,119,123,123,125,122,122,117,120,121,120,126,125,114,86,91,117,104,99,87,83,81,74,78,83,96,99,103,107,116,127,123,119,116,116,107,110,77,114,107,107,101,95,96,107,119,114,117,114,117,71,67,76,89,95,86,105,98,114,119
52,109,117,107,114,113,114,100,108,111,111,108,112,104,107,119,122,116,120,109,101,109,98,102,99,105,108,110,101,103,94,85,87,82,87,83,89,92,82,92,93,102,95,98,92,91,90,82,89,91,76,80,90,89,95,95,96,93,97,100,92,93,86,87,101,93,94,100,109,98,100,106,110,105,75,113,115,94,104,109,107,116,113,113,119,121,105,107,123,100,109,110,120,125,129,121,113,119,125,118,115,105,117,118,114,104,94,81,98,105,114,116,134,124,103,112,111,111,121,122,119,113,116,113,118,121,115,110,95,114,115,115,115,107,93,105,99,108,104,115,100,110,99,89,111,117,125,119,118,94,100,95,92,81,94,104,108,121,117,111,122,124,127,120,103,100,118,109,118,121,123,122,108,118,124,111,110,117,112,115,120,105,105,103,117,114,119,105
53,109,104,97,105,102,104,97,106,105,107,103,107,106,101,107,110,114,116,108,111,111,109,114,117,115,111,105,112,110,111,113,111,104,111,109,121,108,110,106,109,103,100,104,103,100,88,96,94,93,95,100,100,96,95,97,94,82,78,82,91,86,82,85,88,101,98,99,98,89,86,80,96,95,79,96,95,88,95,95,102,99,85,81,92,90,91,98,115,99,104,120,119,123,111,120,123,119,119,122,113,121,116,110,125,127,120,118,127,128,131,127,126,126,129,112,110,112,106,114,112,116,119,106,110,111,113,119,97,120,119,114,109,110,119,110,103,96,86,94,103,106,100,77,93,115,108,111,122,112,116,120,114,117,107,111,103,101,112,112,109,111,118,114,104,107,114,117,119,121,114,120,132,123,124,109,106,119,125,119,109,110,120,111,112,112,128,121
54,107,113,104,96,99,100,106,90,94,101,101,108,106,104,101,98,97,96,101,101,102,103,107,103,104,113,104,104,105,103,109,99,98,101,99,100,103,110,104,105,112,114,119,123,126,129,120,117,109,113,101,104,107,118,115,113,105,110,100,103,99,108,93,87,93,93,88,81,84,84,84,89,89,86,85,38,45,52,77,71,85,82,79,82,88,83,79,91,95,97,101,99,105,104,102,96,100,103,106,97,115,116,104,98,110,113,125,120,119,127,128,129,127,120,109,110,118,117,114,116,113,123,116,113,109,93,105,94,119,128,119,120,104,103,96,106,102,76,81,86,84,91,71,90,116,97,95,106,123,116,113,103,106,107,108,105,107,105,105,100,97,101,101,97,106,118,122,120,108,114,115,108,104,124,127,122,127,131,123,126,117,128,126,133,119,118,131
55,128,102,106,102,113,115,118,109,109,106,111,120,118,113,115,102,97,97,106,114,107,117,129,110,123,131,127,116,110,108,95,102,102,110,109,104,102,104,107,104,103,105,105,106,109,116,108,116,122,119,116,108,113,114,105,106,101,120,111,108,101,105,105,103,103,99,98,99,97,99,88,91,90,97,93,88,87,91,89,86,81,80,82,91,84,86,86,88,84,83,88,89,79,92,77,75,83,87,83,85,102,102,107,102,102,100,94,98,109,99,93,106,110,108,110,114,117,94,94,104,117,121,125,117,112,102,113,95,117,124,121,124,118,111,114,108,111,109,107,96,102,113,75,82,108,101,68,106,110,123,130,125,134,132,114,130,120,124,118,126,119,117,122,102,95,106,116,119,122,117,126,122,116,117,129,118,112,114,98,116,113,123,114,110,117,110,139
56,100,98,98,101,93,106,105,110,102,109,110,122,107,117,114,109,111,111,118,113,118,118,107,120,109,112,113,115,117,122,115,119,119,117,117,110,110,111,117,104,105,109,114,106,103,111,97,104,97,101,105,102,97,101,111,116,112,121,111,111,112,107,110,114,116,126,107,115,112,104,101,99,91,93,89,95,94,93,89,92,94,93,89,82,90,90,84,76,83,71,75,76,87,75,85,82,82,80,83,91,95,89,95,96,95,94,96,85,92,91,71,93,97,98,104,112,112,99,94,92,98,110,116,110,114,122,115,103,118,108,108,93,107,107,110,107,118,116,112,95,80,82,94,72,94,114,110,119,113,116,128,122,108,120,120,118,115,118,124,122,111,109,97,103,95,99,92,107,112,114,119,117,116,99,108,104,94,104,108,118,109,102,103,107,108,105,138
57,100,101,97,100,96,101,106,104,106,111,109,115,116,124,117,106,112,117,114,114,111,104,109,111,118,134,116,111,108,111,114,101,104,103,96,102,117,107,109,113,110,114,112,118,117,113,110,106,109,114,115,114,110,121,117,116,117,119,110,110,111,113,117,111,110,109,116,118,112,116,113,117,113,111,113,112,109,114,109,107,105,106,111,114,109,105,107,106,103,95,95,92,83,85,83,88,91,83,83,85,86,87,97,95,99,106,106,96,100,97,101,97,106,106,103,95,96,98,99,108,109,108,105,107,102,100,81,101,94,90,103,109,106,114,113,112,116,103,93,108,105,117,100,67,87,107,110,114,122,117,130,121,117,127,129,125,127,120,114,110,108,120,111,101,98,91,80,87,106,115,123,119,119,113,107,120,112,112,103,104,107,114,123,105,115,117,129
58,101,114,100,97,103,104,111,105,104,119,103,101,109,117,112,105,101,106,114,125,112,120,115,120,118,128,118,121,116,124,113,115,115,119,111,127,126,117,124,124,107,113,122,126,114,122,114,115,107,110,117,110,118,106,100,108,109,109,112,112,118,116,116,118,121,116,115,117,113,114,115,110,112,110,107,105,106,111,108,112,112,106,105,106,109,111,115,113,121,117,111,107,108,110,106,104,104,104,103,110,105,103,109,106,110,103,98,100,97,104,94,98,102,101,95,91,89,84,79,81,93,87,93,96,84,82,81,86,81,96,101,96,101,108,120,118,117,108,117,121,120,116,103,86,75,98,115,115,119,118,115,119,114,102,107,123,124,121,125,123,116,111,108,110,88,121,103,112,103,111,113,126,117,105,105,95,118,108,103,109,113,121,118,118,113,119,138
59,111,113,109,117,110,111,112,109,113,108,104,112,110,116,113,113,117,114,111,113,106,107,107,110,115,117,104,103,112,110,113,112,120,119,103,116,109,104,102,117,132,128,116,113,115,122,110,105,121,124,115,127,117,100,85,95,96,94,97,106,103,112,111,115,116,114,118,118,114,114,111,120,123,119,111,111,106,103,115,116,108,102,101,104,99,101,103,108,109,104,115,114,109,108,106,117,117,113,111,108,103,99,111,113,106,110,112,106,107,107,110,105,104,108,97,103,96,107,99,94,93,90,98,95,90,89,105,103,99,82,86,95,98,100,107,109,103,81,92,106,102,110,97,93,67,83,89,106,100,110,115,101,114,106,108,114,105,102,90,98,93,88,83,95,95,118,116,120,118,115,99,114,115,125,110,109,114,102,114,127,117,117,116,122,113,117,141
60,111,116,113,119,118,106,107,117,120,119,113,111,112,108,110,110,102,101,116,117,117,113,106,108,105,100,92,96,99,99,100,100,101,101,100,102,99,102,105,104,104,112,112,113,106,103,113,109,107,112,108,120,120,104,115,115,113,119,100,98,103,110,108,105,106,111,107,114,110,105,99,106,115,109,92,85,114,110,110,108,110,116,111,108,104,107,104,108,104,108,110,104,105,107,110,111,108,112,113,117,115,113,109,114,108,106,104,103,103,116,103,100,102,110,105,109,107,107,105,109,105,101,102,109,104,117,110,128,114,104,100,99,118,107,106,102,97,104,104,95,77,86,76,85,73,86,92,80,83,93,98,94,89,116,111,106,111,108,102,106,108,103,86,98,91,104,103,99,110,108,112,111,108,108,107,101,86,82,89,100,100,104,101,97,121,114,130
61,109,102,100,100,113,111,116,114,114,110,120,122,114,115,105,111,118,115,120,111,119,106,100,111,97,91,81,78,93,102,111,105,97,101,112,118,104,110,105,103,103,107,105,105,121,117,115,111,109,111,119,114,103,112,100,116,108,112,108,110,106,115,122,116,109,112,117,113,96,106,118,121,118,117,110,107,112,115,108,109,108,112,113,111,109,110,112,109,115,111,116,117,103,105,107,106,109,108,109,116,103,104,114,111,110,113,110,110,109,110,107,116,115,110,112,114,109,109,110,110,109,101,107,109,107,112,102,110,108,110,105,111,111,114,121,116,113,119,131,126,117,109,111,108,109,106,103,93,95,101,89,98,91,111,107,99,94,91,102,106,101,103,81,81,67,82,85,94,104,117,102,108,107,102,101,106,104,100,100,103,108,113,103,101,92,104,93
62,98,99,102,108,106,101,108,112,103,100,117,115,115,105,108,105,106,105,93,108,95,107,113,101,106,104,106,97,107,89,101,103,109,104,102,107,97,100,102,104,108,110,106,106,105,103,102,108,108,106,105,103,108,99,117,114,116,105,113,112,107,108,114,119,115,116,110,123,122,123,120,117,118,122,127,122,119,124,117,124,113,107,114,112,112,106,98,107,109,114,115,117,117,116,110,109,108,109,108,107,117,113,109,103,96,102,107,108,106,110,115,107,111,108,112,113,110,107,108,114,107,114,108,113,112,119,112,112,114,103,103,112,106,108,103,102,113,108,107,108,108,105,107,115,118,116,114,116,114,109,116,111,121,127,113,138,115,116,102,110,119,101,103,95,82,87,72,89,93,99,82,80,93,90,99,103,100,77,83,103,94,89,87,87,70,82,81
63,106,100,102,98,98,99,105,97,96,99,101,103,108,106,110,114,120,119,104,104,108,117,115,115,100,101,109,110,112,110,107,109,108,106,112,112,108,117,110,106,89,105,98,93,112,113,111,107,110,108,102,105,109,114,107,103,109,103,106,110,118,112,117,112,117,110,112,111,112,104,107,111,117,109,107,108,112,120,116,115,121,121,117,117,117,114,106,113,113,116,115,109,100,99,111,113,107,112,115,113,112,109,101,112,103,100,104,90,91,90,91,95,100,103,104,106,111,107,108,108,107,104,110,112,112,118,106,115,114,109,109,104,109,108,104,99,95,98,103,109,103,110,98,98,100,113,114,108,107,108,119,105,104,111,107,109,105,109,117,113,107,111,119,118,112,115,117,107,105,108,99,107,93,89,96,89,90,84,82,84,94,84,86,85,78,73,84
64,100,97,105,102,106,101,99,101,95,97,102,104,101,103,97,96,103,116,109,113,118,112,111,115,111,121,111,103,112,105,104,110,107,106,100,107,113,102,97,95,87,94,97,101,100,100,106,107,105,101,94,98,107,111,104,111,109,104,107,106,104,103,103,101,97,98,101,96,95,92,100,97,92,96,103,110,107,112,104,114,108,103,104,106,109,110,108,111,115,111,119,119,119,112,121,123,118,122,119,112,118,114,109,114,119,117,115,112,113,112,111,108,117,110,97,85,88,94,105,107,107,115,107,104,105,102,106,102,92,105,105,106,107,107,112,117,111,106,99,97,107,116,104,108,108,119,125,121,102,107,92,82,71,72,86,87,86,102,111,102,105,104,95,89,84,86,94,92,98,100,99,101,105,109,104,104,101,90,94,90,107,93,90,87,89,100,92
65,79,96,85,93,99,96,95,105,107,102,121,109,102,102,112,104,106,97,108,109,107,103,113,109,106,111,114,110,86,86,94,101,102,108,108,110,109,106,101,107,107,99,100,101,102,103,101,104,105,106,105,108,105,105,106,106,100,98,101,95,104,106,104,103,107,108,116,109,104,104,110,85,79,86,97,101,97,104,102,107,110,116,114,111,113,119,105,110,108,124,121,126,109,116,117,118,116,120,121,119,116,123,113,109,113,115,117,113,113,113,112,112,107,88,87,88,91,99,111,119,116,117,114,114,109,105,106,106,101,113,108,108,105,101,107,113,121,109,120,114,101,107,107,93,82,101,112,118,107,106,97,97,107,113,109,107,104,101,99,104,98,100,101,104,99,100,104,97,94,96,102,99,97,88,84,99,101,106,101,95,98,90,109,96,108,99,104
66,94,105,98,93,94,90,101,93,93,102,107,105,108,100,107,102,87,79,103,99,95,110,111,102,105,108,101,107,105,102,97,108,112,116,108,108,110,112,115,104,118,109,113,105,106,110,106,104,107,109,113,113,112,107,109,104,95,109,95,104,106,107,104,93,97,98,104,100,102,101,100,89,86,92,90,90,81,83,96,114,108,105,100,98,104,101,104,113,116,117,101,102,102,108,107,114,111,117,124,117,113,122,120,111,105,106,108,116,109,106,99,100,103,107,108,113,111,111,109,96,105,114,112,119,118,124,114,117,116,121,115,117,107,96,95,96,105,103,113,115,108,113,107,104,102,112,111,112,122,124,112,113,120,120,126,121,127,117,108,103,97,97,102,100,101,105,99,97,101,99,95,100,96,101,103,104,111,103,102,101,99,92,91,94,103,98,100
67,111,108,104,104,103,90,101,97,99,109,102,105,97,104,98,103,102,101,106,106,108,111,101,93,93,99,99,99,99,103,106,109,102,105,96,100,102,96,111,104,115,117,113,117,112,110,105,105,104,104,109,106,106,104,108,106,96,104,101,96,95,90,95,89,96,98,96,96,107,109,107,95,93,84,85,92,94,92,98,100,110,108,109,105,107,106,109,106,111,108,108,103,101,114,110,113,109,100,105,113,109,111,121,114,111,112,95,91,118,109,104,107,105,107,111,106,107,108,101,100,104,108,113,102,104,111,112,113,112,116,122,111,111,103,106,106,105,110,115,109,106,107,112,114,111,128,109,111,111,105,99,110,107,111,113,112,111,118,109,109,109,111,102,100,101,105,107,110,107,107,105,112,109,102,98,107,104,101,102,103,109,104,106,103,98,104,100
68,106,101,96,101,103,106,105,106,110,108,111,95,102,108,93,100,103,105,102,107,108,109,108,102,96,101,102,102,111,113,106,111,106,106,105,106,103,102,100,107,112,106,92,96,108,100,103,101,108,107,99,109,101,99,104,103,98,95,85,80,84,84,90,91,92,95,102,95,98,109,112,108,105,110,107,108,112,98,99,91,99,95,96,103,107,107,100,99,106,106,102,98,97,104,105,100,101,98,98,92,94,96,98,95,94,100,97,98,101,99,100,107,108,104,109,109,108,105,99,92,97,98,110,105,119,118,111,108,108,113,108,111,107,108,106,101,108,112,112,118,108,113,114,115,112,104,109,102,106,106,108,115,113,109,109,101,89,109,111,111,121,109,113,110,101,101,110,99,102,96,90,94,114,111,107,103,111,111,103,103,103,108,97,96,98,96,94
69,102,97,98,96,99,105,112,96,92,100,107,99,102,110,99,105,111,104,102,100,103,104,101,103,111,106,105,107,108,114,107,107,99,103,103,109,111,105,109,112,111,113,110,123,123,110,103,105,101,99,97,99,97,104,98,92,83,83,79,78,79,82,84,85,89,90,89,92,90,89,97,97,101,104,101,107,102,105,100,104,99,95,98,97,94,101,102,106,106,103,108,111,109,110,111,110,112,108,107,102,104,110,113,112,106,117,116,110,112,109,113,115,115,115,112,112,111,115,105,108,113,103,110,108,113,124,121,108,103,102,111,109,105,109,109,113,111,116,109,112,112,103,105,106,98,102,96,87,89,86,89,107,107,104,95,105,106,107,108,110,108,99,104,111,111,114,109,112,105,99,92,109,112,116,112,109,116,108,100,109,106,110,109,110,114,111,103
70,100,102,104,101,100,91,88,84,78,82,93,94,103,102,98,105,96,105,107,108,109,108,108,110,105,102,100,103,108,102,106,104,109,101,102,98,102,104,106,103,102,107,104,120,114,109,114,107,104,108,107,103,103,99,97,104,100,101,102,97,100,98,100,105,101,95,93,93,98,100,103,117,106,108,105,107,100,108,105,107,105,102,104,102,101,113,109,110,109,111,108,107,118,114,110,107,109,116,109,113,114,113,107,105,101,105,105,104,106,110,111,108,111,100,97,89,98,101,97,108,112,107,109,108,113,113,113,121,113,113,122,109,111,122,109,108,102,109,111,92,91,96,106,101,105,108,112,110,106,106,105,112,106,105,108,112,125,110,122,106,110,106,104,94,95,97,100,101,101,101,98,101,100,100,100,103,105,100,91,110,105,99,103,94,95,99,108
71,99,98,104,91,91,79,88,91,100,90,93,87,102,100,107,104,101,99,97,101,110,108,117,116,113,112,106,113,111,105,106,107,98,93,81,94,89,107,106,104,101,96,95,106,93,97,108,104,112,110,114,107,108,110,107,107,108,103,105,103,108,105,109,110,108,106,107,104,104,100,98,99,98,103,104,98,96,94,107,108,113,108,104,106,112,110,106,102,106,101,99,96,97,100,101,101,100,109,105,106,106,105,102,108,97,97,102,103,107,113,111,99,104,107,104,105,106,107,109,110,104,111,102,103,108,106,105,107,104,110,105,110,108,102,101,103,98,104,100,87,83,102,96,94,92,93,99,106,114,104,111,120,112,105,102,99,96,102,104,119,104,118,126,112,110,113,112,110,121,114,114,103,112,106,112,112,104,104,100,102,109,108,128,110,119,111,101
72,103,98,103,102,105,103,103,102,101,108,100,103,103,109,99,90,95,86,90,89,90,86,101,96,100,95,103,112,109,107,105,96,91,98,92,102,101,108,100,99,99,103,94,91,100,94,103,108,117,115,111,116,110,106,102,99,101,107,105,109,107,104,102,99,101,100,99,106,103,104,99,98,99,90,94,98,99,93,95,103,97,103,102,100,103,105,106,107,107,105,107,104,110,97,105,97,97,102,99,97,102,106,108,114,115,113,107,105,107,113,104,108,108,107,106,107,105,100,97,95,99,100,98,97,104,100,100,87,89,108,111,114,101,110,111,99,105,104,107,103,100,103,106,96,92,100,97,107,103,97,100,100,110,108,107,100,98,106,104,104,110,107,113,112,112,116,108,99,100,101,97,114,113,124,129,117,108,109,108,111,99,96,118,107,106,106,101
73,90,88,102,102,99,109,101,97,98,99,102,100,102,107,95,100,93,102,100,91,97,90,95,87,92,97,104,100,91,95,102,100,101,106,110,106,103,116,98,109,109,88,101,100,87,83,113,109,115,103,91,105,93,121,101,101,99,102,99,102,104,98,102,104,107,103,99,102,105,105,99,99,104,105,105,100,96,99,103,100,105,104,103,100,108,102,102,101,112,98,94,100,105,105,103,104,107,103,106,104,109,110,108,104,108,105,106,107,110,105,101,104,113,113,113,116,115,117,108,109,108,105,106,106,109,105,108,110,102,92,95,98,107,91,99,110,109,115,117,114,103,103,108,116,108,102,109,101,105,101,101,111,106,100,103,99,95,100,93,94,92,109,103,101,101,91,94,97,76,90,93,101,103,114,110,109,115,92,103,82,79,91,96,98,89,97,100
74,93,90,98,94,99,105,101,96,97,88,98,98,94,89,95,100,96,100,101,107,105,98,101,100,95,100,98,102,97,99,98,100,100,101,99,96,87,99,107,108,99,96,101,96,98,102,110,98,100,100,88,83,90,117,113,111,102,106,99,101,98,99,97,101,97,98,98,101,103,106,113,106,100,105,106,108,101,94,96,97,103,103,112,107,107,104,104,102,102,102,100,110,109,115,109,103,109,109,103,110,111,102,106,106,104,104,103,104,110,107,116,113,114,117,113,110,107,111,113,114,103,105,108,105,108,105,111,107,106,104,106,105,99,105,103,100,101,109,107,112,107,103,98,98,108,111,113,112,104,106,103,109,108,103,95,76,72,72,74,83,65,85,101,102,104,108,110,109,107,109,107,104,100,109,107,104,108,109,106,93,89,89,89,85,87,100,105
75,101,99,98,98,92,103,100,98,94,99,99,103,101,105,107,113,109,114,103,113,108,103,106,107,95,109,98,98,115,98,99,93,102,100,105,102,96,103,116,101,110,100,102,99,112,106,105,97,91,83,97,91,90,102,97,97,102,111,104,109,106,105,103,97,101,99,98,99,109,103,103,102,101,101,95,100,97,96,106,108,113,101,106,99,102,105,107,109,107,107,110,108,102,109,111,107,111,114,105,101,103,110,109,107,108,101,91,98,104,108,113,97,91,100,103,102,93,99,106,121,112,107,104,108,109,109,107,105,105,107,108,103,94,103,109,110,106,109,109,106,105,107,109,108,108,108,108,111,103,110,106,104,105,94,91,92,85,82,80,77,79,89,104,95,97,106,99,95,96,95,100,99,94,106,101,98,98,106,107,113,109,110,105,108,110,102,98
76,103,102,101,104,101,99,100,96,103,96,101,95,97,100,117,110,108,105,109,101,107,106,103,106,101,112,103,99,110,107,112,114,114,101,96,103,103,101,96,92,98,91,89,97,99,96,98,99,97,92,98,100,96,103,103,103,98,99,98,102,105,101,105,106,108,104,117,97,112,107,111,107,100,104,107,106,102,106,105,99,107,101,115,107,103,106,105,111,106,103,104,110,108,104,110,117,103,103,104,103,99,99,99,101,115,110,110,110,135,107,116,115,103,102,98,104,88,95,106,106,113,107,111,118,104,114,110,117,115,109,104,116,108,108,92,101,109,105,113,108,113,111,97,100,97,100,112,108,112,110,101,105,107,108,102,105,108,105,107,113,105,104,103,101,98,104,93,88,85,84,91,84,84,99,99,91,98,96,98,100,100,101,96,96,98,88,94
77,102,100,105,112,109,104,98,97,100,93,92,98,96,91,103,101,93,104,102,100,108,105,102,101,95,106,97,99,99,84,91,99,105,97,94,98,96,93,87,89,85,94,87,93,87,96,100,90,93,88,85,91,97,95,92,100,98,102,101,99,115,117,116,117,124,116,112,114,104,108,108,109,110,103,102,100,100,100,100,97,104,104,105,100,100,106,103,104,112,103,106,105,104,98,98,105,108,98,103,106,103,107,106,104,121,114,107,109,110,121,118,117,115,111,104,103,106,97,121,116,111,106,100,111,113,108,109,106,116,121,110,112,106,104,102,101,108,110,112,109,107,109,107,108,103,104,103,98,103,103,105,105,108,123,112,104,105,105,102,113,116,109,105,104,106,117,108,99,97,95,104,89,82,92,103,102,106,100,98,97,96,102,99,94,100,93,97
78,96,86,95,93,103,103,93,102,91,102,98,107,107,99,111,99,92,95,102,98,91,97,90,101,95,97,98,101,106,100,95,97,95,96,104,91,95,94,94,97,94,87,91,80,92,94,87,85,86,82,81,88,84,84,83,89,94,107,111,108,107,105,102,109,109,110,116,119,119,121,121,126,112,106,107,107,107,103,99,96,98,100,101,105,96,94,100,107,104,108,102,98,94,86,85,89,107,106,104,105,103,106,101,95,103,108,109,105,101,107,109,111,113,116,108,103,111,117,109,126,106,110,90,89,80,87,90,86,91,104,109,109,94,102,91,99,95,98,107,109,100,109,109,102,108,110,106,105,108,109,112,106,102,119,107,105,105,100,115,126,113,100,108,108,100,122,112,101,104,102,106,110,99,102,110,97,106,107,100,100,97,95,89,96,90,80,89
79,95,99,88,93,98,131,101,99,91,97,96,98,107,104,121,89,93,90,96,87,88,93,89,87,85,86,82,87,95,100,104,101,96,102,102,104,102,100,105,102,99,98,101,75,87,86,88,74,70,88,99,79,79,65,80,116,116,108,111,103,96,100,100,97,94,108,105,112,114,119,120,123,114,124,104,104,121,102,107,104,99,91,108,103,93,86,84,94,93,93,98,85,81,77,68,85,106,104,103,106,103,96,91,95,100,101,94,103,93,95,99,95,98,103,96,98,92,119,108,107,119,107,108,105,107,106,105,97,96,100,106,113,111,107,97,104,100,96,116,103,107,112,110,108,107,107,110,110,106,102,106,109,114,114,112,113,120,103,110,97,101,101,105,100,105,102,100,109,91,91,102,107,95,97,96,86,86,92,81,93,75,72,76,86,87,81,81
80,97,92,84,98,99,98,93,89,84,83,90,92,87,90,119,99,92,89,108,94,91,92,80,78,82,89,89,88,89,92,94,90,99,96,96,94,103,105,97,99,97,88,78,91,105,113,94,88,97,88,93,110,115,122,121,123,110,91,89,92,96,97,97,98,99,93,99,84,91,97,98,86,95,102,108,112,106,119,102,104,94,95,95,101,102,94,96,81,83,82,90,81,76,84,77,92,98,102,100,99,96,104,101,93,90,87,88,90,90,91,95,93,100,90,90,100,95,90,88,98,103,112,102,98,110,116,116,104,99,102,104,117,107,104,99,90,109,108,118,108,106,105,113,111,111,113,107,113,112,111,105,107,106,109,108,123,117,108,106,114,106,113,105,113,103,108,106,101,107,99,103,102,102,102,107,100,90,94,66,79,89,90,89,87,92,81,74
81,96,103,90,82,92,91,98,95,84,89,90,91,102,83,98,95,98,94,93,94,94,90,93,95,97,94,88,89,78,87,79,75,83,80,77,79,95,88,86,85,85,90,103,121,126,109,118,118,114,140,146,151,140,139,124,105,93,82,83,87,85,91,92,95,93,94,98,85,86,95,90,86,86,74,78,101,105,91,94,97,99,102,98,94,99,105,103,99,100,97,99,100,94,94,89,93,99,97,93,91,88,97,99,92,90,88,91,89,81,79,82,84,100,108,110,100,86,79,68,71,94,101,99,94,95,102,106,94,91,97,100,104,99,102,110,104,108,107,113,105,103,104,111,114,107,109,101,105,101,98,99,109,104,102,105,100,95,107,94,110,106,114,109,123,113,114,101,112,107,111,103,106,110,99,114,103,103,110,101,102,94,104,102,108,102,81,81
82,95,102,90,88,89,93,81,81,78,93,91,87,79,85,91,90,95,95,90,101,78,83,84,86,82,92,91,81,90,85,73,66,71,67,60,68,76,77,79,83,91,134,142,141,110,78,93,124,144,146,137,134,125,108,93,86,90,87,98,98,96,92,94,95,95,98,104,97,75,85,94,92,88,77,72,97,87,90,99,100,92,88,89,96,98,90,89,93,99,98,98,89,99,88,94,90,90,91,86,90,80,86,88,90,99,97,101,88,80,84,80,75,96,97,101,105,90,88,69,64,81,92,90,92,99,99,98,93,97,88,93,95,87,87,89,96,101,97,99,98,103,105,107,100,98,101,100,110,98,86,87,101,105,103,96,96,91,97,89,99,100,98,98,96,102,94,104,99,98,109,112,105,107,112,97,91,95,97,110,101,89,83,90,96,115,115,111
83,98,89,97,99,94,89,90,66,82,78,81,86,90,96,91,95,88,97,100,100,92,99,87,92,102,93,94,94,76,82,82,91,93,80,75,70,79,83,88,126,136,134,121,71,54,100,125,134,128,126,111,104,94,91,82,90,101,103,94,95,98,100,94,92,87,105,106,103,102,92,86,89,88,85,90,86,85,100,101,86,78,79,92,111,102,94,91,90,91,80,95,91,95,87,92,96,91,87,86,87,81,77,86,79,87,91,98,97,96,100,101,101,102,96,91,93,104,99,98,99,108,108,102,103,99,105,105,104,101,102,110,100,97,102,103,101,85,90,98,98,94,97,89,86,88,91,89,95,101,99,98,101,104,92,104,105,101,89,101,100,95,95,96,88,87,83,85,96,91,94,105,102,103,98,102,100,108,96,105,105,105,94,99,105,107,101,102
84,88,91,96,99,101,97,100,75,73,70,70,70,81,89,95,92,97,92,88,99,89,93,97,97,96,98,97,101,94,96,97,94,98,102,90,94,95,113,123,125,135,118,43,27,90,111,126,123,119,119,99,91,101,76,72,81,81,102,96,84,102,105,103,112,107,99,101,98,128,129,121,129,141,125,122,112,107,100,94,83,82,91,112,116,109,100,94,91,92,94,91,92,97,94,92,100,97,100,93,94,83,77,84,84,87,88,86,90,96,96,99,93,98,105,99,103,102,96,102,97,105,98,97,97,85,95,104,104,104,104,108,105,95,96,94,92,84,84,85,84,90,94,90,86,89,90,86,92,103,99,90,93,102,96,95,97,93,96,91,93,100,101,102,97,98,97,103,103,97,92,104,93,94,93,99,107,102,102,100,98,100,108,105,103,94,94,106
85,91,77,82,90,87,90,91,87,83,88,86,91,96,89,95,92,88,95,93,96,94,93,100,95,101,93,100,96,95,95,91,85,95,89,89,95,137,113,123,106,101,58,48,60,87,108,111,110,111,103,107,98,91,77,83,84,96,81,85,92,98,105,105,94,108,119,123,151,142,126,104,119,113,113,112,106,103,105,98,99,91,95,115,113,110,101,105,99,81,93,95,96,88,90,93,92,99,104,101,101,97,94,89,82,91,88,89,91,92,92,99,101,98,99,102,99,96,95,94,94,98,90,94,90,90,92,92,88,96,97,102,98,91,91,81,77,84,83,85,84,87,86,87,91,91,93,95,92,95,97,94,97,96,91,90,94,101,104,93,96,91,97,87,102,96,93,90,98,87,78,92,96,99,100,105,102,102,101,101,101,104,104,101,101,98,98,102
86,85,72,71,84,70,83,96,95,92,86,80,87,91,92,91,93,90,93,91,88,92,93,91,97,94,107,97,91,99,100,96,98,90,80,81,94,107,101,101,94,92,91,82,86,98,99,106,110,108,98,93,85,119,173,156,142,84,75,66,78,80,98,102,104,119,109,120,134,131,136,125,120,110,113,114,112,109,101,102,96,105,112,112,113,111,92,82,81,79,80,91,96,98,94,92,92,89,88,93,87,98,93,94,99,99,103,99,98,104,94,94,83,91,92,96,103,96,95,95,101,94,84,84,93,94,94,91,79,81,79,89,95,92,93,87,84,88,91,99,93,94,102,93,94,100,99,95,104,94,96,93,93,101,97,86,93,101,100,100,99,91,99,103,97,97,98,91,100,91,92,96,95,87,88,95,91,97,97,99,101,106,98,107,103,101,100,97
87,100,95,109,89,91,91,102,103,107,96,92,95,94,93,97,99,97,97,101,94,89,94,94,92,95,91,103,101,105,98,88,96,86,96,86,81,74,86,89,92,90,91,89,87,79,74,97,94,101,104,99,101,83,133,134,81,88,64,76,89,74,72,87,112,102,106,100,132,136,149,132,110,111,122,114,115,115,120,113,116,119,116,104,98,97,89,86,80,88,87,88,95,92,93,92,100,99,98,102,99,101,98,103,102,101,98,97,88,91,83,83,82,82,84,92,95,90,92,91,92,95,92,99,94,90,87,96,96,83,77,98,96,101,98,96,91,94,95,94,96,102,103,98,98,86,81,86,103,97,100,99,97,108,91,99,106,100,96,101,105,98,98,96,95,99,104,96,100,102,95,90,94,96,105,97,103,100,99,98,99,109,103,105,98,101,91,76
88,93,100,97,97,92,97,98,104,96,96,92,98,96,91,93,98,96,92,86,95,95,95,98,95,91,87,96,88,88,92,92,101,90,88,93,85,87,88,92,85,95,92,92,87,86,91,97,91,93,93,100,100,100,99,97,96,101,99,101,92,99,92,99,101,113,120,123,105,119,126,113,114,111,115,121,116,120,139,119,113,112,124,109,108,95,94,94,78,91,100,92,79,85,89,92,95,103,100,97,95,95,94,98,98,94,88,75,84,83,83,86,82,86,79,73,81,90,92,97,94,92,91,94,92,97,101,97,87,96,92,94,89,91,101,105,106,108,106,110,101,104,102,99,97,92,82,78,87,83,80,87,87,99,91,97,95,100,98,100,96,100,101,90,94,94,98,95,95,94,102,101,101,99,95,94,93,97,95,101,94,98,96,94,89,98,101,87
89,102,98,103,94,94,95,94,92,98,95,94,100,95,99,103,98,103,105,105,103,101,104,101,98,94,101,99,89,94,99,100,99,105,88,89,89,89,87,92,88,94,92,92,92,95,91,92,84,88,87,95,93,96,98,92,93,95,92,90,80,88,93,100,104,89,95,89,95,90,95,92,100,91,104,94,95,98,106,100,117,115,110,91,96,86,85,62,85,90,114,102,81,78,92,94,81,93,91,94,93,91,92,90,83,82,78,79,74,84,83,72,74,81,72,79,84,87,93,85,100,93,92,97,99,99,96,104,100,99,102,101,100,101,108,112,99,102,105,107,90,89,95,106,98,101,101,97,100,102,93,97,90,91,85,86,90,103,94,91,94,100,102,92,91,93,99,91,98,95,93,85,85,87,92,85,96,102,93,101,100,99,101,99,100,94,95,96
90,99,95,97,96,105,94,100,97,98,102,99,100,100,102,97,89,97,104,101,89,93,106,103,105,98,105,101,102,96,101,107,97,96,98,89,85,87,95,91,93,94,106,103,91,87,83,87,74,81,86,81,93,93,92,96,93,89,91,88,97,92,93,91,90,90,88,81,98,98,96,92,98,110,105,104,103,95,95,91,95,98,104,99,91,91,94,103,102,102,120,109,116,118,109,102,89,96,84,97,98,89,86,81,76,76,70,61,76,72,79,76,83,67,80,79,82,86,93,74,91,86,90,94,98,95,94,95,93,95,94,98,95,101,94,107,97,96,99,98,99,92,103,96,94,105,102,104,104,101,103,100,97,96,95,103,100,97,89,89,91,92,83,91,94,96,87,89,90,77,89,85,81,91,88,70,84,88,87,90,94,95,100,98,99,95,95,88
91,99,94,97,99,96,102,111,97,108,101,100,102,101,101,98,100,97,107,100,90,101,97,98,98,96,101,94,95,96,93,97,88,93,93,99,90,99,89,96,93,86,84,95,97,97,89,96,89,86,94,81,94,82,94,92,98,99,94,90,90,97,94,97,100,96,97,95,108,97,98,100,97,100,99,94,85,84,95,92,98,100,103,108,99,103,90,97,88,85,93,96,100,100,108,103,99,97,96,98,92,83,73,75,90,81,73,75,68,76,71,73,75,85,76,83,81,87,98,81,93,79,88,100,101,98,100,100,94,97,100,99,95,98,97,101,99,95,93,99,104,93,91,95,92,100,94,95,104,97,99,99,100,104,96,89,97,91,94,101,99,119,102,96,90,86,85,82,85,92,99,98,98,105,100,77,82,91,88,89,84,91,89,90,98,95,89,85
92,92,99,100,97,95,100,105,103,94,101,93,99,100,103,100,99,94,97,87,88,87,82,79,85,64,84,82,91,94,96,89,91,94,94,95,91,87,86,95,96,85,83,79,94,94,88,94,99,96,99,100,95,95,98,95,101,99,96,98,98,99,100,92,98,94,105,104,97,91,98,93,95,98,103,101,94,91,94,101,99,99,96,104,91,100,92,84,78,83,86,89,89,87,98,99,103,97,100,99,88,79,74,78,83,85,78,77,79,79,84,86,80,86,86,99,88,81,91,93,94,100,92,105,104,100,96,99,98,101,102,102,103,105,103,98,98,100,101,95,97,95,90,96,89,96,96,98,90,103,106,104,100,97,99,99,98,100,96,101,102,107,99,101,103,101,98,99,99,94,102,103,102,99,94,104,100,91,96,92,93,90,92,99,94,95,93,92
93,99,100,102,103,99,101,104,106,94,99,97,95,89,89,88,75,78,72,86,89,94,83,76,84,85,72,76,83,93,99,98,100,98,99,100,101,99,96,97,99,98,92,97,95,99,93,94,91,89,86,93,97,101,103,101,105,101,103,105,107,101,105,102,101,102,98,89,96,95,97,97,103,97,97,104,101,100,102,101,98,98,89,86,87,96,84,87,82,83,80,81,84,87,91,87,97,97,94,93,94,102,95,91,85,79,84,88,94,84,87,100,94,95,94,109,98,109,101,90,95,97,95,98,101,93,95,101,93,94,98,96,95,97,92,102,98,99,99,93,92,94,94,96,94,107,101,100,102,109,94,101,100,96,101,95,97,98,96,96,101,97,94,91,93,96,97,99,99,102,103,104,94,93,100,106,100,95,105,103,103,105,105,107,101,102,98,110
94,91,92,97,99,89,100,95,102,93,88,87,85,88,82,76,82,78,73,89,74,82,86,79,85,62,78,72,63,79,89,94,97,94,95,96,99,100,106,103,105,99,94,99,97,93,96,94,92,93,97,94,98,106,99,101,94,100,93,97,100,101,103,100,99,104,104,104,103,96,100,94,99,90,96,97,99,98,95,96,90,82,83,84,82,90,87,80,81,84,88,80,85,87,87,84,86,92,86,91,96,91,83,96,100,106,101,99,102,98,95,100,102,97,98,101,96,105,95,98,109,96,94,90,95,92,92,102,98,100,103,95,97,104,100,96,103,101,101,105,97,102,99,101,100,94,87,91,85,94,87,93,98,95,102,93,94,90,92,88,88,84,88,81,86,93,94,91,85,95,94,88,94,87,92,91,91,86,92,94,101,92,92,98,98,96,101,100
95,96,87,87,95,89,97,90,88,94,84,84,80,82,89,81,83,88,101,77,84,81,75,85,76,64,68,67,70,83,82,82,89,85,91,88,85,87,98,112,107,90,95,96,98,98,94,99,102,105,103,110,101,105,102,99,89,94,93,92,97,95,88,84,97,103,105,103,104,99,100,100,96,99,103,100,95,88,83,86,88,81,86,83,91,86,84,79,90,82,84,80,81,83,88,82,89,88,94,91,91,85,86,94,97,94,101,96,102,104,94,95,91,93,91,95,92,89,88,93,112,109,106,110,105,102,101,93,100,108,100,99,95,104,108,98,107,99,99,103,106,101,105,99,100,89,98,92,73,74,92,87,85,90,95,101,92,92,96,94,87,88,100,89,95,103,101,90,102,93,82,88,91,90,79,92,95,85,103,102,92,93,95,99,95,88,90,94
96,91,79,88,81,73,80,80,72,98,81,76,83,78,86,86,93,80,74,68,75,72,85,83,76,84,70,92,79,82,82,85,80,107,94,94,90,86,97,107,89,99,98,99,101,101,98,94,103,106,102,102,105,109,108,99,87,93,100,95,88,88,89,86,92,92,94,94,90,100,94,99,94,93,91,100,90,95,84,93,91,89,88,97,94,94,96,93,88,95,88,88,88,79,83,84,95,92,99,94,89,92,85,92,91,96,95,85,87,88,93,98,97,101,90,96,88,93,96,94,95,102,100,98,99,92,94,98,95,102,103,102,95,98,102,96,98,101,97,99,103,98,100,98,102,101,102,103,98,107,99,85,84,94,88,93,98,98,100,99,97,98,91,91,93,88,93,89,94,91,91,99,93,90,101,96,98,96,90,98,99,87,89,93,89,89,90,81
97,88,93,89,79,96,73,77,77,83,68,84,92,83,83,83,76,76,67,66,83,77,98,84,96,83,86,83,88,78,81,83,83,104,92,104,94,95,89,90,98,94,100,99,99,98,99,96,99,109,108,100,105,106,111,106,106,107,98,101,100,103,104,103,94,88,86,89,99,102,96,96,88,93,93,98,98,92,95,104,101,106,105,105,104,100,101,96,95,99,99,94,89,89,75,95,98,96,91,100,98,99,91,96,94,92,95,94,78,88,87,93,99,94,92,92,99,103,104,110,107,97,89,93,93,82,83,90,94,97,93,99,96,93,95,92,90,91,100,92,89,83,86,90,94,93,97,100,102,106,102,91,95,112,87,84,82,94,90,81,93,89,93,92,94,94,95,97,87,94,98,99,96,94,93,97,96,98,100,104,97,92,92,97,99,93,90,92
98,87,88,94,102,88,91,90,89,92,80,91,88,84,87,83,77,88,99,89,87,80,84,78,98,94,98,99,92,93,88,86,85,94,92,86,89,94,92,89,93,100,99,95,94,94,95,95,98,96,106,107,106,102,102,106,113,106,96,99,97,98,93,88,95,89,88,85,89,80,106,100,103,99,98,89,86,94,98,103,101,105,96,92,94,87,90,94,97,95,98,95,97,103,97,101,97,99,101,99,105,101,103,102,102,99,95,101,104,105,102,103,105,104,103,106,109,101,99,95,91,97,87,101,96,92,96,91,97,83,81,86,88,84,81,84,83,82,85,73,92,84,76,77,80,89,83,92,93,102,104,103,105,120,96,101,98,97,95,97,97,96,99,103,93,94,96,104,98,102,105,98,104,100,98,95,94,102,94,92,103,96,94,95,98,95,98,89
99,91,86,88,90,104,116,104,101,98,97,96,95,105,112,101,103,105,103,98,89,93,89,99,88,101,101,93,105,95,95,100,99,95,95,92,92,91,96,96,99,97,93,113,110,96,105,97,107,105,110,101,101,99,107,105,111,108,98,99,107,101,97,97,101,103,99,94,99,99,103,97,94,94,102,96,100,96,98,102,101,96,96,100,96,96,94,102,102,104,107,102,106,107,103,96,105,100,100,99,99,100,96,99,96,98,103,100,101,98,99,99,95,100,102,94,95,93,95,96,90,97,85,101,93,91,97,96,95,79,79,75,81,79,79,87,82,84,95,77,94,77,85,80,88,76,78,88,87,88,91,101,103,111,96,119,100,91,91,89,92,84,90,91,91,96,98,87,103,92,94,80,93,94,87,91,91,75,87,78,89,85,88,96,80,97,91,93
100,98,104,92,94,95,82,91,88,97,89,96,96,87,92,95,105,98,104,100,94,89,93,93,95,101,102,100,94,98,98,95,95,91,89,91,62,59,91,105,108,95,96,98,101,97,95,109,104,104,104,100,103,104,105,108,107,103,104,100,99,111,100,91,95,96,101,104,101,99,105,100,101,101,97,97,101,103,105,102,103,108,110,105,91,92,94,97,93,95,99,99,106,111,105,107,97,95,103,100,101,101,99,102,101,97,97,94,97,98,92,95,104,97,101,95,91,90,90,93,97,96,81,90,88,83,91,91,93,83,77,77,87,84,88,80,81,95,91,96,92,86,84,89,96,93,76,85,85,93,92,104,98,106,100,104,102,100,100,99,98,91,94,99,85,85,96,92,83,87,78,84,92,91,97,88,82,88,91,90,87,88,85,89,85,93,86,88
101,112,101,101,95,96,101,96,101,95,101,95,94,101,95,92,106,104,94,101,99,106,104,94,90,101,102,98,95,91,88,88,98,93,103,108,105,73,77,99,101,79,93,88,89,87,99,99,102,93,100,98,86,99,92,95,94,94,100,104,107,104,100,110,111,106,109,105,98,105,105,108,111,112,95,92,86,93,104,103,96,99,91,94,99,97,95,95,105,101,98,100,107,114,111,104,101,93,100,101,104,102,104,100,107,108,97,101,104,98,104,102,102,95,92,100,96,91,92,89,90,92,104,95,90,91,82,85,84,94,91,88,88,86,84,86,83,95,103,84,87,84,88,91,92,94,94,91,85,98,92,98,93,96,101,99,98,103,102,103,99,100,96,102,102,100,99,100,98,95,96,91,92,103,89,95,95,95,96,90,88,100,102,96,98,100,91,93
102,92,97,97,98,99,96,109,104,96,106,102,97,96,100,97,106,95,107,104,101,102,99,103,105,98,97,93,97,87,94,98,100,101,89,74,84,76,83,82,89,91,82,91,80,87,86,94,98,95,90,82,91,86,83,81,83,86,87,92,105,106,101,108,105,107,105,105,103,102,105,108,110,107,101,98,88,95,94,90,87,90,100,105,95,111,102,95,100,98,97,98,97,99,98,90,90,94,100,103,103,96,97,100,103,107,97,97,107,102,101,102,97,95,99,108,99,100,99,94,100,105,99,100,101,101,97,101,93,101,94,100,93,95,94,86,76,75,87,90,82,86,85,92,91,88,93,100,94,98,95,94,83,94,96,88,94,97,102,99,93,97,93,88,95,100,101,105,101,108,111,98,99,101,91,93,98,99,92,92,94,89,87,85,93,91,91,90
103,88,104,92,102,94,101,101,100,101,100,103,101,107,97,98,104,100,100,97,102,99,99,110,94,103,105,99,100,103,102,103,109,101,97,99,106,101,101,112,102,103,105,95,97,104,86,93,94,96,87,106,85,91,96,90,98,90,91,88,88,88,93,96,100,107,100,89,85,96,95,92,100,111,102,95,106,91,100,94,94,105,92,88,86,107,94,97,85,84,88,93,84,94,104,88,95,103,99,96,95,97,104,103,103,111,103,106,104,106,99,101,95,100,99,109,89,95,102,96,99,106,104,100,101,94,96,93,111,102,99,94,105,96,93,97,95,91,79,71,89,90,85,87,95,94,95,84,87,102,89,86,83,83,79,76,85,78,88,71,82,83,83,86,94,85,90,102,101,92,103,103,94,96,99,94,93,97,94,100,92,96,98,94,88,92,91,99
104,99,108,114,104,105,109,93,101,101,101,105,99,100,93,100,101,99,99,98,102,100,108,104,97,96,112,111,93,93,102,92,95,106,93,97,101,97,117,100,96,98,96,97,102,110,102,100,99,93,99,100,103,101,100,96,93,99,100,99,107,94,95,106,100,103,102,105,90,97,97,92,103,95,98,91,102,99,100,104,99,98,99,93,100,108,102,108,105,98,96,93,95,97,103,103,112,106,106,105,104,102,96,95,99,97,103,101,106,104,96,86,91,95,92,102,101,96,94,97,98,99,91,94,95,98,91,86,80,97,95,103,95,93,98,94,103,110,107,108,112,99,97,97,91,91,85,86,87,83,81,86,77,75,75,70,79,77,85,81,81,81,83,81,86,89,85,92,91,88,87,87,97,83,90,87,86,94,94,95,91,87,88,90,88,83,87,84
