0,144,143,145,162,140,119,165,142,152,157,125,151,156,170,164,166,173,206,205,159,147,192,160,165,180,156,169,201,185,185,180,207,167,204,201,177,158,169,177,195,149,164,180,220,158,162,187,152,157,156,155,168,154,173,173,204,147,132,118,159,106,131,136,170,202,193,170,155,142,156,158,192,195,175,166,190,208,208,227,215,188,150,158,169,145,134,130,112,101,95,93,100,86,80,87,69,77,100,74,83,87,96,95,93,74,98,111,97,103,106,100,111,111,95,105,114,122,121,105,117,127,125,126,126,124,137,122,119,120,123,135,130,117,125,114,118,116,125,107,115,119,119,106,106,114,119,128,101,115,106,116,119,117,108,94,104,87,90,84,60,67,43,44,55,45,41,54,47,56,48,43,46,35,44,36,53,39,44,55,78,68,65,68,62,79,78,81,78
1,164,145,147,178,161,131,184,157,159,148,133,147,147,177,167,149,177,205,130,149,172,172,153,133,145,159,172,137,183,181,163,188,180,212,219,144,170,172,195,220,184,170,188,203,155,163,210,148,161,165,138,192,171,171,173,216,165,124,148,149,179,164,173,146,216,179,135,155,168,195,162,164,154,189,165,171,160,171,170,205,158,153,155,114,111,117,90,115,112,143,136,97,108,87,77,79,99,107,88,84,84,84,104,92,80,87,113,96,101,109,92,109,121,120,100,121,118,113,123,112,127,117,127,125,127,128,125,127,127,130,129,137,110,130,116,119,115,119,114,117,122,116,123,113,127,127,108,137,108,94,113,102,111,85,83,76,91,90,79,46,54,57,38,35,48,39,52,39,48,47,51,49,37,36,36,43,38,57,52,47,81,63,75,79,75,101,69,112
2,166,138,135,145,161,173,146,113,154,149,140,130,141,186,159,149,193,178,144,182,154,133,147,138,170,162,170,206,173,182,205,197,172,198,204,184,204,206,162,158,160,169,171,157,153,184,137,161,146,239,180,150,160,153,148,214,103,153,150,151,124,133,145,171,149,186,136,167,173,209,168,170,206,183,199,189,131,164,176,156,195,170,174,118,66,77,104,125,97,96,111,84,95,74,107,92,86,98,109,86,81,76,89,102,104,89,100,107,109,101,112,99,110,115,100,98,118,123,123,116,117,123,141,120,129,131,121,140,118,122,128,127,115,133,129,122,108,118,114,112,124,105,129,103,114,120,114,138,119,113,104,105,92,112,89,71,74,79,59,54,40,49,44,45,53,53,49,58,51,50,48,58,48,35,39,42,44,57,53,42,59,73,68,85,58,81,81,85
3,171,149,150,185,181,159,136,137,165,155,129,112,136,167,158,149,181,154,172,143,135,143,145,139,176,214,198,166,157,183,165,166,190,230,198,209,140,212,168,151,173,183,218,161,169,198,126,138,218,192,131,176,181,179,158,195,166,154,144,148,174,126,128,124,168,196,181,189,196,200,194,201,192,183,190,166,131,233,190,154,144,217,117,96,84,106,97,109,110,112,131,84,96,84,88,91,88,101,113,82,83,83,103,91,91,111,102,126,107,98,119,104,107,121,115,126,132,122,129,107,112,116,133,129,133,139,135,124,130,119,131,123,123,113,122,116,102,97,111,104,98,121,111,119,116,113,121,111,121,110,108,106,100,82,92,79,63,56,64,47,38,41,39,59,50,63,64,63,74,74,58,65,65,52,47,44,39,39,47,37,50,76,47,45,61,70,87,85
4,145,151,187,154,133,141,153,149,148,167,130,117,140,133,153,177,157,138,162,138,148,123,141,179,194,193,162,165,168,192,194,167,187,181,208,134,149,187,149,132,160,169,185,125,170,162,133,214,183,151,168,183,137,137,203,159,106,164,121,153,123,166,127,139,187,176,169,178,139,148,174,168,222,220,206,194,145,226,173,139,126,106,107,82,102,83,82,117,95,99,84,97,99,86,100,106,85,93,113,105,80,96,94,112,85,106,107,119,96,104,105,116,89,118,112,121,124,111,127,121,114,117,124,138,127,140,131,122,135,128,126,139,126,125,128,113,119,116,112,100,108,91,113,105,120,113,105,110,98,116,98,95,99,93,68,89,52,59,41,65,63,47,49,56,70,56,70,75,68,99,79,79,59,55,40,39,41,38,56,54,36,63,58,43,61,79,114,46
5,131,172,194,152,122,99,152,160,132,166,161,136,190,141,197,162,160,150,160,147,153,156,208,168,162,193,203,202,202,209,195,167,188,199,239,125,127,161,141,116,187,124,187,155,188,173,210,170,146,163,154,146,128,192,152,145,155,148,149,167,160,160,159,153,148,166,174,151,177,165,190,231,226,227,187,108,204,212,153,130,112,96,99,104,129,91,86,100,86,93,94,103,89,93,92,108,74,98,102,102,93,92,98,100,109,81,114,120,112,117,94,110,108,102,112,123,118,124,121,113,122,122,124,136,135,138,136,111,119,137,129,132,129,122,130,108,118,126,121,118,102,114,119,111,110,133,116,119,110,98,96,87,91,81,66,58,73,46,50,42,57,65,73,70,78,70,63,79,87,74,84,85,85,44,39,28,54,63,59,54,42,45,48,48,68,62,59,56
6,185,183,162,146,138,142,143,160,164,146,142,189,170,163,169,163,152,166,140,155,216,157,199,166,168,209,198,232,172,198,150,173,204,182,203,117,191,147,130,169,203,136,171,178,193,189,157,131,143,171,157,100,174,184,150,164,166,120,152,164,161,174,147,139,185,185,189,164,127,184,216,221,230,207,196,198,180,172,146,121,104,89,113,131,106,97,82,73,101,91,89,86,93,77,98,114,94,86,102,101,99,115,94,88,107,99,82,113,118,109,85,102,121,118,121,118,104,131,128,112,124,126,123,130,130,137,126,119,119,128,124,122,132,115,123,110,111,117,104,104,105,109,110,116,129,115,116,114,108,98,96,75,69,71,68,63,47,65,45,59,48,65,71,92,75,71,66,62,86,81,67,84,58,68,61,37,54,69,38,63,59,48,72,70,68,63,39,58
7,183,173,144,145,116,156,155,139,178,187,182,180,185,198,168,161,143,210,160,189,117,211,165,180,183,189,207,192,187,138,146,188,206,196,174,149,213,149,142,140,181,200,153,203,153,138,115,115,165,145,149,167,172,137,151,151,194,170,190,160,165,157,158,170,194,185,194,170,174,194,216,240,225,182,202,174,167,144,129,113,81,97,99,136,85,80,77,77,89,69,95,94,98,76,74,102,108,97,112,81,95,104,106,110,100,116,90,84,113,104,80,103,113,122,114,114,119,119,130,115,124,119,126,121,132,132,127,114,132,122,128,128,132,128,110,111,120,108,117,100,98,110,107,112,118,129,119,125,103,104,100,82,67,66,52,42,54,44,70,58,68,84,72,91,52,68,55,64,70,56,81,55,62,48,72,31,43,48,49,69,77,36,62,60,52,67,71,52
8,188,168,156,147,132,211,189,215,188,150,175,169,175,197,177,172,174,190,155,154,169,175,188,218,155,221,208,169,167,155,193,182,196,197,183,197,188,182,193,189,192,194,180,185,143,123,133,124,194,191,164,165,179,131,159,148,206,150,176,148,171,175,172,204,173,158,177,167,195,217,228,153,212,178,169,189,175,138,148,135,86,105,103,126,76,75,74,99,94,72,83,94,101,75,58,97,85,113,95,101,87,99,112,124,103,135,122,75,109,125,98,111,103,112,114,122,132,107,126,125,132,105,126,124,124,124,111,110,134,114,137,130,125,123,123,114,98,105,104,107,108,113,116,112,123,110,115,124,115,97,102,93,62,59,54,53,62,71,66,65,76,84,90,79,79,79,91,63,72,70,70,66,69,59,63,79,59,75,54,48,36,36,60,55,72,58,63,79
9,171,167,158,155,128,196,205,192,167,118,177,174,202,214,214,175,182,168,136,158,122,167,178,141,162,197,207,149,165,175,182,173,200,186,152,146,127,144,152,185,165,174,200,174,230,238,209,193,115,178,226,161,144,146,127,152,178,187,162,170,145,169,175,200,153,137,176,203,212,230,145,215,171,157,174,181,144,110,106,82,104,70,79,148,62,72,82,117,101,74,83,82,102,103,86,83,103,122,85,116,80,91,90,106,104,83,84,96,100,109,100,112,108,111,114,113,132,116,120,120,126,100,126,114,125,111,108,110,141,102,128,112,109,110,115,116,121,103,100,105,98,108,104,118,117,109,117,100,117,93,87,87,62,51,49,44,48,84,90,81,82,96,98,82,69,88,58,79,58,71,77,70,74,86,65,74,79,58,52,39,38,34,52,53,54,79,69,60
10,164,163,161,164,186,147,147,204,204,187,145,179,210,222,170,149,126,153,143,147,159,189,180,159,154,192,157,171,198,191,202,152,198,189,160,171,198,195,178,177,161,180,186,194,157,174,197,244,182,213,228,131,98,169,127,142,205,168,160,142,167,201,196,173,140,138,221,209,183,152,177,147,187,185,154,146,109,95,90,73,65,79,79,83,75,90,92,89,97,77,91,84,89,110,85,81,90,119,84,108,112,105,91,99,119,106,97,103,86,103,113,110,110,131,101,109,127,105,113,125,116,119,129,113,123,120,122,124,129,109,126,102,104,118,119,113,117,109,107,109,95,101,101,121,117,119,111,126,93,102,92,80,61,45,65,43,55,62,67,63,74,98,81,79,92,89,73,82,78,83,96,77,76,67,63,68,80,60,41,68,40,54,54,37,64,83,36,42
11,184,159,185,157,163,175,189,186,194,191,169,204,191,155,141,148,149,164,111,141,158,195,135,168,165,211,172,174,185,167,167,180,159,170,174,193,149,118,152,183,167,155,188,152,148,188,182,191,205,220,187,116,113,177,129,224,153,154,191,215,210,178,198,140,168,170,220,204,173,201,176,157,193,183,149,100,98,87,87,66,90,80,80,87,67,92,89,86,93,84,101,92,75,83,117,77,87,116,104,105,113,123,103,95,107,107,102,91,99,100,107,99,120,128,103,109,119,111,116,116,117,127,125,118,120,130,120,116,127,117,110,105,112,122,115,122,101,111,122,87,98,104,100,113,113,114,109,93,102,90,82,75,60,49,51,66,56,65,70,72,94,91,89,89,82,89,94,70,81,79,78,76,86,79,90,72,76,77,44,70,35,83,58,67,43,36,40,36
12,171,165,168,161,189,181,175,173,164,135,198,144,171,142,127,148,169,155,164,148,160,154,182,146,161,197,190,161,185,208,162,147,166,152,177,199,171,173,153,178,169,194,117,139,168,180,171,162,190,197,135,137,137,140,215,121,128,194,180,173,198,138,181,175,166,214,222,153,174,152,128,197,172,145,93,82,79,98,89,80,94,88,89,95,53,117,98,75,77,85,107,114,77,97,101,111,81,108,105,106,114,100,107,94,100,107,95,69,90,108,97,105,112,129,106,106,111,113,124,110,120,138,124,105,116,122,126,126,126,123,108,119,119,109,117,135,101,97,96,95,102,97,100,104,119,101,118,114,99,83,80,54,64,51,56,65,70,69,69,93,85,95,83,113,88,87,94,107,85,78,84,76,82,81,76,76,71,70,67,36,41,48,49,51,47,46,64,24
13,170,175,173,163,176,184,193,193,171,140,139,155,164,159,154,148,182,153,150,161,147,170,166,167,143,146,162,177,231,249,150,152,171,163,167,202,171,158,182,157,175,152,179,171,155,178,173,181,182,191,192,120,155,186,127,112,140,197,150,152,160,163,172,169,180,211,140,132,143,163,177,194,140,91,91,103,96,89,94,81,90,98,85,93,85,89,83,88,74,80,94,117,95,82,87,119,106,102,121,101,117,88,108,109,80,103,99,79,71,124,112,100,114,103,118,108,103,105,118,114,109,125,117,112,115,121,123,121,111,118,108,107,125,110,106,127,112,104,120,113,113,107,102,113,115,115,99,100,104,85,67,69,42,52,68,64,57,67,81,74,88,85,97,90,85,96,87,87,80,100,82,83,81,85,74,83,67,73,41,37,63,32,62,43,58,48,49,40
14,188,197,184,171,193,169,180,139,114,149,135,164,173,187,162,153,171,152,173,158,152,143,183,171,129,184,171,118,202,203,161,170,172,172,163,203,157,150,166,168,162,149,176,135,166,171,158,215,179,195,165,171,193,205,194,142,186,201,189,167,121,124,150,157,154,161,133,157,150,149,180,142,79,100,92,125,106,92,103,84,113,73,75,85,79,97,62,82,100,72,70,88,111,86,67,87,114,90,97,116,112,89,98,113,98,92,101,92,88,114,111,104,117,103,116,107,96,111,100,116,123,120,112,116,111,128,122,116,103,107,110,101,124,120,120,110,119,104,120,127,110,100,108,101,102,111,97,93,91,88,65,60,52,43,48,77,77,72,70,78,86,90,87,84,89,103,103,98,80,80,70,70,73,69,74,70,71,65,57,46,44,43,36,67,56,64,52,39
15,169,180,192,165,170,173,180,148,144,137,133,183,186,172,156,177,166,134,182,152,185,137,152,161,164,155,134,130,118,201,197,160,192,181,162,202,164,169,162,173,151,179,152,159,177,173,171,212,209,206,195,188,184,192,183,138,186,210,196,190,143,126,138,164,149,167,181,153,179,207,156,118,101,90,102,103,96,84,98,95,71,107,85,75,70,89,98,87,99,97,69,88,117,100,92,90,105,113,86,103,114,100,92,123,95,90,79,96,103,124,101,105,118,110,116,112,110,124,104,119,120,105,112,113,126,116,106,99,104,105,114,103,115,117,128,118,112,115,125,123,111,103,101,105,108,99,104,82,81,66,69,50,55,63,58,58,78,55,77,66,78,80,93,82,100,90,95,99,80,90,86,71,59,56,62,75,82,62,66,55,24,39,38,53,47,35,48,63
16,200,182,180,159,166,177,154,141,121,128,157,162,158,190,151,126,166,167,176,159,167,182,146,173,125,136,128,145,178,181,210,177,190,166,116,197,180,164,177,145,168,152,174,152,200,244,249,251,241,233,213,185,171,167,184,181,186,186,179,144,121,110,151,179,186,160,153,121,203,198,119,115,86,97,90,86,92,104,97,94,77,91,67,92,87,70,96,76,88,112,92,90,93,113,95,82,97,116,94,105,113,96,106,117,93,81,96,86,114,106,103,113,118,116,102,118,107,115,106,121,111,98,116,134,134,114,110,99,99,102,109,114,123,115,113,121,120,119,125,127,117,96,111,102,98,89,85,103,74,82,60,58,59,67,65,61,70,69,63,73,85,84,96,87,102,89,110,94,96,104,96,79,77,61,43,54,62,80,44,33,23,41,48,30,54,39,52,43
17,187,154,180,161,171,169,153,151,111,132,154,162,158,180,139,112,174,164,146,127,165,171,148,150,124,139,88,152,201,182,201,181,159,178,167,202,122,170,172,153,148,153,179,245,255,251,251,252,250,253,233,197,165,166,169,165,174,183,189,186,186,167,147,150,160,146,117,139,168,129,91,98,81,96,91,85,173,153,93,87,82,89,81,88,96,87,83,104,77,93,109,97,79,103,116,86,73,101,117,89,104,90,112,122,110,80,81,99,109,94,125,96,127,120,118,107,119,103,101,105,99,106,123,129,128,125,103,110,94,79,121,112,126,116,105,110,128,114,121,125,117,102,106,111,87,93,74,81,79,69,65,69,62,58,61,64,55,67,69,65,74,91,85,95,80,86,104,102,109,99,86,85,70,74,55,59,51,69,61,45,43,43,38,41,57,54,53,30
18,188,163,186,158,171,177,137,176,99,134,153,161,163,166,127,125,148,148,152,109,174,189,131,153,116,113,96,161,183,174,204,177,161,181,168,207,178,173,182,194,183,193,245,252,255,253,252,251,251,252,238,217,155,151,167,150,192,223,176,209,176,172,136,129,136,118,123,128,98,112,100,113,91,126,97,110,89,84,94,82,76,105,80,84,90,70,79,106,100,92,98,103,101,91,98,121,103,86,103,102,90,102,113,105,113,90,80,110,99,101,98,116,123,115,124,104,128,88,98,95,99,107,129,124,145,107,114,126,105,83,97,121,120,113,109,114,121,114,116,100,106,126,100,104,97,87,78,63,67,74,57,59,66,49,47,71,75,69,61,78,65,79,85,89,99,87,79,74,86,78,92,85,77,79,75,65,65,72,59,46,38,44,32,40,51,33,46,37
19,181,163,141,158,173,133,126,186,148,196,157,180,173,169,139,136,175,169,150,156,189,145,122,149,139,146,121,159,174,163,192,188,159,187,165,150,189,162,159,163,210,245,250,254,250,253,251,251,249,251,255,253,250,204,160,174,207,166,164,171,169,150,172,129,134,112,213,147,115,105,144,99,105,110,113,102,110,115,105,98,99,117,84,99,150,82,86,82,111,81,92,117,100,92,96,111,112,92,100,110,88,108,96,102,112,76,116,108,105,116,107,104,112,126,128,121,112,88,94,95,102,112,125,122,126,119,109,134,113,98,100,126,109,107,92,116,110,117,105,110,109,89,113,97,74,68,67,68,69,51,57,43,73,66,67,71,63,82,66,56,70,94,81,83,96,76,61,63,67,83,99,95,94,96,81,93,79,63,59,74,55,30,47,40,51,39,56,38
20,179,190,156,155,156,141,165,183,171,166,160,174,197,172,144,167,153,149,143,168,139,152,145,199,146,117,97,169,184,162,190,203,162,185,152,202,146,170,154,209,235,255,250,253,252,252,252,252,250,253,249,252,251,239,205,157,144,139,120,154,178,148,138,143,127,114,98,101,109,130,148,114,99,82,123,84,94,101,82,89,108,121,99,91,83,80,92,99,101,100,71,87,120,84,101,95,110,87,80,121,95,98,90,124,83,108,125,89,111,111,118,108,113,120,103,124,116,92,82,94,121,112,126,133,123,126,103,129,120,90,86,117,111,104,109,102,113,128,108,106,101,88,83,82,94,71,58,56,55,57,53,56,41,42,73,61,75,76,72,84,63,56,66,64,85,71,87,69,74,92,89,80,84,93,97,92,87,85,70,53,62,51,33,34,45,41,47,45
21,209,177,155,165,148,157,172,173,205,164,167,168,182,199,199,160,142,120,142,147,126,166,122,141,165,198,180,157,152,161,202,194,163,181,159,168,165,181,192,229,251,252,252,253,252,252,252,252,252,251,251,228,252,254,219,182,109,115,158,183,152,154,147,132,111,128,140,124,103,101,125,110,101,100,113,111,74,90,93,104,110,112,96,107,113,96,86,78,91,105,82,96,88,104,104,98,111,99,88,115,101,99,93,116,92,103,128,108,107,101,112,106,94,109,112,120,98,79,73,92,114,108,124,122,125,121,104,114,107,88,61,110,101,96,106,88,90,100,120,89,86,88,80,61,70,61,56,51,55,44,41,37,41,53,61,72,79,78,67,58,64,86,58,71,70,77,73,66,80,78,72,64,61,69,55,70,81,58,79,69,63,57,40,30,32,46,43,59
22,209,187,151,142,154,164,200,199,194,156,164,180,170,202,208,142,152,108,139,154,155,177,118,132,217,208,123,207,139,146,159,214,149,181,193,184,199,215,252,254,252,251,253,252,252,252,252,252,246,254,248,214,191,249,251,147,173,104,139,152,151,143,118,125,102,130,194,159,98,109,117,115,91,84,86,115,102,93,87,111,118,114,113,101,98,76,103,94,91,93,103,73,93,93,84,94,115,82,97,102,105,89,95,117,99,95,112,108,98,113,107,126,87,107,118,104,95,65,74,97,100,143,130,130,123,121,108,100,109,90,55,86,127,87,100,90,86,76,81,84,78,86,61,66,54,58,62,45,58,54,41,45,47,49,66,77,97,76,80,64,47,54,69,53,75,63,71,88,72,68,74,75,74,69,70,50,64,71,67,61,38,40,25,32,33,36,26,61
23,208,211,136,137,146,149,189,167,186,180,165,176,164,190,217,150,143,113,157,148,178,163,165,168,219,145,146,198,147,140,153,186,168,198,191,205,226,251,254,246,252,253,253,252,252,252,252,252,254,249,228,232,169,177,254,236,150,139,140,115,138,135,126,112,97,123,180,141,96,107,115,135,113,90,83,105,123,117,106,98,117,116,109,117,102,82,84,108,105,96,107,93,91,82,94,83,96,78,92,108,91,81,108,96,109,110,86,105,111,97,105,121,93,119,129,99,77,71,77,107,105,124,130,121,119,115,103,95,101,85,83,87,109,90,89,90,75,75,64,73,76,75,67,53,54,53,51,54,55,48,48,47,46,67,71,70,85,82,83,78,81,75,63,65,80,80,87,71,75,85,82,68,53,34,42,46,52,69,67,58,43,19,51,33,30,34,39,43
24,199,150,197,135,151,144,160,154,168,187,184,169,169,226,158,143,148,128,138,163,180,129,138,182,216,103,162,203,183,149,148,195,173,187,233,215,253,250,252,253,252,252,252,252,252,252,252,252,251,251,210,246,145,159,233,247,149,133,138,145,144,135,127,108,102,124,125,106,113,108,97,85,105,109,109,113,103,118,119,103,136,105,97,99,113,92,99,100,98,105,91,105,88,61,63,101,87,86,96,102,100,98,89,86,112,116,80,100,105,108,100,111,109,121,130,110,69,93,86,101,104,118,127,117,108,118,98,93,101,103,81,107,107,97,69,88,72,68,63,47,63,65,59,58,50,50,46,49,41,43,41,52,62,46,78,90,95,72,80,108,77,73,82,74,56,83,84,86,83,87,93,85,91,70,66,50,47,59,68,61,52,24,29,32,27,31,33,48
25,203,150,193,143,155,144,156,157,185,178,159,168,163,165,165,142,166,99,133,171,181,144,136,195,198,109,175,193,180,148,158,176,185,172,177,170,191,252,254,255,252,252,252,252,252,252,252,252,252,248,199,243,149,171,177,249,191,109,131,142,144,149,142,126,97,111,117,129,123,124,116,96,98,105,108,111,107,99,107,121,112,108,97,100,121,101,110,87,120,105,104,99,91,76,68,70,70,84,98,115,99,78,100,66,106,114,107,103,105,111,92,110,108,113,124,101,77,66,74,87,106,105,119,91,103,114,101,99,116,95,98,114,99,88,63,78,72,65,67,46,51,50,62,46,44,45,51,47,48,49,49,57,79,80,67,91,87,99,100,84,93,96,71,61,64,70,91,83,94,91,100,87,76,77,66,51,55,60,58,62,50,33,20,37,28,45,43,48
26,188,161,148,171,161,133,147,159,186,163,138,167,159,153,131,157,176,129,135,163,169,133,167,197,146,186,187,169,180,124,163,168,165,186,208,202,250,252,253,249,252,252,252,252,252,252,252,252,252,247,203,215,155,148,168,203,246,148,151,139,141,140,142,150,131,111,113,110,114,119,108,113,92,109,101,108,118,103,105,119,118,111,113,114,112,119,108,98,94,103,91,89,79,94,85,68,66,95,96,102,90,89,70,114,115,96,112,86,98,104,103,94,107,119,118,96,73,76,82,82,97,68,104,90,96,108,92,112,103,86,97,95,79,83,58,63,73,62,59,55,46,41,44,46,40,40,42,45,52,50,58,63,76,81,72,90,102,97,94,103,69,95,99,79,67,76,66,75,90,102,77,74,59,59,68,64,49,51,55,55,56,38,30,35,40,39,47,39
27,189,187,203,173,182,153,160,169,198,152,176,140,158,152,122,150,144,147,112,159,165,100,168,209,133,138,188,176,174,123,150,164,137,191,240,249,251,254,250,252,252,252,252,252,252,252,252,252,251,250,213,193,207,138,140,166,170,179,198,168,169,154,146,130,136,118,96,99,93,84,103,88,92,100,104,97,111,116,113,110,114,100,103,102,104,110,111,113,101,89,109,86,78,100,99,69,92,102,99,107,116,80,63,85,115,106,115,80,117,92,78,82,113,115,99,79,83,79,76,79,69,51,61,102,86,102,82,115,85,97,93,84,51,63,51,56,58,61,53,53,39,41,35,43,42,40,43,44,45,59,62,69,90,89,96,85,66,114,97,102,91,94,84,76,88,70,85,54,92,77,77,76,53,56,62,59,50,43,56,61,48,44,23,33,47,40,40,44
28,206,202,206,196,182,95,170,202,169,124,164,159,158,148,120,142,136,135,83,154,161,109,188,198,133,160,164,194,185,140,177,167,160,193,244,255,251,252,253,253,252,252,252,252,253,252,253,252,238,241,187,227,173,141,157,150,140,122,130,133,136,141,138,135,139,118,89,87,74,86,112,103,85,77,92,82,85,91,87,68,71,73,89,100,106,104,94,101,108,93,87,90,85,84,83,84,99,115,168,197,184,82,88,86,117,93,112,103,105,87,81,76,121,114,86,71,81,96,65,84,68,60,77,66,75,95,78,95,89,101,76,72,34,50,44,48,61,54,57,38,42,28,44,34,37,53,49,51,48,52,59,64,73,86,95,101,87,87,103,113,104,100,88,90,80,91,80,75,71,71,72,64,46,57,70,68,59,61,66,58,54,48,27,25,38,46,43,42
29,215,152,119,132,153,136,172,218,129,95,114,132,139,170,155,195,139,122,103,148,149,141,190,187,131,155,159,153,193,181,168,164,173,137,244,253,251,250,250,250,252,252,252,252,251,253,252,253,228,250,211,170,203,168,152,116,142,125,125,125,119,128,131,130,110,109,138,113,98,93,94,87,82,75,70,80,84,85,71,67,56,52,69,81,86,86,70,90,120,102,72,83,102,78,85,77,117,148,172,103,113,63,91,103,125,84,115,113,83,73,91,95,128,104,70,74,74,79,40,89,60,63,73,60,79,87,90,67,84,92,63,47,39,28,40,34,44,57,48,42,38,32,29,43,39,45,58,57,69,48,57,50,68,75,85,99,98,93,88,104,93,108,72,74,74,76,81,69,65,89,61,66,54,72,58,57,63,70,55,78,69,57,38,29,39,41,43,36
30,182,195,150,126,156,173,197,131,103,114,126,154,181,185,155,118,119,113,103,153,157,135,139,160,127,151,152,144,158,157,154,152,176,152,253,251,251,251,252,252,252,252,252,252,252,249,253,249,243,213,231,190,182,152,130,144,151,130,130,132,136,143,132,91,84,99,152,120,86,76,81,84,83,86,82,63,63,65,63,58,56,55,52,68,67,71,69,78,94,103,74,101,91,95,96,97,84,164,83,87,39,61,104,116,125,92,115,99,78,78,102,121,122,102,89,92,80,56,93,68,56,90,78,67,83,85,94,62,74,73,57,32,24,27,25,30,33,42,49,43,33,38,29,30,38,41,44,41,72,44,46,58,73,77,81,84,97,100,107,98,88,97,81,89,63,67,87,72,66,77,71,60,58,74,81,60,57,58,72,60,76,66,62,59,32,47,50,44
31,158,159,176,168,145,174,194,134,116,105,147,210,169,146,129,144,125,145,116,147,151,140,123,118,131,146,153,142,166,147,143,151,155,195,250,254,251,251,252,252,252,252,252,252,252,249,247,252,251,214,194,215,179,145,135,131,128,147,125,115,109,121,110,71,64,83,116,95,72,64,70,78,81,86,81,69,54,90,79,58,59,49,51,62,72,71,62,59,87,93,86,95,80,89,87,137,143,82,70,74,80,95,111,113,118,95,89,78,63,86,95,127,101,75,92,95,100,77,87,69,78,81,89,68,68,76,53,56,60,75,44,32,26,19,25,27,26,25,34,41,39,35,44,34,29,39,35,36,35,53,47,68,73,82,88,89,91,88,95,88,92,74,79,65,81,74,61,69,72,71,64,58,66,64,91,70,56,60,69,75,78,84,77,62,59,44,47,42
32,150,137,193,153,173,143,166,100,124,107,156,179,197,144,142,141,154,159,181,169,141,170,118,116,133,138,160,137,147,139,122,163,160,221,252,251,251,249,253,255,252,252,252,252,252,246,228,248,250,223,146,145,180,169,139,137,132,192,134,94,112,114,96,68,67,94,77,83,72,71,70,67,76,78,81,74,66,111,129,100,77,34,33,47,56,57,52,56,79,73,66,89,87,88,104,53,102,194,71,88,98,116,117,120,88,86,86,77,72,92,91,115,90,77,129,156,128,45,67,75,61,99,74,64,59,67,39,62,46,49,34,27,19,21,23,31,33,29,36,33,35,43,41,44,31,34,41,40,49,42,36,73,81,67,73,96,83,60,77,94,95,71,73,73,72,56,65,77,60,63,83,92,56,54,73,67,71,66,52,63,81,87,94,72,51,50,51,48
33,142,173,99,136,162,143,151,154,183,105,148,189,189,141,138,166,149,198,177,135,141,169,145,122,131,149,179,150,140,153,125,153,158,251,253,250,253,254,252,248,252,252,252,252,248,244,208,226,240,231,133,116,115,125,138,129,166,137,99,97,102,98,91,76,95,99,87,74,67,69,63,65,70,69,70,78,67,71,131,109,49,43,44,48,55,59,50,46,87,104,168,191,83,64,74,81,61,45,60,100,97,110,119,111,70,78,76,70,54,81,72,100,74,94,126,78,100,41,49,78,75,117,119,60,57,65,39,46,31,46,24,15,22,17,23,28,29,38,38,41,42,49,42,43,43,36,37,45,47,49,45,48,81,79,79,80,70,79,77,80,80,89,89,88,63,75,91,85,81,94,81,83,82,67,72,59,61,61,80,87,62,64,95,86,73,48,45,54
34,174,197,164,197,185,139,164,152,149,128,150,158,225,114,181,134,193,180,128,132,124,164,128,184,138,142,194,194,158,147,145,157,195,250,251,250,248,247,247,251,252,252,252,252,255,247,216,183,208,203,151,137,113,132,140,140,136,136,95,97,91,75,76,108,87,72,83,83,76,71,67,62,72,65,68,57,49,53,50,42,47,56,55,47,49,51,46,49,98,91,90,134,129,66,70,129,88,67,71,84,96,106,118,100,65,72,78,55,55,66,70,79,54,76,93,42,42,46,51,45,63,58,123,55,46,48,29,25,53,25,29,20,22,21,28,30,40,32,41,40,40,47,44,37,51,39,47,45,46,54,57,48,53,65,70,70,64,63,74,90,84,92,92,78,74,93,92,66,56,49,61,87,63,73,58,60,61,80,79,66,75,76,67,86,95,78,55,53
35,171,119,154,122,178,139,158,101,182,146,165,105,180,121,209,172,168,124,122,144,139,122,110,111,132,140,131,164,152,150,140,157,203,252,250,250,242,243,247,242,251,251,251,251,243,239,187,191,175,171,141,136,142,141,145,138,170,212,127,99,83,71,65,77,67,67,65,74,72,76,75,70,71,72,54,51,42,42,53,50,49,59,56,48,46,44,43,54,73,114,101,71,114,81,83,78,67,62,64,79,87,106,109,84,70,71,59,59,51,63,70,55,53,58,95,40,28,38,36,30,71,100,55,54,33,43,22,20,16,37,31,26,29,37,42,35,41,31,44,36,42,52,59,42,44,46,55,63,39,57,62,50,41,61,63,71,69,75,67,84,94,99,83,87,92,90,93,85,70,77,64,66,78,64,64,59,68,68,65,78,78,64,77,81,82,98,88,60
36,126,88,121,187,177,143,237,140,153,139,162,130,175,143,205,184,131,122,133,124,143,119,122,93,190,128,110,170,209,147,160,152,248,253,253,206,186,225,230,205,248,247,253,252,250,255,220,184,144,185,139,136,136,159,164,115,177,211,161,108,85,74,185,117,70,58,62,65,63,71,72,85,83,65,54,47,44,44,51,46,49,46,44,45,45,42,49,57,71,98,80,157,146,88,86,71,87,83,93,94,90,101,91,81,87,102,47,54,46,56,59,44,56,46,27,40,47,45,56,43,71,53,97,72,24,47,37,23,17,23,37,36,35,39,49,51,45,42,48,36,51,58,55,48,50,43,44,55,71,49,42,42,48,55,54,64,72,78,70,63,63,50,57,73,85,93,96,95,102,90,89,78,67,70,82,66,62,71,64,62,77,67,60,78,83,88,80,65
37,98,127,153,126,151,149,161,142,84,175,139,170,172,146,217,181,116,91,168,118,106,155,166,116,136,129,174,189,154,140,132,209,253,252,251,251,247,238,203,187,222,254,250,245,240,251,214,183,145,188,144,147,143,172,149,124,171,185,161,114,81,81,222,226,130,75,71,61,61,57,74,82,92,85,58,56,51,40,46,45,49,54,39,38,39,43,51,65,69,94,83,76,68,151,45,92,105,90,103,95,97,97,79,65,104,64,49,56,40,48,70,32,47,35,32,37,44,40,20,40,64,18,62,97,32,60,50,51,27,27,40,43,36,37,55,57,62,62,52,46,54,43,62,50,51,47,39,41,41,54,50,40,44,44,51,46,52,55,80,67,66,62,82,68,69,87,99,97,86,98,86,71,69,77,36,55,31,46,43,45,55,74,68,78,84,72,78,68
38,77,98,112,97,192,147,183,131,115,170,149,146,167,161,213,175,117,94,129,135,132,153,162,125,137,134,177,199,187,129,173,249,247,247,249,252,231,205,207,243,209,252,230,210,218,220,223,191,162,176,125,157,151,156,140,142,160,168,148,105,82,76,150,190,127,81,76,77,77,75,64,71,88,95,74,45,53,51,52,46,46,51,47,42,38,41,47,67,72,67,55,79,115,104,101,77,95,83,100,98,87,95,70,52,99,167,77,59,32,51,89,44,71,34,22,43,69,22,19,37,28,20,54,68,72,95,95,90,28,35,40,41,29,43,58,53,66,62,55,65,62,52,47,48,46,54,44,31,39,36,45,49,37,32,37,31,38,47,48,77,62,52,74,77,81,73,77,85,93,100,125,103,71,57,67,41,48,46,49,32,29,39,65,69,71,85,72,75
39,70,101,97,116,150,188,136,133,90,169,174,153,171,210,209,198,92,76,140,109,225,183,149,130,143,130,181,202,142,137,210,243,253,251,248,204,189,174,251,244,228,218,220,248,225,199,187,161,171,157,138,163,146,154,154,141,163,155,173,105,86,69,77,76,81,101,101,104,102,105,109,94,82,102,87,64,61,60,61,59,56,59,55,48,45,46,54,65,75,61,65,71,32,33,47,46,74,70,99,99,101,118,129,46,104,99,124,61,44,62,78,49,57,33,36,43,19,18,36,18,16,17,31,34,92,122,80,54,26,34,39,40,28,42,58,64,68,71,65,68,58,57,63,59,47,46,39,40,53,57,52,53,58,46,37,38,29,33,36,41,54,54,48,65,66,80,81,84,74,81,83,80,79,81,50,46,37,84,65,56,36,38,40,59,56,72,70,64
40,108,112,95,100,131,185,129,131,121,143,162,165,192,147,163,207,94,139,92,104,137,173,169,121,150,141,199,188,153,139,244,197,249,251,218,220,251,241,241,228,243,243,190,255,248,200,196,167,176,157,149,152,134,149,153,150,165,145,189,119,73,88,92,88,108,89,104,99,94,99,127,111,100,91,100,73,63,73,76,62,64,64,59,51,48,54,56,67,71,68,70,66,52,48,27,36,65,102,98,107,102,115,72,48,44,116,129,84,68,49,56,52,32,40,43,55,35,15,18,40,28,23,29,33,89,79,77,39,29,35,44,39,42,53,72,82,67,69,65,69,58,51,61,56,56,32,49,33,60,70,64,62,59,59,51,37,36,42,29,32,41,45,49,42,64,75,89,85,81,97,103,102,92,67,62,43,42,46,58,46,40,58,30,50,46,46,60,57
41,90,101,94,116,154,160,133,127,131,140,148,196,186,167,126,210,159,153,148,142,165,134,110,170,154,149,120,156,166,243,183,210,248,251,251,245,252,237,247,241,240,251,193,229,247,235,179,176,154,166,127,131,123,149,137,139,153,136,150,120,82,88,97,118,108,97,99,100,111,91,91,120,110,105,117,94,63,89,97,97,70,62,50,53,57,58,59,63,79,47,53,58,50,66,44,27,59,65,125,127,77,77,63,49,32,75,50,59,66,55,48,53,67,67,41,59,48,52,19,35,42,27,31,41,34,37,45,41,36,44,48,61,51,69,73,81,84,75,69,64,59,56,54,52,56,38,54,39,61,71,75,68,63,49,37,45,38,44,33,36,35,51,38,52,57,83,87,102,113,114,85,72,71,61,59,52,45,72,57,39,35,27,37,34,50,48,58,67
42,86,86,133,132,181,119,169,152,123,151,188,177,158,134,91,191,150,147,154,116,205,169,208,158,175,133,117,141,190,212,166,176,250,249,250,243,224,211,195,181,213,173,161,238,251,211,176,162,146,146,125,119,107,137,136,120,128,142,159,131,94,94,97,117,128,103,101,93,100,112,97,89,113,111,111,96,71,76,85,84,58,68,60,55,56,63,71,75,73,56,53,51,53,40,40,31,64,53,82,118,91,101,50,37,45,48,58,42,66,30,50,57,53,47,83,61,90,50,57,21,38,44,66,48,42,39,43,50,46,44,34,64,67,60,73,82,86,85,84,72,71,62,61,62,61,57,56,45,65,68,66,70,64,47,45,42,30,37,42,41,46,40,36,47,69,81,91,78,79,96,101,72,67,63,50,50,54,65,52,48,33,31,42,34,38,48,50,60
43,103,129,114,117,168,114,159,161,175,160,171,159,165,176,164,144,147,112,190,198,206,196,181,135,136,192,87,154,236,157,156,238,250,243,248,250,185,149,168,133,177,204,245,251,211,161,172,151,137,141,89,109,104,119,123,112,108,140,137,122,107,101,100,105,128,127,76,114,75,95,100,90,102,111,108,104,80,77,72,67,62,66,66,59,63,69,69,80,78,49,53,51,58,32,63,60,61,34,69,62,34,25,34,38,32,82,53,42,65,60,73,60,45,111,103,58,42,51,42,25,50,69,91,85,51,68,50,70,59,54,53,64,68,67,78,84,77,79,74,76,69,79,79,76,72,71,63,61,57,58,65,58,45,49,45,37,42,42,44,43,56,45,30,56,78,90,79,76,86,76,87,86,75,78,61,43,35,51,61,54,56,52,39,48,44,48,49,43
44,108,116,99,214,189,186,158,128,132,129,185,112,177,161,152,149,166,204,197,197,203,171,138,139,138,107,178,205,179,164,196,241,204,238,247,248,196,205,195,166,220,208,228,171,215,177,172,168,158,152,123,142,110,98,100,121,118,136,137,135,97,113,90,101,122,122,100,97,95,78,93,91,100,125,105,115,87,77,55,58,61,67,77,80,77,64,59,63,57,41,42,64,62,57,61,92,58,39,24,20,35,40,52,51,70,45,29,57,58,67,35,47,105,67,41,33,43,37,26,23,54,81,134,94,78,107,78,57,78,91,66,56,76,80,85,87,73,74,73,75,74,91,102,95,82,76,73,62,57,61,67,73,54,53,49,44,35,42,35,45,50,59,44,40,51,63,69,53,51,61,63,83,91,64,77,49,25,55,61,72,52,46,42,43,47,47,39,41
45,170,165,94,197,202,172,142,169,134,188,134,84,161,188,199,199,205,190,166,145,115,122,111,131,110,128,233,193,212,197,120,214,250,250,251,224,177,206,189,156,202,235,243,205,187,185,152,153,146,167,158,134,120,90,124,126,122,130,157,145,108,113,100,87,105,119,117,104,105,84,96,100,103,132,108,124,109,61,60,80,79,74,89,75,86,62,46,45,50,40,71,67,78,51,37,53,42,41,28,31,36,37,46,25,38,36,48,60,65,80,53,107,159,64,84,74,41,44,12,25,72,64,98,73,88,62,142,87,69,76,54,60,85,88,86,90,83,76,77,77,85,98,102,103,107,100,90,83,78,72,86,70,71,53,57,46,39,38,36,53,61,59,44,67,70,80,87,76,69,90,64,54,60,77,80,49,25,40,51,55,51,49,48,53,45,43,44,49
46,132,173,135,190,163,155,198,209,138,173,187,156,172,162,156,182,165,147,146,115,71,91,151,81,112,140,203,214,237,217,211,248,250,249,254,248,158,167,174,165,236,250,239,210,200,205,168,141,123,142,142,135,124,92,153,107,180,155,135,145,123,113,114,101,92,110,120,105,116,96,90,99,113,129,101,110,105,92,70,68,74,60,57,51,51,41,43,36,31,24,33,39,28,61,43,73,62,78,67,34,37,45,32,34,60,115,137,46,56,69,52,37,56,108,92,83,77,30,46,32,102,74,106,86,88,102,157,84,95,42,86,80,91,94,87,93,83,82,84,88,92,92,100,104,108,89,96,93,74,66,82,76,71,59,62,57,40,41,32,46,53,52,58,57,76,78,97,84,69,53,72,63,76,61,63,44,25,30,49,66,61,45,67,57,45,38,58,58
47,147,151,189,163,144,122,179,211,207,179,159,166,140,155,143,151,155,176,124,122,73,119,156,86,135,122,190,168,203,235,243,245,250,249,224,206,195,177,182,173,203,243,240,206,174,175,199,132,106,103,106,143,162,151,167,113,132,151,141,147,132,123,125,106,96,97,115,119,112,107,97,97,115,127,107,110,112,93,77,61,61,43,43,34,29,27,33,23,33,41,23,17,42,40,54,48,55,52,75,94,70,49,47,45,42,111,116,106,82,144,81,75,123,53,89,84,117,108,55,42,70,76,104,128,120,86,77,45,71,62,70,105,89,91,94,94,90,87,99,103,92,107,98,116,108,101,113,96,85,71,91,78,80,66,59,43,31,33,30,46,51,58,50,61,83,75,81,83,72,55,64,61,56,75,93,73,41,34,55,66,48,43,54,40,48,42,52,77
48,165,163,146,157,161,186,208,201,205,210,168,162,124,170,156,142,198,162,113,95,99,152,128,101,150,171,190,97,199,199,156,220,199,152,232,171,167,167,168,178,206,240,250,231,215,227,216,158,112,100,133,174,203,182,167,144,172,227,175,149,130,126,130,112,88,93,94,97,114,119,101,103,103,133,100,107,115,76,62,51,32,33,30,32,27,23,25,29,49,54,26,25,39,33,31,33,72,53,58,42,70,82,43,36,50,116,103,76,95,81,77,24,84,109,101,112,150,80,58,58,67,81,93,143,128,128,98,102,109,98,79,107,83,77,104,95,103,95,109,103,100,103,108,122,100,103,115,98,84,74,98,89,78,79,55,39,38,34,42,42,61,66,55,29,49,80,92,84,67,45,33,65,60,56,60,76,41,41,43,29,33,35,32,46,55,71,87,95
49,170,179,140,172,169,142,139,178,191,182,203,120,154,167,149,148,185,157,121,114,87,172,108,92,176,182,213,114,115,125,108,153,201,156,191,125,163,159,187,186,202,236,233,226,226,244,243,222,155,137,170,226,226,164,178,153,212,119,158,135,137,124,114,116,89,103,77,102,92,103,112,110,100,134,92,89,112,64,39,26,25,35,37,24,33,19,28,32,45,38,26,36,22,34,68,39,27,23,38,29,49,75,55,28,34,21,73,90,47,31,13,62,44,54,106,102,80,100,102,64,55,67,103,144,158,145,102,136,167,168,57,120,88,92,101,110,104,109,106,98,90,104,107,125,112,94,109,89,65,71,78,83,80,62,66,44,42,38,34,34,48,71,92,48,46,80,62,67,75,73,60,58,61,62,92,74,58,41,34,27,29,32,35,37,47,75,98,95
50,147,193,184,141,164,144,140,170,211,182,184,158,167,159,146,158,171,118,85,94,139,111,125,64,203,219,130,118,89,98,208,230,242,165,172,170,179,121,135,205,113,157,211,221,217,247,238,223,189,157,174,226,198,159,159,142,176,123,137,104,83,105,68,95,83,93,60,69,81,85,110,98,114,125,96,75,88,58,29,17,46,44,27,31,41,27,45,56,50,34,44,47,52,49,34,39,37,39,50,31,41,107,101,40,38,106,44,46,42,58,31,87,85,51,26,51,58,52,53,41,39,71,87,89,135,109,92,122,170,95,72,115,95,103,98,108,111,110,88,80,92,109,100,104,100,87,96,84,54,58,54,91,82,58,52,53,36,37,23,29,42,63,77,87,53,42,45,55,73,82,81,64,74,81,66,59,45,47,48,45,50,44,46,58,80,97,102,100
51,174,156,103,127,125,146,168,171,159,161,161,173,167,128,142,149,168,93,53,103,155,158,128,70,140,174,213,79,96,69,123,109,129,109,127,141,190,133,90,72,84,115,145,208,232,240,214,199,194,190,202,199,177,169,180,172,155,131,129,109,83,55,85,80,87,83,89,68,85,84,90,116,115,98,66,48,50,62,31,20,40,40,35,31,45,45,57,53,37,49,50,72,65,57,47,39,37,80,75,29,47,62,56,52,90,76,73,44,51,84,90,132,96,70,34,79,55,44,41,58,107,65,70,108,117,60,90,102,144,86,91,100,90,94,106,104,111,87,71,73,93,101,99,94,106,82,93,72,59,49,56,62,64,65,57,46,45,23,22,34,33,36,45,54,61,58,51,66,96,79,80,87,91,68,46,52,47,59,52,50,39,54,65,79,89,108,110,111
52,196,119,133,154,166,178,184,150,118,169,185,174,157,144,147,104,161,116,52,173,167,187,167,152,159,203,139,73,78,77,98,118,152,158,176,155,174,128,99,82,74,92,97,205,219,214,207,195,174,203,232,145,175,201,169,199,189,183,98,90,108,115,111,114,91,83,90,68,71,77,86,116,110,93,55,47,31,48,41,28,43,37,33,34,48,64,60,46,48,44,60,74,46,46,42,43,42,31,31,36,45,28,36,50,70,72,92,105,68,105,133,77,133,84,40,89,51,60,79,70,74,86,93,94,106,84,86,68,139,102,56,71,90,100,89,94,107,67,58,65,90,91,101,103,93,92,71,71,73,55,56,51,65,51,44,36,44,28,26,42,60,26,48,54,45,43,56,60,57,66,77,77,39,51,35,57,50,59,59,49,59,43,46,66,69,97,84,129
53,165,90,157,154,153,157,167,143,172,164,195,137,116,158,170,175,174,137,160,130,116,149,118,128,131,123,156,78,67,94,134,185,188,198,228,129,139,111,84,75,104,108,142,152,218,204,195,180,165,161,88,94,138,207,177,188,231,207,135,101,143,96,135,124,83,124,66,54,59,63,56,75,92,75,66,40,42,28,36,35,68,43,30,48,51,67,75,48,47,55,71,86,62,45,41,38,35,26,51,47,58,52,43,54,46,27,27,75,110,84,86,142,80,60,85,88,42,32,27,48,46,70,71,107,100,100,63,68,50,48,32,72,78,100,106,94,97,77,50,62,60,86,92,86,83,85,82,83,68,71,60,63,61,58,42,47,36,38,30,38,37,29,44,44,53,47,46,45,50,42,62,65,49,45,54,67,76,60,54,48,37,36,34,51,88,73,119,103
54,131,107,129,89,133,145,151,125,147,189,190,143,150,164,186,163,132,129,149,157,114,144,105,123,177,175,80,81,65,87,133,166,171,174,165,86,81,62,74,163,104,118,112,129,189,179,184,187,195,176,114,92,135,114,90,149,154,148,124,95,177,150,81,115,73,98,73,67,48,47,41,49,59,73,78,31,44,38,36,36,42,28,51,60,52,58,79,69,58,68,60,72,56,47,37,45,38,40,48,68,71,86,53,100,118,65,36,118,126,152,136,104,62,120,118,147,109,98,48,40,64,88,69,109,103,110,70,107,47,36,43,57,76,91,93,89,109,93,59,36,70,67,89,83,90,83,82,81,80,77,90,53,43,54,54,54,44,48,37,33,32,57,58,56,55,54,63,80,54,62,59,74,43,50,49,72,53,44,54,45,32,32,29,43,85,89,115,162
55,139,119,100,136,124,141,132,157,134,117,145,96,105,190,168,126,152,155,135,77,114,111,113,154,251,249,200,184,90,76,83,81,53,118,95,44,68,73,135,152,83,119,128,131,182,193,219,205,192,156,156,148,161,186,197,165,96,79,122,114,202,181,165,104,75,77,70,81,68,66,52,60,69,78,91,54,36,73,65,44,39,74,62,45,45,84,44,62,43,43,46,49,60,69,48,43,53,34,57,78,58,52,50,139,103,112,41,91,99,125,64,54,28,126,155,118,143,68,43,71,107,81,89,124,91,111,97,119,124,39,40,71,58,99,103,100,117,95,62,42,45,60,71,69,88,82,79,77,83,90,95,63,48,43,38,45,52,45,24,36,26,62,54,56,54,61,62,58,58,58,58,65,67,64,71,63,87,84,66,47,41,35,30,47,85,97,124,166
56,143,132,147,100,125,118,195,158,125,130,105,120,86,170,138,134,140,125,131,82,124,110,117,246,250,245,205,197,128,76,118,77,112,95,100,66,75,86,125,124,193,126,101,110,205,208,237,184,172,174,130,151,162,167,153,166,192,133,95,158,198,182,165,112,77,85,88,81,79,70,66,50,87,79,53,44,46,70,44,48,49,57,55,26,39,56,31,40,47,31,35,45,47,79,44,45,37,49,24,63,114,62,52,69,53,61,60,49,30,27,25,69,80,109,122,196,98,44,61,95,129,98,107,123,109,114,155,85,73,67,68,90,79,107,116,112,126,115,68,36,51,45,67,73,76,82,76,73,79,78,90,85,59,66,59,47,44,34,33,31,35,63,57,52,61,61,42,47,39,43,41,51,51,58,67,70,74,72,55,39,33,35,33,54,88,196,203,219
57,142,123,158,117,168,181,140,158,156,118,98,199,74,171,214,129,136,140,193,205,191,130,157,246,193,246,241,206,107,65,163,79,89,135,103,84,78,90,73,180,139,76,102,119,164,170,192,163,146,150,192,153,132,169,156,161,144,177,113,66,93,122,85,77,64,75,115,83,81,64,60,50,44,69,74,41,53,69,77,49,68,97,43,38,35,39,34,38,38,35,32,70,99,81,58,33,54,62,37,32,137,34,43,77,108,68,89,75,71,76,95,84,119,148,122,97,47,67,115,100,138,114,158,109,98,143,180,82,40,87,102,107,128,125,132,130,118,120,85,51,51,53,59,74,67,82,81,69,69,76,81,85,68,54,73,66,67,80,43,46,67,70,70,47,36,49,67,63,48,44,46,43,50,57,52,62,57,70,48,39,43,36,30,46,96,147,214,175
58,146,101,168,200,206,136,110,173,193,162,107,165,85,170,189,105,136,187,219,187,189,175,246,255,231,255,245,228,147,112,89,90,107,129,93,89,95,106,108,94,77,77,87,167,170,126,154,190,137,114,143,65,117,133,104,141,158,159,54,86,79,56,47,56,56,70,78,69,113,50,73,76,53,79,61,51,58,50,70,56,60,53,54,45,38,39,47,44,62,51,51,54,77,50,59,60,46,84,31,31,74,54,62,126,80,138,120,132,80,90,132,112,113,107,56,46,61,57,91,160,171,148,104,125,116,122,108,154,143,50,118,146,154,142,126,121,146,119,70,58,55,52,56,76,70,76,75,74,60,70,83,100,99,90,81,59,61,71,64,40,52,75,91,78,69,70,58,52,48,51,50,48,53,74,67,69,55,48,47,36,41,41,38,46,90,113,97,101
59,148,180,208,165,145,100,88,180,171,158,118,155,59,169,144,149,128,240,191,231,180,242,250,246,254,241,252,246,208,148,165,118,94,118,91,93,95,100,93,91,91,196,137,193,137,116,172,174,135,116,98,80,123,136,150,104,199,132,71,99,102,146,105,73,79,75,64,72,45,69,95,89,82,71,43,76,57,40,67,54,64,41,51,46,44,60,77,66,76,70,78,55,39,39,64,70,54,32,39,35,68,35,39,40,195,145,118,145,114,104,154,137,179,144,62,55,38,88,156,153,158,141,94,172,68,74,79,106,120,86,109,135,146,157,140,128,122,136,64,67,53,42,47,61,87,66,68,71,64,58,87,99,102,98,96,89,97,73,68,51,53,56,73,71,101,80,79,71,74,62,53,58,66,71,69,57,64,50,42,38,44,42,47,53,82,94,74,66
60,177,204,186,171,165,68,166,179,179,171,104,137,155,172,176,205,155,218,205,194,148,253,254,252,251,249,243,248,218,180,142,85,132,129,120,92,92,88,99,108,134,170,89,166,151,110,193,172,169,123,96,97,114,114,112,129,89,85,81,185,64,114,73,102,88,66,72,70,89,77,100,113,71,80,33,38,57,63,77,93,49,44,57,61,61,90,88,76,103,91,85,35,50,82,61,68,46,54,51,57,74,88,43,103,118,171,85,78,150,149,109,114,145,161,190,57,97,81,111,141,156,106,70,58,83,114,63,57,62,63,103,115,128,125,125,124,166,111,62,52,49,36,45,62,88,71,69,69,59,63,79,97,109,108,73,51,77,78,56,40,34,62,54,81,82,67,77,59,58,73,67,71,75,66,65,62,51,44,38,33,39,49,56,69,107,75,86,76
61,208,127,146,118,114,108,177,180,198,184,209,188,160,177,155,205,173,174,198,170,245,254,254,248,244,242,248,243,233,159,106,137,131,139,137,81,96,105,110,169,128,154,80,133,87,103,129,147,89,74,93,105,106,119,129,116,89,94,72,137,64,134,107,136,162,79,104,85,82,87,94,112,111,85,44,66,114,88,44,50,39,63,85,97,49,59,82,102,124,116,100,36,92,96,82,124,92,58,106,105,128,79,122,89,92,89,73,117,139,170,69,91,133,71,62,161,60,110,102,110,124,124,139,120,91,88,74,96,88,69,76,85,100,91,99,122,130,93,65,57,43,43,45,60,87,78,71,64,74,56,80,112,105,107,97,79,93,88,82,67,53,34,33,51,71,66,68,63,78,71,55,73,84,70,66,55,49,45,38,41,49,55,55,73,97,85,69,94
62,164,153,132,87,144,168,167,191,176,181,191,182,144,188,145,204,174,189,199,206,255,254,247,249,246,208,251,210,204,184,150,126,108,152,123,116,115,113,134,170,181,167,118,113,87,134,101,100,75,84,78,134,158,112,130,114,115,97,74,77,100,73,157,113,43,98,63,88,82,55,100,105,110,75,44,62,77,53,60,69,71,79,112,72,64,92,119,88,106,125,119,45,62,71,56,112,73,74,49,131,99,101,137,133,120,101,58,98,38,84,49,51,98,24,104,67,44,98,167,116,106,116,116,108,112,102,101,134,103,63,67,86,70,73,80,111,129,107,84,60,50,33,47,59,80,72,74,66,52,52,62,89,109,92,94,72,105,64,62,57,54,30,36,32,41,63,74,64,60,66,64,56,52,65,51,42,47,45,47,45,55,56,53,71,79,97,64,85
63,151,167,167,193,202,163,168,182,153,187,184,156,151,198,185,199,167,191,195,255,249,250,252,249,220,235,239,218,207,200,174,159,128,162,191,132,126,112,151,137,135,190,164,144,212,184,165,116,138,138,135,176,178,126,86,71,89,120,159,87,130,80,159,155,61,84,113,88,93,110,76,96,79,67,70,61,55,54,58,109,99,94,81,120,94,102,131,71,70,102,74,51,39,101,59,62,34,64,61,80,170,105,51,84,105,95,124,120,60,123,65,74,53,73,54,47,49,86,131,123,146,98,91,83,110,124,102,92,105,69,101,95,80,70,81,95,113,101,116,95,58,40,49,73,78,75,62,64,71,65,56,60,83,100,117,121,95,68,74,59,34,43,71,63,52,39,60,62,71,69,68,54,46,41,38,42,49,49,52,49,48,56,64,68,66,70,122,79
64,151,130,130,123,181,179,186,183,176,139,169,150,147,162,202,187,168,179,212,255,250,250,247,247,245,238,247,207,192,223,206,174,180,206,169,140,120,125,153,177,120,151,203,184,182,129,114,106,153,167,116,162,153,105,115,88,75,99,129,110,78,129,153,156,123,95,102,102,153,136,130,162,52,54,51,61,71,62,40,43,55,54,72,119,127,115,103,62,79,67,85,61,66,122,104,49,53,43,77,57,115,131,105,121,100,78,53,34,48,73,161,123,62,65,54,40,76,123,108,95,138,98,84,140,139,163,87,76,91,112,68,71,110,67,67,103,114,107,113,100,86,66,61,68,77,88,72,66,66,65,53,53,73,87,79,88,105,70,72,59,54,71,48,65,53,49,54,51,66,60,52,53,61,54,48,44,45,52,54,58,58,61,65,70,62,70,101,87
65,153,170,182,164,160,182,187,169,191,158,144,136,143,174,202,178,163,201,230,255,248,247,254,249,224,242,249,243,204,212,193,81,87,91,100,91,102,157,149,146,132,164,191,168,136,171,73,121,168,177,155,111,91,72,169,136,120,117,146,165,109,136,43,54,59,83,93,90,68,118,92,95,120,76,96,104,101,43,33,25,38,47,78,68,147,103,105,144,147,89,85,101,65,106,94,59,36,49,68,75,137,190,123,186,150,183,62,76,63,129,158,151,179,126,112,56,88,84,130,105,104,86,97,132,82,143,123,110,100,139,99,61,81,77,75,141,131,126,125,105,96,78,82,71,82,84,76,70,74,62,53,67,71,76,80,78,63,59,66,93,81,67,69,66,60,50,52,51,44,74,80,59,47,51,49,43,52,56,60,62,61,64,63,74,93,69,73,193
66,133,188,178,193,163,170,169,147,176,174,188,194,162,159,206,194,171,197,247,255,253,248,250,221,195,192,251,250,184,244,218,192,193,142,134,150,103,182,168,95,122,172,170,131,191,141,106,106,126,167,181,124,111,118,150,110,153,112,67,90,130,106,79,82,87,97,108,141,118,62,87,50,92,68,122,119,90,47,34,55,80,73,67,120,78,108,153,138,144,91,131,120,48,99,81,57,79,100,99,96,127,140,127,94,115,149,159,165,129,165,215,61,193,118,46,50,118,135,120,76,72,86,105,102,89,103,93,153,94,118,62,61,99,113,81,159,113,109,104,99,95,87,95,127,112,74,89,67,68,64,64,79,66,67,72,75,66,47,55,50,62,83,44,51,62,69,66,55,49,64,63,56,45,44,37,46,55,58,61,61,60,66,68,73,90,81,66,160
67,157,171,193,187,179,226,159,121,154,170,116,190,229,175,191,165,169,246,253,249,244,223,240,219,245,220,243,254,210,221,234,196,192,183,169,196,195,164,167,125,121,142,182,151,182,120,145,130,114,180,123,100,120,203,140,135,94,71,105,124,121,69,69,77,124,96,114,100,54,119,62,51,65,44,116,102,69,73,59,63,85,129,137,73,119,134,70,174,120,99,204,117,52,139,91,78,93,103,139,134,100,108,167,106,148,155,105,87,73,171,164,122,103,47,55,62,154,85,144,103,106,98,101,89,70,129,168,121,62,123,157,107,95,98,114,126,115,112,110,109,88,84,153,149,123,91,71,72,60,55,55,88,73,83,87,107,89,58,56,40,66,47,51,63,62,78,61,64,67,64,54,45,50,38,47,39,47,53,58,69,67,68,74,76,92,77,70,109
68,220,179,197,187,189,181,166,134,149,171,182,230,166,135,166,155,220,254,255,249,229,251,251,243,244,201,231,250,213,232,224,181,201,152,167,182,214,181,102,112,121,166,159,162,210,140,172,166,164,188,168,112,122,97,54,96,192,222,177,137,119,69,75,119,85,150,105,103,60,59,43,106,108,75,85,52,63,37,50,35,110,109,136,83,149,142,89,85,81,59,79,49,123,87,55,83,124,118,84,92,105,113,129,106,143,157,141,184,202,147,131,132,148,59,106,175,77,74,99,104,99,113,121,63,107,94,148,62,88,101,80,92,126,106,122,85,101,107,105,114,75,134,120,48,119,124,93,62,46,54,62,92,64,64,94,94,92,93,60,56,80,92,73,73,73,54,56,57,64,75,64,55,38,34,36,39,42,55,63,69,61,65,72,74,87,106,75,107
69,177,176,178,168,196,196,184,168,143,207,204,177,177,131,152,148,250,254,241,219,247,251,207,240,250,230,245,234,217,210,220,197,222,182,208,198,221,180,177,153,191,204,208,202,184,170,181,171,170,152,137,86,101,100,68,95,175,111,61,153,137,34,57,94,140,159,176,188,80,80,33,70,98,89,55,89,59,56,52,63,68,108,89,100,129,130,100,127,84,70,56,45,59,110,91,76,187,154,148,46,144,134,157,146,163,151,133,66,63,125,130,98,100,130,187,90,80,102,95,120,101,137,81,100,69,77,94,87,95,100,114,111,100,72,73,69,98,100,104,92,73,82,76,80,79,144,62,47,32,41,83,76,71,88,98,105,74,134,83,84,47,48,74,48,49,54,50,59,65,47,50,58,49,37,40,51,47,56,70,76,70,72,78,80,89,61,101,85
70,145,160,191,168,186,184,192,177,120,131,85,202,182,164,149,199,251,236,222,243,250,226,229,207,236,230,250,218,231,189,195,203,234,224,178,164,232,227,229,234,220,236,225,198,223,139,138,169,161,152,114,131,111,132,89,127,89,128,46,72,73,85,152,92,131,65,132,144,117,79,35,53,42,43,77,56,78,61,55,112,110,150,149,105,122,97,86,108,131,148,157,139,51,99,92,68,76,57,45,108,82,100,141,129,151,106,119,69,122,94,77,126,109,158,73,140,183,103,86,132,156,122,84,95,84,73,161,99,98,101,120,154,123,102,69,103,86,108,100,99,74,112,21,27,28,155,192,64,132,164,88,82,65,78,94,109,87,145,109,71,61,57,53,52,40,65,50,70,60,66,65,54,42,43,36,42,50,57,62,70,69,68,72,78,87,81,88,74
71,232,192,177,188,168,187,179,203,174,138,167,201,182,150,161,255,243,243,240,231,247,231,226,191,221,212,231,222,208,168,177,187,234,229,229,151,205,224,221,237,232,229,223,216,157,195,114,91,126,182,125,117,115,154,149,81,148,72,69,125,109,154,131,217,131,109,104,97,52,85,48,33,31,25,33,59,75,95,98,112,130,154,176,155,148,126,124,104,93,75,69,37,70,85,111,71,95,54,72,53,78,97,152,138,139,117,110,120,108,94,134,164,166,147,109,117,111,101,94,177,138,66,71,86,89,79,136,105,88,66,85,94,105,127,78,104,101,98,102,90,52,58,87,54,47,124,149,34,47,59,84,97,86,92,109,104,95,111,129,73,80,53,61,60,58,62,62,65,67,66,69,54,40,43,42,44,47,55,66,76,76,76,80,83,92,52,116,94
72,191,150,196,219,136,156,189,183,176,171,172,244,182,161,214,236,240,239,235,223,197,201,215,159,185,223,195,162,202,174,98,189,136,201,205,181,226,230,201,235,243,232,205,176,127,124,105,85,154,108,154,106,89,143,190,147,110,57,84,107,92,153,115,83,112,182,139,64,99,95,41,58,78,78,67,141,74,95,97,114,121,138,172,92,107,104,100,93,102,96,38,37,123,96,90,87,66,40,53,54,55,108,122,203,138,132,149,113,108,116,96,158,126,146,146,124,102,129,94,91,78,128,69,97,94,73,87,102,87,93,88,71,82,73,62,77,63,79,64,87,55,56,56,122,96,44,126,24,45,86,92,79,92,86,99,112,121,95,93,93,77,83,70,78,81,64,69,63,76,64,78,51,41,44,50,45,50,64,70,73,75,83,84,84,62,41,74,74
73,169,156,196,184,176,151,161,195,187,189,172,176,185,227,204,251,239,221,231,194,205,175,207,192,189,151,113,153,192,176,129,190,150,176,142,182,169,181,208,194,218,191,153,109,115,167,107,137,166,189,182,141,161,127,162,174,105,77,55,45,39,80,75,75,129,92,38,110,121,128,67,76,63,77,111,108,86,70,121,127,118,133,120,104,101,90,199,113,103,75,24,49,98,88,47,57,44,66,51,58,64,74,125,185,96,108,136,95,81,106,147,115,95,115,89,104,102,136,73,102,57,57,61,64,142,104,66,84,131,120,92,58,62,91,88,73,42,66,67,85,40,83,35,153,15,88,97,101,26,106,99,111,92,75,90,100,92,105,95,81,71,88,78,83,76,80,78,69,71,80,68,38,33,43,50,52,62,67,70,78,82,81,87,83,81,45,58,48
74,170,153,160,144,151,159,159,182,179,161,178,209,192,170,217,248,234,198,224,189,204,207,184,196,130,158,148,153,151,154,197,154,166,135,149,87,201,154,181,209,213,164,93,152,134,142,117,94,148,173,194,158,109,128,90,53,88,79,109,74,144,142,81,88,115,54,109,104,120,85,74,125,92,98,148,128,73,80,103,147,146,143,162,125,81,148,187,99,108,89,29,62,92,155,77,30,63,42,48,81,95,86,87,97,98,69,85,79,97,124,98,89,80,87,87,108,126,119,98,125,59,88,53,77,125,69,95,92,63,86,57,92,86,111,85,66,74,59,98,78,28,13,58,75,23,89,134,131,59,127,106,106,91,103,98,96,90,74,91,81,84,82,76,70,76,84,76,71,67,67,67,38,32,36,40,52,66,64,71,83,92,83,80,73,81,97,111,146
75,180,175,176,186,190,151,128,145,158,154,214,218,187,183,195,216,236,237,210,168,165,197,173,146,159,144,137,155,134,185,182,218,185,165,124,155,130,176,126,211,204,193,96,122,175,100,98,53,159,173,135,143,128,67,60,54,152,61,36,48,46,46,33,53,94,98,101,72,77,80,69,50,72,161,158,131,106,117,130,126,135,145,139,82,129,92,133,182,131,122,76,58,98,113,40,68,35,33,63,92,98,85,102,67,124,109,85,107,88,87,82,116,150,130,143,123,105,105,150,117,122,85,82,103,120,117,115,96,97,94,183,143,97,87,76,62,87,70,141,67,21,19,66,52,100,122,128,44,118,129,119,124,112,120,107,104,92,95,99,83,78,80,74,81,92,83,76,82,73,78,65,34,28,33,46,49,50,64,69,83,92,85,87,83,97,85,125,110
76,97,177,175,153,187,144,176,144,139,138,171,245,178,190,216,235,211,223,156,175,170,201,150,171,92,105,138,171,148,213,144,214,126,112,159,173,123,97,136,190,117,153,160,140,117,94,77,71,170,156,160,116,91,57,48,114,128,108,68,48,42,29,46,37,74,39,66,51,59,72,86,54,124,156,165,146,124,118,131,135,124,119,103,119,114,87,107,129,99,119,76,67,64,58,73,39,24,61,60,30,92,84,100,67,70,88,96,94,90,79,95,110,129,113,110,64,106,120,149,103,101,77,110,109,122,113,121,129,146,139,106,101,124,154,136,124,87,124,125,79,30,20,87,110,113,126,75,97,121,119,115,118,121,116,121,113,117,98,90,86,65,64,62,72,87,84,69,72,77,80,59,38,28,35,41,49,56,59,60,80,92,76,77,89,73,104,99,113
77,119,104,133,98,184,172,155,160,181,183,162,241,175,202,218,209,220,225,201,219,186,201,154,87,91,105,129,188,209,179,176,194,184,99,169,220,189,142,87,54,99,106,80,127,86,86,137,70,83,158,110,85,100,70,38,123,90,97,37,70,70,34,29,39,49,29,28,67,64,58,109,74,107,97,143,154,133,122,136,149,166,137,98,158,132,127,127,80,116,93,184,72,64,55,103,66,47,71,62,105,88,84,76,67,64,95,88,114,94,81,82,105,110,119,117,86,94,169,107,74,92,66,94,86,99,114,126,126,155,161,151,147,204,130,74,87,83,90,120,80,85,88,83,121,138,64,111,84,114,125,112,126,117,113,102,102,98,105,87,93,100,77,75,75,80,72,60,68,67,77,55,27,26,30,42,47,56,60,68,75,94,85,108,102,77,92,55,133
78,131,124,139,121,172,134,163,177,122,168,176,214,200,193,213,150,243,245,229,209,182,200,153,178,187,145,109,186,181,195,166,155,179,150,208,229,161,138,120,105,199,149,149,126,184,93,155,75,82,120,126,91,59,47,51,59,47,81,75,101,45,29,30,26,20,21,37,119,91,67,73,78,88,158,110,151,132,92,104,82,121,115,110,130,129,136,52,62,126,109,89,63,56,66,69,82,43,50,82,93,89,85,69,82,60,97,85,110,100,82,92,64,103,125,116,100,82,168,78,56,81,73,144,222,200,69,94,109,105,84,86,92,109,161,123,119,74,162,128,97,86,127,114,137,96,69,110,99,117,123,111,128,131,118,110,120,102,96,94,97,97,90,92,94,86,72,49,50,24,64,53,21,24,25,39,44,50,61,65,76,91,97,106,89,81,106,113,103
79,124,104,102,160,173,175,176,156,211,203,160,176,195,159,211,212,228,199,214,198,188,170,168,129,189,148,104,149,187,163,137,138,137,185,226,213,181,154,128,149,147,83,83,101,171,157,109,108,71,125,116,62,45,53,60,61,23,31,46,32,15,21,23,42,35,34,69,41,53,85,102,80,59,111,137,168,131,110,79,74,76,94,108,110,168,86,58,66,69,103,95,109,162,141,99,115,143,117,116,100,95,91,83,67,109,91,57,47,61,118,50,40,123,98,98,87,86,91,94,87,60,71,148,200,188,219,171,172,84,61,77,52,93,168,101,43,68,121,82,130,114,107,143,145,143,119,122,93,108,112,109,116,111,121,115,117,94,118,99,97,103,90,100,104,94,75,59,40,34,30,39,22,25,25,31,40,47,57,65,85,99,94,95,80,112,95,67,69
80,105,130,107,110,169,163,156,233,229,212,213,160,178,170,137,117,194,212,214,151,171,168,147,152,145,109,142,124,205,169,155,160,188,199,199,149,187,144,131,140,153,107,141,85,104,85,175,143,89,39,62,53,42,40,38,37,33,21,26,28,23,27,26,23,29,27,39,33,83,79,94,38,89,60,137,152,111,100,61,74,104,90,116,118,98,74,38,83,53,61,120,122,140,169,91,133,103,81,98,99,97,79,99,76,111,75,65,53,65,79,120,91,97,114,137,135,141,138,123,109,50,92,133,137,122,66,113,107,109,105,107,27,97,109,123,54,49,35,55,99,118,99,135,144,158,149,135,95,94,110,115,100,110,114,121,123,118,118,121,100,85,97,91,98,90,64,35,31,75,28,31,21,23,21,27,33,43,54,63,78,90,97,92,87,101,83,96,72
81,108,161,117,123,136,161,178,185,173,204,139,155,159,132,91,97,207,145,203,170,162,103,96,119,82,72,100,188,128,164,52,61,145,185,169,154,183,146,158,176,107,99,103,107,62,52,123,120,128,44,59,66,44,62,74,35,21,31,18,32,36,33,30,23,36,25,58,64,61,45,67,76,97,82,96,135,93,79,72,54,73,91,120,95,110,89,84,79,57,61,98,88,137,111,116,116,100,107,104,93,95,100,71,109,96,102,98,113,31,69,97,117,122,127,135,113,82,80,91,127,124,112,121,116,82,55,84,99,113,118,105,89,105,116,151,121,91,80,61,119,125,117,131,112,74,85,111,102,90,101,106,108,101,122,119,125,112,114,115,92,100,104,90,87,68,39,30,42,68,31,17,27,26,25,29,35,38,58,73,88,96,104,102,101,105,83,74,85
82,141,155,114,110,153,155,182,186,173,168,96,119,141,152,87,148,189,85,85,137,116,100,101,187,91,65,52,55,84,176,131,105,121,170,189,110,132,129,147,206,171,107,96,66,106,67,108,85,84,50,39,61,36,33,37,37,49,47,22,73,20,19,29,32,30,45,32,53,72,99,82,58,60,86,85,97,68,62,84,80,71,89,122,96,66,63,75,76,107,87,116,127,115,169,116,115,98,92,101,105,78,70,78,118,124,118,105,110,103,136,143,130,85,69,79,128,61,74,45,87,85,105,108,131,80,109,72,102,101,139,112,110,107,106,119,102,49,115,90,107,73,59,41,48,92,34,80,87,93,85,81,111,129,97,117,121,109,99,121,89,103,95,110,105,94,53,21,56,78,37,18,21,24,25,29,34,39,60,78,91,102,104,94,114,133,94,70,134
83,136,114,109,104,157,190,178,156,175,139,85,95,143,148,148,185,110,80,93,95,97,93,139,162,94,46,82,123,146,175,142,155,150,111,141,152,114,173,163,195,163,175,174,149,94,89,148,73,37,37,37,20,43,39,28,30,40,49,18,37,30,16,27,30,26,33,41,60,80,126,91,92,41,78,131,86,55,57,108,77,65,90,122,116,43,74,87,81,102,99,80,78,118,137,119,105,80,102,112,81,62,70,109,76,23,46,107,119,135,95,50,88,83,64,65,74,84,118,91,71,74,93,125,83,63,92,85,85,96,110,152,104,103,102,127,120,78,97,63,37,75,90,51,17,79,35,47,83,84,66,79,81,110,87,95,105,113,72,94,101,107,96,99,83,55,28,36,134,57,63,32,19,17,23,27,35,44,54,71,82,98,94,116,110,73,78,76,66
84,132,116,183,99,155,209,170,163,158,93,125,94,147,154,199,88,102,90,104,110,105,90,131,206,77,74,72,67,90,186,149,173,137,71,61,64,109,144,176,126,172,179,111,71,69,128,123,64,28,25,48,27,33,26,29,78,59,35,19,17,24,19,23,35,26,25,49,42,83,70,67,93,69,89,72,115,79,45,73,117,63,103,129,116,61,70,79,68,75,91,103,125,84,53,132,108,95,109,104,67,61,72,83,44,71,96,120,134,67,112,87,98,67,54,59,43,92,42,84,67,106,125,64,99,104,106,65,87,87,89,80,104,92,85,94,108,101,85,48,27,68,53,81,35,82,52,53,73,81,89,78,88,85,88,92,83,107,92,98,93,95,101,70,55,94,56,47,109,51,41,42,19,16,23,23,31,47,56,73,82,88,95,119,118,96,93,89,95
85,122,114,92,134,138,170,167,117,191,110,87,81,151,130,150,73,95,216,118,111,109,96,86,94,52,90,96,83,83,151,134,117,95,110,55,134,77,109,130,138,171,133,145,108,90,171,163,122,98,40,37,26,17,24,24,69,46,21,20,20,34,20,23,27,41,63,55,59,103,45,107,128,124,83,98,104,86,75,60,117,123,99,131,124,55,50,46,66,58,92,133,78,56,43,133,186,103,118,65,65,56,58,52,65,84,120,101,35,53,122,136,115,84,84,59,36,54,71,133,157,99,154,120,108,102,86,108,78,94,93,90,80,104,85,80,94,98,90,106,102,70,83,116,95,98,37,69,70,73,80,87,88,82,78,80,74,88,88,119,68,72,80,73,64,59,51,48,125,76,34,57,26,16,18,21,25,38,60,70,81,87,97,109,128,67,85,71,74
86,120,103,74,114,123,102,119,117,188,106,104,117,152,94,116,98,107,87,111,131,147,118,108,93,99,91,95,94,89,63,54,79,35,95,73,77,79,175,184,102,120,133,161,147,151,90,108,140,148,51,63,29,25,37,46,35,49,23,21,19,20,23,27,45,30,47,64,30,93,51,85,73,80,100,75,77,176,78,60,121,122,121,123,121,53,62,65,99,81,69,79,81,37,46,79,144,97,64,60,62,54,68,58,89,69,63,39,54,61,107,106,118,29,51,50,78,57,80,126,103,98,93,88,81,100,94,59,112,78,103,80,100,39,92,96,82,95,83,20,84,71,117,94,53,118,43,45,70,65,90,83,97,95,86,88,73,76,93,82,78,71,79,74,71,65,63,59,123,150,30,48,91,14,17,18,21,31,46,55,76,83,113,129,128,127,74,76,65
87,116,103,113,151,85,109,99,100,100,114,62,87,155,110,82,90,74,106,127,114,155,173,158,166,156,144,122,73,64,65,79,97,145,119,82,79,91,81,161,101,73,147,96,119,147,101,44,60,60,55,51,22,23,77,57,157,39,22,28,19,23,38,24,40,40,85,50,67,61,45,78,67,84,59,71,52,145,74,88,67,117,122,114,101,42,76,68,115,48,60,79,41,43,41,94,99,83,78,41,46,49,57,95,78,63,51,57,51,68,62,76,68,86,77,38,89,104,110,106,116,89,61,61,85,86,76,74,126,98,87,92,78,44,82,127,137,100,86,22,75,87,71,100,85,87,100,35,40,68,79,72,80,81,96,91,78,72,72,100,70,69,100,94,88,89,78,78,105,135,31,46,124,45,13,18,27,39,54,76,90,111,116,128,133,63,76,69,82
88,132,108,114,133,107,75,81,111,120,114,68,104,132,67,88,100,206,157,125,94,93,92,94,69,59,69,73,72,115,147,103,63,62,71,92,166,127,119,89,61,73,110,97,131,60,84,44,53,36,39,53,94,87,86,56,130,59,72,18,27,37,37,35,55,37,30,55,84,88,79,42,49,61,45,81,166,98,64,82,63,83,127,127,102,73,72,86,90,46,67,92,25,32,43,72,88,74,73,42,47,62,73,60,57,82,51,81,59,51,42,103,56,64,64,49,87,94,103,110,110,107,96,76,90,78,83,86,112,130,81,104,81,73,88,121,128,92,83,44,65,80,74,59,58,61,77,87,38,65,75,76,86,86,94,86,80,68,77,95,79,65,83,101,88,80,76,86,87,103,36,48,125,76,18,23,36,49,68,83,99,122,118,126,132,72,65,101,84
89,107,103,103,129,87,78,113,65,91,122,92,95,149,111,168,160,103,109,182,145,176,151,132,127,100,75,113,128,119,99,83,86,82,105,45,77,140,180,209,114,82,73,84,65,63,84,104,110,42,62,40,33,129,126,161,151,117,57,44,42,38,41,26,44,38,83,67,102,94,51,79,46,63,115,132,112,94,50,36,72,96,63,123,80,100,114,127,111,61,45,72,102,27,100,68,76,68,100,89,57,70,32,42,74,80,76,52,58,34,75,138,62,58,60,78,78,107,109,68,119,101,59,43,76,105,80,90,114,130,102,91,112,77,83,93,104,92,76,67,56,112,115,59,90,75,109,123,37,46,52,65,81,82,95,88,62,68,81,107,87,86,82,65,66,98,112,94,86,63,29,43,93,136,38,20,35,44,61,88,109,130,121,132,132,69,70,104,58
90,136,146,131,113,85,74,55,83,94,80,127,140,155,179,81,84,97,119,116,169,205,166,73,117,56,83,97,122,127,122,107,114,83,79,124,80,173,193,208,207,166,82,113,109,113,115,93,157,145,58,60,72,224,176,122,177,210,183,43,43,48,48,51,74,84,97,74,106,121,39,57,105,120,120,203,106,108,52,41,49,76,62,88,134,133,156,165,134,119,111,96,48,80,84,80,101,68,93,73,84,73,29,52,85,54,58,74,21,95,71,94,79,58,67,73,90,112,72,64,93,84,84,109,67,93,89,107,103,183,92,86,100,80,78,62,87,91,90,58,71,103,65,50,86,118,131,106,42,45,37,53,73,76,87,66,71,64,64,76,69,77,63,73,83,99,103,90,69,65,59,44,88,119,71,25,36,46,71,81,144,122,112,127,127,66,77,95,87
91,86,108,130,173,81,59,58,71,110,125,111,95,163,102,73,64,87,231,146,173,177,146,79,79,72,75,96,118,125,117,121,130,150,90,77,128,164,117,141,215,244,131,89,91,71,52,52,56,60,184,87,157,187,52,79,213,209,196,189,37,52,43,61,58,33,74,76,91,101,102,46,77,105,107,94,89,83,84,90,66,41,67,77,60,88,67,74,44,118,52,83,58,73,110,106,98,67,60,62,57,76,65,33,64,77,89,44,75,59,30,79,71,53,63,71,103,94,30,85,78,107,102,134,95,78,133,114,114,180,77,99,96,110,59,69,100,101,90,91,126,90,103,158,81,64,39,42,65,47,42,47,64,70,67,52,56,58,69,63,64,76,65,88,98,96,95,64,52,63,77,28,65,85,65,33,29,46,53,76,129,99,115,124,130,88,130,135,85
92,86,107,154,160,165,78,92,137,98,75,182,104,105,83,68,69,143,171,169,172,174,61,76,95,84,104,104,152,139,204,146,104,104,102,83,49,61,70,84,105,216,203,124,112,191,88,69,86,66,139,194,180,116,64,73,85,144,180,100,33,61,52,58,86,82,57,54,90,110,111,76,109,94,184,145,95,42,30,71,87,32,105,94,86,92,93,83,21,86,56,78,49,80,68,128,105,34,47,51,56,78,51,89,45,47,47,83,59,75,122,58,51,73,67,40,99,28,41,83,86,107,104,79,99,66,135,145,97,109,45,107,104,113,98,62,105,99,70,82,96,76,92,78,47,44,80,94,75,48,45,39,46,52,54,52,60,60,61,71,61,55,52,67,100,83,97,50,52,39,55,79,66,72,32,33,44,44,61,145,106,97,116,131,134,89,76,89,104
93,91,105,115,96,161,174,80,64,140,168,105,105,97,85,73,162,211,209,193,177,66,63,104,83,78,48,42,48,62,69,54,56,76,132,69,70,54,116,73,133,91,79,90,104,120,161,204,170,172,82,208,132,163,100,68,69,110,66,174,69,73,59,44,109,91,63,129,73,100,111,119,81,113,194,120,47,72,32,72,132,116,97,64,53,97,38,98,34,68,72,74,38,57,91,84,83,35,31,49,50,77,84,51,85,50,99,124,119,68,51,71,40,52,68,96,79,66,85,82,47,79,86,124,142,99,106,130,92,112,93,100,98,101,104,92,110,101,68,70,78,131,66,104,17,40,82,68,67,60,47,41,47,45,37,44,66,74,62,54,50,42,51,61,81,68,86,64,48,34,46,29,46,70,64,36,46,52,85,139,86,102,117,126,125,105,52,90,107
94,141,90,105,81,130,154,153,110,134,77,60,100,214,188,181,148,162,121,189,198,165,73,47,106,47,41,60,34,67,145,58,53,48,57,95,147,95,94,75,49,71,75,66,49,74,184,171,108,162,148,91,57,112,162,128,113,45,78,80,177,165,106,113,109,74,42,41,155,90,101,92,109,184,118,116,110,104,100,82,67,51,123,47,61,31,21,65,75,64,65,84,49,54,98,127,70,57,88,47,68,82,52,65,109,110,87,125,71,73,58,39,59,68,77,98,58,71,63,36,60,87,152,106,144,115,123,65,85,120,69,67,115,100,95,102,92,84,37,158,94,79,78,91,58,40,76,91,51,57,41,44,39,36,34,58,66,69,60,52,59,62,45,59,48,46,92,73,88,69,97,72,42,90,81,39,32,53,160,75,84,111,113,124,134,112,117,65,64
95,156,180,123,94,79,75,136,173,174,153,130,148,154,167,161,134,129,209,198,92,163,153,54,75,68,77,56,109,74,51,43,60,52,72,116,94,58,65,107,42,83,50,58,171,188,109,57,64,65,77,154,135,182,117,156,145,72,167,63,91,190,194,194,135,92,45,42,118,135,79,49,105,123,127,106,91,90,73,56,56,64,67,57,49,66,80,57,73,47,105,89,42,37,86,62,97,41,72,84,93,89,75,42,45,59,65,70,72,45,74,42,47,30,102,60,66,52,46,59,111,49,59,60,138,97,38,83,78,101,95,66,115,111,98,80,99,65,60,84,75,68,83,84,82,97,118,103,57,51,44,48,44,44,37,47,56,45,52,64,68,59,55,53,45,41,38,48,35,36,51,91,107,106,60,36,36,32,116,70,89,88,117,136,147,132,43,80,49
96,89,178,157,178,184,185,77,74,64,74,160,131,139,150,204,167,114,174,97,95,124,112,171,48,63,61,132,51,122,69,53,65,111,78,163,82,66,129,70,44,74,194,106,72,79,71,59,59,60,54,52,48,168,112,160,102,163,68,74,57,67,152,177,104,149,123,106,101,169,110,104,84,99,99,108,83,93,47,58,73,59,57,49,63,61,90,103,78,84,59,108,57,33,105,86,53,61,64,88,104,97,59,103,84,104,65,72,80,67,80,45,44,56,105,42,47,82,53,26,37,46,26,100,81,84,70,93,89,99,107,112,51,90,119,90,81,86,101,57,77,83,96,106,94,82,78,100,90,39,48,46,41,47,37,44,42,53,58,65,74,89,90,67,42,86,29,22,70,35,51,52,58,87,112,109,53,26,76,73,74,94,104,134,126,136,47,85,55
97,163,158,161,180,83,74,63,51,89,60,81,200,140,116,154,146,157,68,72,130,98,82,123,139,53,54,57,60,121,134,127,130,37,75,101,91,95,73,63,93,81,66,86,34,68,71,62,79,64,40,47,45,57,42,136,104,114,170,159,62,43,61,51,39,39,58,87,78,82,143,48,63,104,105,75,90,75,111,51,95,100,70,112,32,41,40,115,49,112,76,102,105,167,145,124,99,88,74,84,93,62,50,122,111,124,57,68,57,66,92,49,71,98,56,34,72,50,81,34,33,70,34,40,81,72,89,132,115,88,62,103,96,86,102,104,85,97,153,57,96,111,69,75,53,74,122,96,115,48,44,44,50,39,38,46,52,50,61,56,60,85,58,56,43,45,41,49,37,36,38,53,42,59,59,100,131,95,60,43,73,87,104,127,134,138,68,56,31
98,144,159,158,74,47,68,74,59,75,65,143,148,123,143,138,153,105,140,100,92,116,108,91,73,116,130,163,151,165,118,150,174,43,114,137,96,106,82,85,67,71,69,70,68,68,68,78,46,59,81,68,100,148,157,94,117,122,153,120,72,38,41,30,36,34,68,60,44,65,160,157,69,92,108,172,102,72,58,129,58,103,58,133,82,130,69,103,92,96,88,102,126,112,142,141,100,64,68,110,94,57,119,73,115,123,57,61,57,55,81,29,78,73,97,24,51,86,94,106,61,66,49,47,134,149,98,92,119,130,130,82,110,98,92,123,108,164,93,84,126,138,95,96,69,62,86,108,198,59,37,55,49,47,45,59,56,48,54,45,51,81,89,66,41,49,81,26,53,52,32,41,31,50,51,54,41,84,124,65,66,83,124,124,155,146,32,40,70
99,144,65,124,34,34,63,69,86,52,109,164,121,98,131,214,116,100,97,135,155,141,139,161,195,182,183,180,117,151,51,63,73,71,65,62,64,139,138,97,81,88,81,88,52,62,60,70,85,79,69,76,86,98,87,75,58,32,127,145,106,57,61,69,104,60,47,74,34,30,76,189,173,129,90,106,115,96,63,73,123,78,134,96,94,96,96,113,106,130,96,92,115,100,124,88,79,87,88,117,80,143,91,51,128,92,57,63,55,49,62,116,97,54,32,37,48,29,24,122,135,81,149,141,68,45,62,85,69,66,76,64,151,137,125,143,163,96,106,122,115,114,95,127,86,97,141,180,126,83,69,68,68,61,61,68,62,47,41,54,69,58,108,62,38,32,25,25,72,38,48,36,73,29,45,35,38,36,62,46,68,91,90,140,157,144,62,47,41
100,79,104,99,75,72,85,66,62,78,108,152,124,117,157,154,113,119,107,87,149,149,182,197,168,77,143,118,151,101,67,47,59,73,66,63,70,144,114,75,69,84,122,58,68,66,62,40,65,79,83,90,48,43,104,57,68,166,117,123,80,101,82,66,67,67,75,88,63,22,76,111,212,154,155,101,124,108,64,64,65,110,84,117,72,72,73,101,164,88,81,125,61,99,103,91,98,77,91,109,115,124,72,27,128,49,44,54,114,116,148,145,79,157,131,93,45,42,52,121,165,157,52,146,26,60,49,65,76,118,151,158,175,87,152,152,92,86,117,90,94,107,109,124,105,168,97,116,72,77,72,75,65,68,67,65,50,53,61,74,94,29,64,91,65,21,26,18,40,60,49,45,76,52,34,21,36,54,35,62,82,82,105,121,152,155,76,41,45
101,68,104,126,34,46,52,40,76,82,161,151,148,169,161,153,162,125,169,146,119,122,148,139,41,69,88,144,172,100,80,46,40,52,70,71,68,140,120,80,50,126,121,50,69,61,49,69,34,55,86,91,80,77,69,96,120,117,173,126,77,95,83,92,101,79,67,83,73,92,29,40,141,139,168,93,124,107,118,78,95,100,106,55,87,50,31,103,87,91,74,66,92,61,98,103,95,87,102,77,106,122,83,99,114,44,125,123,116,70,74,138,127,140,139,138,114,154,117,58,59,156,57,139,108,40,101,146,165,163,165,120,81,141,126,124,107,112,90,106,61,67,105,95,99,118,148,78,72,79,57,57,73,72,76,65,67,87,63,89,90,44,28,91,75,32,24,44,52,37,31,19,50,55,32,23,66,28,45,97,93,89,104,127,145,137,110,51,48
102,62,100,113,35,54,58,44,53,198,148,109,155,60,116,161,155,81,178,167,144,123,114,156,136,116,127,129,170,100,105,115,121,125,85,67,78,122,181,55,144,120,93,55,73,68,54,83,79,83,76,66,77,89,38,88,99,130,176,80,52,108,69,35,49,45,61,94,101,73,22,57,94,147,101,93,59,112,100,39,82,88,97,98,132,82,39,104,71,98,59,62,70,66,114,100,96,103,101,133,85,109,91,74,126,101,81,77,55,52,27,78,104,68,111,115,122,127,137,96,151,156,120,166,159,113,109,126,128,105,121,133,138,101,57,115,111,119,107,56,56,84,133,49,123,140,84,82,79,95,56,66,69,66,68,65,79,91,83,88,77,60,42,92,100,57,32,22,57,95,87,94,86,68,33,23,102,51,36,127,96,84,102,114,140,150,119,46,64
103,82,110,97,56,53,34,45,140,139,104,103,146,179,157,205,146,113,114,140,163,144,160,146,113,75,73,67,175,63,60,62,114,98,127,81,83,111,146,131,123,110,163,89,99,54,57,58,39,50,44,67,62,76,123,106,130,152,154,140,68,114,52,61,70,69,75,105,109,37,88,53,122,119,113,64,35,120,98,98,165,151,169,122,142,103,55,49,60,82,39,77,80,118,81,104,94,118,112,106,130,127,35,52,95,56,51,50,43,84,25,103,161,75,109,91,99,58,102,142,146,154,150,156,119,124,125,172,78,64,93,96,86,103,42,85,124,96,109,81,52,140,65,96,114,170,95,61,48,75,55,77,77,76,61,67,80,86,96,92,70,33,45,59,102,99,22,33,24,31,22,45,120,123,59,43,139,155,49,107,72,92,103,122,137,145,115,36,60
104,119,118,101,54,62,43,62,134,132,161,129,163,130,108,162,81,134,87,118,147,135,177,141,136,61,66,119,165,79,73,148,57,49,45,90,74,97,162,136,51,107,95,187,30,65,65,53,45,36,45,29,50,66,109,125,139,145,125,97,161,114,122,56,45,32,115,126,105,149,39,47,112,128,126,73,32,115,105,119,56,66,61,47,157,132,113,66,88,82,84,103,98,80,125,89,81,158,137,189,136,88,49,23,66,118,58,34,30,66,52,89,90,99,94,96,130,138,151,137,144,149,131,129,135,143,151,123,87,98,78,85,62,100,99,90,98,105,84,94,157,55,105,96,96,60,57,54,42,52,68,77,74,76,68,69,66,84,90,75,76,55,40,44,101,101,39,33,27,24,21,31,14,21,71,35,157,168,122,151,62,90,96,117,113,136,114,23,66
105,145,107,103,49,56,49,178,133,127,89,90,180,146,73,79,68,96,129,86,125,143,142,131,137,117,57,169,178,100,134,63,64,50,85,96,99,125,154,101,87,85,86,201,47,67,59,39,30,42,44,41,57,31,102,97,152,160,78,57,123,143,146,62,44,24,131,103,159,72,60,40,71,95,115,67,60,92,105,113,98,85,84,61,116,149,83,130,137,62,80,49,155,98,91,100,72,186,107,95,97,83,93,108,122,116,108,133,92,31,75,91,87,148,161,149,143,130,135,82,153,145,82,118,99,131,115,97,117,111,68,62,107,111,95,87,68,103,123,153,133,102,106,95,78,53,43,54,65,41,58,77,82,75,70,63,74,83,87,86,75,74,9,39,90,100,68,31,32,24,32,91,35,42,53,61,148,160,172,140,54,95,95,97,104,129,122,87,72
106,139,98,102,42,59,184,130,96,96,103,149,101,165,161,163,146,106,128,106,150,149,139,103,120,132,141,166,161,62,76,53,78,125,110,93,96,150,119,70,75,80,90,31,99,73,67,45,74,75,49,49,70,58,72,88,137,139,44,111,126,174,168,59,100,28,132,170,64,80,51,62,62,61,131,66,45,59,105,110,111,95,90,35,84,153,119,100,130,63,104,57,130,71,70,97,97,170,60,137,88,105,96,85,95,90,83,133,116,175,119,121,178,135,135,130,76,92,133,55,132,116,100,108,177,165,106,124,84,62,84,92,124,94,99,93,126,132,126,143,102,100,103,108,86,96,172,149,60,65,57,88,87,82,71,70,92,102,90,58,81,77,41,19,52,151,127,77,102,120,83,151,84,121,134,115,138,162,164,145,91,64,98,90,109,127,76,75,73
107,162,93,101,47,149,165,133,154,119,185,89,111,161,129,104,90,151,160,160,148,170,179,193,185,141,145,157,168,138,118,190,88,92,42,58,148,142,137,76,58,68,103,84,70,98,75,70,57,60,50,76,99,69,106,71,88,88,76,94,159,145,180,51,119,127,157,118,110,110,57,62,77,61,119,73,44,38,101,105,120,95,99,37,154,163,130,97,107,98,43,127,169,193,149,159,150,166,80,165,113,141,124,90,108,125,132,136,127,129,124,114,119,91,57,51,60,137,111,97,112,114,113,102,182,154,122,143,88,70,87,88,103,72,85,120,135,117,129,138,60,46,140,100,109,96,139,153,52,76,67,84,113,76,65,72,107,113,100,49,83,79,44,48,44,83,107,60,68,50,93,58,84,137,126,129,108,176,126,140,55,59,83,92,100,76,75,68,97
108,154,77,123,134,150,120,100,108,150,205,137,128,152,143,136,176,164,183,185,148,162,177,173,107,96,235,158,170,160,126,107,82,41,77,71,148,109,93,138,73,198,103,103,29,56,106,91,48,55,47,45,104,69,81,82,96,105,108,63,116,137,145,83,122,138,140,101,51,69,131,139,116,47,117,97,30,41,98,107,154,111,157,71,125,152,148,92,115,99,74,38,79,175,135,141,133,152,116,106,150,139,148,152,145,121,138,143,146,73,136,81,53,64,29,86,157,139,143,112,115,109,37,75,171,143,133,107,141,189,157,129,116,94,53,53,56,74,129,73,64,64,84,96,141,117,87,82,43,71,75,97,92,71,73,77,108,108,102,59,45,79,91,19,90,70,93,64,38,78,108,39,48,154,131,121,121,131,135,155,92,55,74,84,69,78,70,75,101
109,180,158,119,150,146,100,103,116,114,175,122,134,169,118,120,127,150,182,184,167,125,148,79,83,101,139,150,153,173,160,127,142,87,83,154,150,102,102,134,219,146,138,138,121,112,109,113,57,67,57,37,73,97,34,107,71,95,79,64,132,154,142,103,145,131,109,118,67,64,98,76,121,133,123,115,28,62,160,110,133,89,147,137,202,160,144,66,54,100,102,88,73,104,135,102,113,118,134,110,96,51,97,149,142,133,107,43,40,65,146,148,125,163,169,185,187,186,175,160,114,111,57,129,163,152,146,116,161,114,110,104,98,97,95,34,39,74,115,94,76,76,67,125,63,61,51,60,62,55,75,108,96,76,78,91,105,103,107,36,104,65,91,116,140,77,93,101,50,138,34,43,165,169,135,124,88,110,127,143,154,75,83,64,69,83,108,51,99
110,154,185,197,137,102,128,116,107,133,159,69,48,95,104,152,151,176,166,171,139,105,123,96,80,88,125,157,107,137,158,114,108,93,120,107,105,100,100,138,198,110,130,177,145,120,115,109,113,47,72,92,68,63,97,58,31,94,73,111,153,161,129,152,134,139,79,101,110,86,105,108,44,55,135,152,33,127,51,120,72,108,93,134,125,190,119,111,80,91,112,183,127,93,152,95,110,72,54,55,95,65,35,81,145,127,131,84,96,77,148,146,152,162,159,170,165,102,101,75,105,128,127,132,146,147,154,153,113,114,138,110,86,94,132,137,120,76,81,105,76,70,87,141,73,64,109,64,69,62,97,164,131,92,107,114,127,107,107,145,55,93,87,102,145,138,95,96,104,113,90,88,164,161,145,137,57,86,124,122,129,136,70,66,77,57,47,55,60
111,154,173,132,141,102,98,96,133,131,131,97,75,68,160,173,160,139,151,154,153,123,89,101,80,92,114,137,128,114,145,141,128,114,106,133,114,117,128,189,113,111,119,76,85,96,79,116,92,87,57,57,85,85,68,25,36,100,79,83,152,125,136,121,202,76,100,110,130,83,93,83,95,77,114,155,125,250,95,141,103,47,92,139,74,95,86,186,108,185,119,99,101,104,129,98,107,63,94,62,47,80,63,51,85,114,124,123,125,61,137,151,153,167,174,99,64,58,63,94,114,126,121,115,110,155,166,94,89,59,118,98,57,163,102,88,157,208,208,88,92,80,118,96,83,144,177,53,72,173,162,203,184,149,192,158,131,112,137,62,86,85,109,103,148,148,106,82,90,32,20,150,174,152,104,170,67,79,153,119,141,126,138,50,31,44,48,55,64
112,149,156,137,131,114,102,108,87,97,124,88,93,143,123,98,83,115,126,142,124,111,65,79,110,97,105,111,130,90,111,176,180,148,119,125,131,113,160,225,106,59,116,73,73,90,97,97,105,81,55,79,92,76,69,36,46,89,74,84,98,174,118,150,94,93,71,108,147,125,76,75,105,80,123,168,142,235,112,127,114,92,100,76,100,75,99,91,168,177,135,178,184,199,109,162,101,84,37,67,103,96,54,51,80,129,106,69,142,125,132,163,180,58,52,130,179,191,190,84,106,135,127,76,131,168,170,37,111,66,107,98,120,100,43,56,50,145,194,135,181,109,143,108,90,150,93,75,114,165,205,202,182,193,220,215,135,124,118,86,54,28,150,64,133,157,117,115,42,113,158,173,179,147,106,138,99,123,149,151,140,156,148,118,42,55,66,121,44
113,169,155,159,156,98,86,123,89,115,124,146,138,173,128,127,147,115,169,141,106,94,74,72,107,107,91,125,133,125,191,79,102,115,169,100,133,125,202,88,95,60,112,86,63,65,78,68,111,178,74,83,86,87,75,66,65,89,100,86,160,145,166,129,80,83,86,142,86,82,33,46,108,108,88,135,221,190,108,118,113,115,74,96,80,49,81,43,52,111,130,64,115,110,102,164,149,44,113,35,114,116,95,44,86,109,71,95,137,118,55,224,146,197,205,176,186,97,49,91,134,114,80,130,88,188,181,56,134,37,98,112,153,102,75,83,56,38,151,132,103,44,119,77,109,110,69,126,221,175,194,219,201,223,234,223,138,147,129,68,43,50,132,54,127,164,148,117,194,163,173,159,188,158,94,106,79,85,91,130,85,131,160,177,136,162,95,74,50
114,126,120,103,126,78,78,126,142,155,192,195,223,215,207,180,188,194,118,111,101,108,93,71,82,95,103,114,71,129,178,63,118,98,102,110,127,133,213,97,131,47,109,79,102,76,95,72,108,132,195,53,83,63,81,89,94,80,77,101,176,215,157,82,79,87,81,142,78,91,35,83,78,116,71,135,233,103,86,99,129,135,154,149,144,56,82,98,167,234,200,201,175,133,104,179,156,166,132,85,53,101,71,24,21,93,64,83,141,135,153,144,204,216,231,163,73,61,73,115,92,66,152,73,72,179,176,138,143,64,107,108,151,101,112,113,111,71,139,132,126,55,120,72,43,70,71,176,216,210,167,214,219,227,234,230,166,115,137,123,62,92,56,53,101,150,163,161,166,127,141,168,185,149,105,105,124,95,130,171,112,132,166,205,134,106,77,74,76
115,149,108,134,120,172,181,98,194,192,226,218,158,134,162,164,137,128,99,101,105,110,100,109,72,76,100,121,73,76,155,76,59,123,111,124,85,190,78,104,70,64,122,62,89,72,79,81,81,99,179,199,84,74,93,94,66,86,61,168,187,176,69,68,76,62,82,142,153,204,191,177,182,172,160,135,201,94,88,90,161,152,173,152,85,69,84,122,152,190,127,152,133,152,150,176,160,155,115,36,17,44,57,51,33,124,105,75,125,135,152,184,176,240,165,57,88,76,86,110,75,156,53,74,66,171,169,166,140,72,98,105,135,47,114,71,111,110,77,120,120,126,107,91,50,69,105,175,195,186,180,207,218,227,228,224,163,96,69,140,156,172,112,62,53,140,163,140,134,140,131,171,157,137,151,142,81,67,97,125,169,137,82,133,117,129,64,56,94
116,139,118,170,206,161,108,100,121,105,168,175,152,115,211,189,133,89,65,60,115,96,86,88,152,100,143,153,126,50,162,79,82,115,110,146,195,179,180,94,63,158,96,75,73,106,63,82,118,107,89,197,199,94,93,76,103,165,217,174,195,103,77,106,121,119,98,118,98,85,72,97,150,154,176,146,146,174,140,106,139,139,101,98,95,116,87,165,172,90,101,121,135,120,158,56,137,155,103,53,29,47,92,93,33,102,110,113,173,184,174,165,172,139,43,55,56,106,124,80,141,44,68,68,90,166,164,175,175,70,94,86,151,164,77,99,121,129,142,155,127,133,95,62,113,112,114,160,188,167,184,206,223,200,236,221,138,58,47,52,134,151,62,149,172,156,168,151,165,168,165,169,166,153,127,52,68,79,133,189,122,111,69,79,127,119,122,128,81
117,172,171,144,112,109,79,95,97,115,126,184,191,199,210,219,177,175,100,68,126,74,110,136,162,146,106,49,115,152,153,145,154,161,163,175,216,179,171,137,45,38,120,60,57,129,45,89,69,84,100,131,197,182,121,175,166,188,150,188,124,146,119,110,129,119,110,124,85,76,106,112,136,139,144,161,153,99,174,126,114,90,84,103,113,42,100,158,172,120,115,155,117,123,159,127,152,154,107,122,69,55,99,58,27,80,144,104,173,165,182,160,153,92,49,48,103,101,98,118,57,56,76,89,128,169,166,174,147,113,108,110,85,111,104,144,153,172,157,143,153,136,152,100,133,159,130,143,170,193,208,217,226,213,242,207,134,40,39,47,68,119,99,177,146,137,168,167,143,159,167,164,196,152,95,104,114,197,94,120,112,74,80,99,88,110,83,105,127
118,153,88,107,133,107,113,131,130,152,160,162,189,206,203,211,209,204,160,168,135,85,163,165,147,113,101,79,107,154,114,157,189,163,163,207,170,182,184,201,79,67,53,57,61,101,105,88,65,82,48,156,188,195,184,196,163,147,152,87,89,61,63,71,150,146,132,132,106,122,149,163,207,143,143,164,150,185,182,224,185,111,67,98,126,95,107,157,135,114,162,140,131,126,152,143,166,140,114,149,98,106,105,95,150,141,143,104,116,175,114,161,112,126,127,124,129,113,120,111,113,65,134,144,93,191,195,231,201,155,80,118,144,122,136,141,139,120,126,81,127,181,166,138,125,149,122,138,150,247,213,169,217,200,232,194,141,98,67,107,64,88,146,127,119,98,129,111,146,163,150,154,188,149,103,196,93,47,33,97,108,12,51,95,92,92,109,47,89
119,124,105,96,108,102,150,168,151,99,133,115,91,113,121,133,159,180,187,191,165,165,171,93,99,84,90,95,116,145,96,87,61,127,184,175,176,174,186,180,154,55,48,78,115,75,82,78,62,50,50,72,162,201,197,181,162,160,148,91,114,227,248,246,244,248,246,252,200,218,216,210,111,42,100,120,151,158,127,216,225,208,92,87,118,141,28,156,134,96,109,124,113,118,145,86,30,72,142,127,37,129,139,153,151,161,165,150,110,156,117,143,130,121,141,135,140,134,128,128,45,132,129,215,219,199,197,194,203,212,97,157,114,85,77,48,40,60,129,204,238,55,149,139,164,127,153,126,122,216,184,214,173,187,201,201,94,119,94,113,114,111,100,66,82,95,121,110,107,102,94,121,156,165,133,143,140,150,132,110,119,16,38,51,81,93,73,63,66
120,144,122,127,98,104,123,127,127,130,118,122,78,120,101,94,106,150,176,184,151,168,162,158,50,53,66,77,148,116,89,103,88,87,183,163,181,204,204,184,136,151,68,87,58,74,66,73,63,46,62,62,75,131,196,194,202,155,154,251,233,214,237,246,234,216,141,91,99,86,191,174,176,202,150,184,144,112,161,103,112,190,200,124,125,134,60,129,140,89,104,126,91,133,147,125,90,84,104,124,111,145,138,127,101,133,168,176,116,122,87,137,137,74,125,133,114,128,157,147,156,171,202,197,225,208,169,168,185,50,99,135,93,103,125,79,156,153,115,43,48,69,85,122,165,127,132,114,147,161,182,218,181,173,174,190,90,88,104,75,140,93,72,77,43,62,139,119,119,99,89,151,160,138,128,136,129,112,93,96,121,44,25,20,29,31,62,59,66
121,140,132,129,177,108,92,81,80,115,79,143,120,104,93,89,100,71,142,193,162,110,165,172,187,59,34,100,140,113,90,81,100,191,69,87,144,192,203,176,156,152,89,109,70,81,90,40,48,61,58,32,70,103,118,196,200,227,239,244,228,246,241,100,158,104,64,63,113,159,118,110,182,182,179,140,153,147,127,109,113,128,142,184,137,166,158,161,117,155,182,170,142,142,147,177,139,84,73,127,148,135,141,150,139,180,169,142,117,118,78,134,151,82,123,83,73,82,135,97,96,236,196,79,89,134,143,171,146,44,155,59,56,83,106,105,144,38,55,43,39,72,125,119,123,119,134,108,143,170,176,206,207,201,198,157,86,84,96,178,217,134,156,147,123,126,131,150,119,96,164,94,140,145,122,84,65,58,48,50,114,185,99,49,24,72,98,87,81
122,161,117,134,150,117,108,94,113,94,111,115,101,106,108,104,86,110,107,111,183,126,87,162,160,167,36,147,119,90,71,86,134,93,70,73,105,102,135,161,142,204,147,115,76,104,106,46,95,55,46,46,43,63,135,186,231,251,246,188,89,79,55,59,152,57,158,144,151,166,171,114,66,78,166,201,183,102,127,89,105,128,140,128,169,173,139,130,162,148,175,172,170,120,135,106,171,105,122,113,151,123,99,92,113,157,142,81,139,156,149,165,117,179,138,121,187,167,98,98,127,191,69,43,50,128,137,199,76,120,54,47,84,134,151,116,101,90,34,23,47,73,126,120,125,126,118,115,168,131,158,173,175,175,195,150,80,50,53,121,123,147,183,138,107,124,109,101,93,162,153,136,120,130,143,80,140,174,130,111,77,67,183,99,137,100,75,64,96
123,60,29,85,76,56,66,86,116,89,134,122,117,118,103,65,62,88,57,120,73,183,127,96,86,147,192,127,112,83,83,92,75,75,91,85,75,81,64,64,130,122,198,146,64,61,102,129,154,130,106,114,119,135,164,246,214,135,133,181,179,84,187,154,167,162,145,134,160,187,186,67,88,85,83,162,165,213,89,100,90,130,138,103,89,144,160,166,104,136,169,132,152,180,134,111,151,160,71,110,144,85,128,94,148,151,143,126,124,118,154,124,133,113,88,182,212,159,123,57,130,67,61,38,50,137,207,143,78,164,81,37,151,109,18,59,54,142,27,25,40,113,125,108,127,111,148,132,147,114,146,118,155,202,175,127,60,71,106,98,112,118,113,71,99,75,170,137,126,156,166,125,88,104,115,58,121,59,117,168,77,99,66,211,82,122,80,87,171
124,56,68,87,73,87,82,59,88,150,153,136,113,118,74,36,52,93,138,60,102,147,129,140,123,101,149,116,108,60,91,90,52,69,84,95,75,77,69,82,136,115,112,155,57,115,107,111,94,124,199,146,131,195,151,146,166,132,160,199,155,104,78,150,165,139,87,51,154,175,96,110,130,126,122,184,146,243,239,137,149,226,147,124,188,212,100,86,89,176,145,121,127,141,148,111,132,142,162,86,144,147,154,114,135,67,119,89,118,96,192,124,131,107,169,183,181,94,152,73,140,55,59,43,93,156,122,149,162,57,57,132,77,62,79,92,141,133,117,81,94,93,139,123,140,116,120,105,149,107,159,77,125,187,153,109,67,95,115,150,94,111,109,61,110,94,131,115,135,173,140,120,88,75,94,76,56,115,69,73,111,166,107,144,180,87,102,108,188
125,63,88,52,105,82,48,63,58,163,169,102,67,76,64,36,161,147,78,48,48,84,133,74,138,139,146,119,55,40,89,34,39,73,83,88,69,69,83,108,104,171,158,126,108,128,100,90,125,185,162,154,165,185,123,184,143,138,205,200,125,64,150,148,144,73,49,108,133,132,188,186,158,137,123,126,206,207,249,180,120,137,202,188,218,78,103,93,192,165,85,99,89,113,126,75,146,153,172,134,92,152,177,130,83,73,156,88,114,217,197,148,102,159,151,176,149,82,113,152,127,109,52,43,137,178,133,169,108,70,98,70,43,50,83,73,162,139,134,126,128,116,133,160,170,146,112,156,111,111,101,86,139,174,127,96,91,99,90,93,87,85,100,72,97,94,119,108,138,159,85,82,87,67,102,109,86,69,45,59,179,137,93,83,118,185,55,95,154
126,66,61,63,76,65,45,102,91,159,126,79,79,62,98,184,168,99,61,48,57,52,78,121,97,136,137,133,70,64,71,32,32,93,80,98,83,68,111,88,87,148,190,210,145,129,96,65,173,129,126,142,68,43,91,163,141,185,198,111,123,142,152,144,66,45,69,83,146,188,205,189,103,107,99,123,128,136,194,180,178,215,225,217,124,94,94,77,179,123,114,81,82,78,128,86,103,99,154,161,110,234,198,162,85,83,74,146,124,215,115,113,111,137,197,167,87,80,119,61,148,189,145,124,210,117,126,189,63,59,40,49,51,36,15,25,69,89,135,117,98,80,71,106,105,162,148,145,119,122,73,65,106,105,109,54,38,73,75,107,98,79,102,126,110,114,134,71,62,53,51,129,85,102,83,108,145,38,85,163,163,85,107,64,76,87,113,85,88
127,186,171,129,121,104,65,72,33,157,80,97,81,82,171,162,95,95,55,30,38,41,63,54,96,138,114,116,94,116,102,97,110,186,203,167,160,162,170,183,182,134,126,118,169,146,191,188,169,158,139,43,48,103,107,181,189,195,166,140,127,147,156,93,59,41,119,133,173,191,127,81,90,89,61,116,107,123,201,193,156,201,218,119,93,80,85,181,119,132,69,56,58,109,128,69,96,68,120,150,226,180,143,103,144,105,84,123,191,146,79,99,178,142,153,176,101,101,110,104,103,120,142,175,89,126,154,113,128,96,65,48,28,34,94,92,85,70,141,174,93,79,112,124,118,128,149,147,151,138,77,65,94,78,137,37,33,108,104,108,109,122,136,152,178,66,165,134,66,69,47,82,145,101,109,164,101,86,42,37,98,79,89,123,104,91,79,65,133
128,94,97,101,104,121,128,162,196,112,101,76,72,165,174,117,89,83,81,38,25,43,59,79,83,84,107,123,208,226,241,245,242,239,208,221,230,210,189,224,108,121,136,137,139,177,141,172,152,106,67,78,143,116,118,188,190,164,156,153,147,127,128,136,106,109,122,169,170,67,52,56,94,97,98,49,79,126,170,222,143,184,209,99,81,61,84,106,150,58,73,53,65,129,142,117,68,71,89,156,170,161,110,107,93,102,110,108,170,133,157,145,182,168,169,168,98,116,121,118,164,114,148,131,106,127,157,68,161,116,159,100,135,112,81,69,54,52,143,157,91,75,98,123,132,107,100,116,133,156,156,71,76,90,173,69,185,71,78,61,121,112,110,142,120,112,131,181,144,138,124,114,116,177,224,157,169,140,102,119,109,117,104,129,106,87,78,47,81
129,172,182,175,146,139,161,197,171,167,208,173,129,168,132,129,84,67,84,89,67,94,98,100,60,51,46,186,235,201,190,150,85,143,176,194,203,220,203,98,86,130,147,199,98,161,145,192,166,178,141,161,88,112,153,184,132,132,187,196,156,184,163,165,200,105,153,168,80,110,83,52,38,110,78,78,160,141,141,170,144,118,143,82,121,160,142,155,91,61,83,70,55,141,141,140,74,157,149,167,155,168,102,126,109,100,61,49,149,90,73,181,172,121,183,163,81,92,79,94,115,132,177,110,164,129,107,106,153,152,95,75,59,35,38,27,96,71,150,137,93,86,99,135,65,119,111,63,123,149,156,157,46,103,189,132,168,183,127,121,116,117,132,133,149,170,152,162,170,105,110,68,189,176,160,68,178,160,133,165,132,67,80,99,134,148,152,148,99
130,45,30,121,181,170,183,199,184,174,149,173,193,207,186,129,77,64,80,84,97,94,75,64,63,78,133,213,197,154,120,96,75,63,69,94,90,76,92,106,87,129,168,235,168,125,229,220,161,140,188,167,103,127,165,187,182,208,226,187,169,170,184,181,239,239,149,166,176,140,53,79,81,99,79,124,109,169,161,183,153,140,104,37,119,135,160,176,178,173,142,147,113,142,138,165,139,131,137,173,76,90,134,140,190,210,243,241,176,126,168,205,155,90,183,169,168,165,97,172,67,215,120,109,172,126,100,112,73,105,95,110,66,38,54,63,83,211,149,113,103,119,103,94,65,83,108,60,100,101,149,148,148,55,145,151,155,163,141,144,111,157,158,166,172,167,165,170,162,135,188,179,163,118,54,135,171,170,163,67,58,13,90,101,68,117,136,133,119
131,62,25,81,176,163,177,135,58,96,45,124,150,146,68,55,81,71,80,67,108,79,79,82,57,145,151,44,56,88,92,119,85,57,89,66,73,88,80,66,71,125,151,193,162,214,242,173,115,136,103,149,96,116,171,177,210,188,171,239,230,127,137,182,249,215,224,209,146,139,131,48,33,170,167,123,138,149,146,149,125,148,105,39,166,130,86,174,157,183,186,192,167,153,185,97,87,144,154,134,69,63,154,120,214,212,195,213,173,174,177,190,137,87,88,74,194,190,173,176,184,75,186,173,149,155,134,118,134,64,96,178,176,66,75,85,148,153,185,106,142,122,110,79,104,96,110,83,81,120,72,137,145,143,158,166,158,155,140,151,166,152,170,165,136,162,169,139,124,228,174,139,119,60,54,103,147,160,179,164,91,99,104,119,118,43,72,116,115
132,54,81,94,171,130,72,114,138,43,109,74,163,134,52,42,79,45,56,77,108,91,108,83,107,113,46,50,73,62,112,85,104,121,125,181,137,123,109,105,67,74,161,161,169,206,242,80,139,174,154,100,88,105,108,74,167,194,202,232,243,244,199,152,190,215,235,195,163,154,173,148,152,160,95,119,147,93,108,113,93,98,143,83,146,102,127,35,53,63,147,172,185,182,67,134,106,149,87,130,124,90,152,159,114,103,110,152,185,127,209,130,68,127,113,134,131,193,194,191,194,181,203,192,94,132,112,135,122,73,62,160,130,108,190,171,155,187,155,119,137,132,110,111,113,107,86,78,39,45,57,76,141,142,148,130,199,137,134,123,130,128,162,168,103,111,121,149,199,154,137,123,60,67,115,129,136,181,185,173,132,120,119,106,94,84,92,37,71
133,56,85,76,130,117,70,39,70,147,60,141,182,53,44,47,93,61,76,38,84,92,101,121,126,101,67,50,67,73,53,22,106,100,126,123,63,81,73,91,135,120,178,160,171,216,124,97,94,164,109,105,97,201,127,145,107,102,146,139,170,173,178,122,154,198,227,239,189,192,173,172,135,117,60,139,139,163,102,107,132,113,134,139,81,30,42,108,91,40,81,160,161,155,112,138,148,160,76,111,101,150,151,172,118,121,203,198,152,130,132,194,94,86,103,123,128,148,181,174,190,178,184,187,133,110,100,171,38,56,78,163,172,161,167,173,196,188,120,128,182,206,91,55,175,168,155,129,104,125,66,41,100,126,169,186,95,147,78,109,121,119,173,143,110,97,138,186,173,143,170,171,59,99,128,85,131,143,173,161,139,110,123,93,99,140,90,87,93
134,76,86,90,117,114,66,43,78,83,58,165,176,72,78,71,103,33,81,49,54,80,105,124,98,107,35,43,50,56,57,52,116,100,93,136,96,70,66,67,37,175,141,120,205,222,99,97,101,65,85,62,79,125,86,89,140,117,84,89,59,153,129,140,142,134,219,233,129,150,125,151,171,151,171,152,138,85,91,106,57,125,160,167,42,35,73,42,87,99,82,87,152,125,109,134,133,161,93,112,155,170,120,130,111,128,121,101,88,122,156,184,168,133,137,147,121,171,153,174,174,185,163,157,126,97,167,172,174,156,67,181,158,154,158,95,206,160,128,111,151,243,132,105,51,52,132,63,85,99,86,25,119,128,130,146,94,112,103,100,81,111,174,86,119,133,196,217,166,148,108,148,141,90,103,119,133,88,162,165,159,148,147,144,98,165,185,114,68
135,80,54,49,107,104,84,76,92,28,62,145,135,104,88,80,93,52,87,33,28,72,82,79,163,120,40,40,56,84,134,177,166,116,153,143,103,97,63,43,140,139,131,126,234,94,91,66,53,73,73,100,57,76,64,68,123,143,121,104,121,156,151,126,86,107,166,213,211,110,105,190,103,145,134,198,151,55,57,100,79,122,139,173,59,78,90,94,89,88,113,101,103,124,112,110,145,137,121,152,103,108,73,113,124,130,126,99,99,133,146,146,166,180,168,169,159,163,136,125,153,172,149,132,122,145,163,154,172,159,189,188,154,164,140,161,164,100,153,90,102,179,110,60,90,97,117,72,128,80,74,100,125,120,142,95,79,87,97,104,79,82,125,67,85,153,196,201,179,119,133,141,129,125,94,69,137,104,102,152,160,156,92,112,103,157,174,169,165
136,61,56,43,107,117,72,110,84,74,73,147,117,44,49,91,92,50,64,35,85,28,58,182,141,105,76,119,131,100,225,224,201,141,121,125,130,70,97,82,82,66,135,125,120,86,83,88,83,84,99,62,62,123,82,83,125,156,136,79,228,194,143,154,180,175,155,195,202,137,95,73,143,149,150,143,132,161,145,94,107,100,162,166,165,168,80,43,64,77,101,94,174,106,110,135,120,113,140,155,53,56,63,78,132,105,115,120,130,116,137,140,201,178,182,195,134,73,73,117,131,158,165,151,143,159,178,162,195,166,181,189,198,189,161,178,144,123,128,104,98,161,137,65,85,94,123,93,110,89,66,143,107,124,122,68,98,101,99,103,98,79,42,101,150,121,134,137,126,124,98,142,121,148,136,95,74,85,31,153,169,144,136,95,109,105,121,171,177
137,100,47,59,109,120,73,90,94,86,89,117,96,75,55,33,100,56,76,32,75,34,48,175,140,130,89,90,120,113,197,211,193,74,85,124,177,46,57,63,90,124,119,212,147,195,170,105,84,89,87,114,68,108,76,86,123,152,169,237,228,147,178,174,177,190,186,211,206,205,187,150,86,140,186,98,169,149,192,196,112,107,191,153,116,110,91,29,29,35,73,56,195,79,174,130,128,107,146,117,91,81,79,105,150,135,121,116,109,148,141,184,134,98,74,92,99,123,95,44,80,168,200,169,137,118,95,121,140,162,196,183,178,154,195,218,238,147,140,165,120,159,194,87,65,75,138,141,174,155,147,193,175,99,157,77,82,84,115,143,123,85,154,175,144,120,107,110,118,115,75,44,72,121,146,143,146,118,88,75,146,151,128,113,103,92,99,106,135
138,81,60,97,110,115,100,75,86,86,86,116,133,101,83,39,81,96,39,54,45,35,94,128,116,87,76,85,86,157,216,218,109,74,78,123,147,86,82,81,70,156,152,153,210,182,139,96,125,129,132,196,187,158,65,172,252,247,237,243,152,180,105,90,88,94,82,100,128,180,61,92,137,133,132,157,158,187,172,143,153,167,161,121,107,88,77,43,82,110,78,85,173,122,192,127,127,133,138,67,134,123,105,112,121,152,120,116,83,139,132,89,42,39,89,32,101,124,65,112,60,65,152,102,152,131,122,126,104,122,178,188,146,140,104,200,221,210,143,105,125,155,182,128,106,129,145,162,178,168,232,233,188,184,204,194,59,130,157,160,165,175,154,160,173,112,98,89,101,103,63,68,72,54,92,74,105,89,109,104,114,168,125,114,113,80,108,149,154
139,59,29,46,112,141,104,85,93,114,89,92,121,62,122,63,88,80,81,78,55,86,123,96,144,105,94,88,58,226,227,241,80,87,72,71,133,93,136,168,170,124,201,110,216,186,150,185,97,83,76,68,121,128,180,246,247,243,234,178,119,152,100,84,84,92,78,99,115,139,183,92,148,201,130,145,170,206,189,91,101,147,145,140,136,80,41,105,77,95,107,79,133,173,162,130,98,217,94,84,65,111,142,148,195,150,157,132,93,73,115,116,61,98,58,58,104,104,80,101,98,111,182,160,144,132,101,90,118,127,136,152,173,108,91,163,196,203,124,156,166,179,205,145,137,175,161,186,196,219,176,222,186,180,181,183,169,155,155,203,165,161,159,133,40,99,91,87,89,81,92,90,65,34,33,66,114,98,82,105,115,103,140,98,118,93,110,146,138
140,77,59,47,58,132,110,111,94,77,106,124,134,73,75,68,132,80,155,197,201,190,136,71,155,89,60,39,145,201,229,225,57,88,26,67,118,155,105,198,119,190,144,129,209,160,152,135,121,93,99,77,103,121,241,245,238,184,140,170,190,159,91,69,94,89,48,84,91,116,86,97,141,118,182,187,175,171,103,122,168,131,148,147,206,172,98,91,72,99,111,91,84,180,138,107,91,92,75,91,65,102,107,195,152,150,164,99,136,95,131,146,57,50,158,48,137,126,66,127,174,168,171,152,83,163,135,128,142,147,139,145,144,148,170,120,174,177,177,79,106,126,122,185,83,105,74,82,120,113,44,102,94,152,186,168,148,157,153,150,117,141,100,123,126,123,100,96,94,105,95,163,155,86,45,50,61,40,65,125,125,139,137,111,96,85,106,162,106
