0,255,255,250,252,254,251,255,255,253,254,253,254,252,250,252,255,255,252,254,252,253,250,254,255,253,253,255,255,248,252,253,255,255,255,255,255,254,250,253,253,254,254,254,254,251,255,254,255,251,253,254,253,251,249,253,249,250,254,249,254,246,253,251,252,254,251,252,252,250,251,252,254,248,251,253,251,251,253,250,251,251,252,254,252,250,253,252,254,250,254,252,254,252,253,249,253,252,253,255,247,254,253,254,253,248,253,255,251,255,250,252,254,253,251,252,249,250,255,249,254,250,253,252,255,250,254,255,252,254,255,254,255,254,254,253,254,253,252,253,255,251,253,255,255,254,255,252,254,255,255,255,255,249,254,255,254,252,252,254,250,251,254,255,251,255,255,255,253,253,254,255,255,255,254
1,252,183,186,190,192,213,231,218,207,211,208,205,193,189,178,167,159,155,162,175,175,184,206,241,254,255,255,253,253,222,191,231,255,255,255,255,249,255,253,251,254,255,255,254,245,219,222,221,216,217,207,194,204,201,200,203,211,199,173,175,182,190,195,208,211,204,200,195,194,196,200,203,196,196,198,202,198,198,198,149,170,190,162,138,142,142,170,150,158,125,89,96,99,102,117,115,115,126,120,130,112,108,102,107,127,128,145,166,161,144,138,136,90,100,91,93,93,98,114,119,125,123,125,127,133,131,125,138,137,141,148,149,157,161,175,160,162,162,165,168,172,174,186,189,183,182,186,178,176,172,168,166,163,158,168,183,185,186,192,194,186,190,193,194,198,195,192,186,188,189,191,194,197,192
2,249,178,184,184,191,199,206,206,205,216,215,209,201,202,189,174,167,159,153,159,165,176,186,208,227,235,245,250,243,209,195,236,255,255,255,255,254,249,255,253,237,224,212,212,203,191,187,188,194,191,187,187,200,212,203,199,185,187,179,177,184,188,190,204,212,209,207,203,197,199,201,203,197,194,193,194,194,196,183,152,187,186,159,141,119,134,152,130,140,123,102,107,118,111,113,138,127,116,123,116,127,139,129,115,114,127,134,139,144,147,148,136,122,92,90,87,100,101,110,117,114,99,111,124,131,137,140,135,136,144,154,150,151,158,159,155,164,164,163,163,172,178,176,188,184,185,182,185,193,186,177,173,169,167,168,172,183,190,192,190,195,200,200,195,192,190,191,188,191,190,191,195,198,194
3,248,196,196,188,193,203,203,202,208,221,218,204,198,204,195,189,184,181,167,158,167,173,183,196,208,216,224,225,213,203,201,234,255,255,255,255,250,252,244,205,182,181,185,194,189,188,182,187,175,176,180,190,209,224,205,200,181,180,188,173,185,187,185,193,200,200,204,201,201,199,196,193,193,196,200,202,207,199,160,157,174,167,142,118,117,139,125,114,135,111,110,118,128,130,114,107,136,133,131,128,127,131,136,126,122,119,114,124,137,148,150,136,120,93,83,109,107,121,134,119,113,112,103,96,110,120,127,131,138,151,155,153,160,167,155,156,156,159,161,160,162,170,176,177,173,174,177,182,184,185,187,189,187,178,175,175,170,179,185,197,195,193,195,198,184,182,184,185,187,181,180,184,190,187
4,252,201,194,207,211,211,202,201,200,212,196,184,184,185,188,189,197,191,197,194,188,178,189,210,212,220,224,221,219,210,191,217,249,255,253,252,250,243,206,190,182,189,191,191,180,178,177,179,170,178,175,186,206,217,207,202,195,190,190,175,180,185,186,194,197,198,200,202,195,188,181,186,190,198,197,195,200,159,160,161,182,158,116,111,115,135,111,113,133,133,110,109,126,125,125,114,113,122,138,134,142,137,133,117,111,113,109,107,117,127,119,141,132,76,103,123,117,129,130,119,118,128,129,134,133,141,130,145,154,154,155,162,159,153,145,151,158,169,172,180,177,184,172,175,175,181,185,186,179,185,184,181,184,189,179,165,167,166,174,182,190,204,190,204,196,200,190,196,186,184,181,180,181,182
5,250,195,199,224,235,244,222,195,196,197,182,176,181,182,188,196,190,196,224,239,220,196,201,218,219,226,232,230,227,208,190,202,230,249,254,255,251,213,194,191,191,188,186,185,181,178,174,173,179,180,183,187,196,215,211,207,208,198,185,176,187,185,183,190,193,195,196,194,185,183,184,191,196,192,198,183,178,155,159,156,166,134,88,104,127,128,102,114,113,135,125,113,107,123,135,125,103,121,120,130,123,124,133,134,130,120,103,110,107,122,132,136,139,113,75,100,109,113,102,105,103,115,120,128,136,145,148,151,151,147,150,147,142,150,155,164,165,170,168,172,178,169,173,179,179,176,168,168,175,174,174,177,183,182,182,184,179,167,166,174,179,181,193,198,200,205,203,202,187,178,178,173,183,184
6,255,188,196,223,247,254,247,209,192,188,185,186,191,189,188,189,192,198,228,246,236,211,211,221,223,230,239,242,237,206,187,199,220,247,251,253,242,214,205,215,213,197,189,188,184,183,180,178,179,179,190,191,201,227,224,214,214,198,181,182,190,183,182,186,190,192,191,189,187,188,193,198,196,184,204,196,181,136,151,148,149,105,90,111,138,116,98,113,106,114,119,125,105,115,130,129,111,102,111,107,113,111,110,106,109,129,140,118,114,108,130,137,144,96,83,93,99,117,120,131,127,123,120,130,131,147,139,146,131,113,136,133,154,161,160,163,170,173,171,177,175,185,176,178,174,175,174,182,178,172,176,178,174,176,176,175,172,170,170,170,171,175,181,186,195,205,209,210,198,186,189,192,191,188
7,254,176,184,206,233,245,233,207,198,197,200,193,191,193,191,187,189,196,228,246,238,230,219,217,221,228,237,244,242,219,194,198,226,251,250,252,244,229,227,235,233,206,197,198,187,185,177,171,172,174,179,178,199,232,229,213,203,186,183,191,185,181,186,187,192,190,191,195,197,195,195,190,180,182,191,176,160,134,150,151,139,106,104,112,137,106,108,109,101,107,113,108,110,111,120,120,126,113,109,114,101,92,90,98,95,101,126,127,110,88,113,144,151,113,76,98,111,119,124,130,131,129,123,128,146,156,145,150,138,148,149,153,160,165,162,167,176,175,170,175,181,174,169,182,183,173,177,177,176,175,179,171,170,171,168,165,164,161,155,151,153,153,161,173,183,193,198,212,219,212,216,238,229,209
8,252,183,189,199,206,210,206,205,208,214,217,196,173,195,209,198,187,193,226,247,245,242,225,209,218,225,233,246,238,227,199,195,209,241,241,246,246,233,231,230,216,200,198,197,179,175,165,161,157,159,159,162,186,227,229,211,189,174,189,190,177,179,187,189,187,193,194,203,199,197,195,188,177,181,176,166,146,155,141,154,123,115,109,117,135,109,109,110,85,104,105,116,104,105,109,118,99,116,121,113,107,102,85,78,92,92,83,121,127,117,105,134,142,141,89,88,99,105,101,107,97,99,110,123,130,141,138,145,150,148,150,158,154,152,166,174,173,179,183,185,184,188,187,182,179,183,179,171,166,180,180,170,163,174,170,157,155,160,165,152,143,138,149,163,162,171,189,207,211,221,232,254,245,224
9,254,185,191,199,201,200,198,202,215,229,221,191,180,198,219,207,190,188,211,239,252,252,234,218,221,229,223,231,232,221,197,189,182,195,207,225,227,205,193,187,178,185,194,185,176,168,164,157,146,147,150,157,176,222,230,208,190,181,186,187,180,182,192,192,190,193,199,199,192,183,189,189,193,183,165,134,151,141,125,141,119,112,104,118,130,104,111,108,90,105,113,110,101,103,111,115,116,101,102,110,100,99,106,99,114,121,105,98,117,142,108,98,120,104,78,71,91,99,94,116,119,125,128,134,129,115,121,140,144,153,153,153,151,160,170,169,179,186,191,192,201,199,191,184,182,174,169,169,156,159,160,159,170,175,166,164,166,162,161,152,151,147,146,148,157,166,172,178,197,215,220,235,237,221
10,255,188,192,197,200,195,197,206,216,215,197,180,179,191,214,202,191,183,189,218,243,253,237,224,229,231,207,203,211,206,199,191,180,183,198,207,203,182,170,165,169,184,199,198,192,175,169,159,147,141,146,154,174,221,239,211,191,188,184,185,182,186,197,196,194,199,199,181,178,191,201,189,176,161,156,141,148,130,118,139,109,110,106,120,124,100,108,102,97,103,118,111,109,102,91,108,122,118,103,117,114,101,90,117,120,99,90,84,90,105,101,73,99,103,91,86,96,93,93,112,118,114,109,119,133,124,129,132,142,142,144,154,164,163,167,175,173,180,183,185,184,188,191,191,183,184,179,172,167,157,155,159,172,173,171,177,168,161,158,157,156,154,153,154,145,140,147,164,183,192,200,218,211,213
11,255,188,191,194,193,189,195,204,202,188,178,177,179,189,202,197,186,182,173,191,218,237,229,222,225,219,201,196,196,195,203,196,182,186,193,189,183,172,168,164,167,183,195,199,193,182,170,165,155,141,144,150,171,214,237,207,192,186,187,185,181,188,199,198,196,192,182,177,184,195,175,161,152,163,158,133,129,127,111,130,108,120,108,108,122,105,98,92,102,99,116,124,107,108,97,86,92,122,123,114,124,119,92,125,99,103,109,95,85,94,94,58,75,94,91,85,87,91,92,99,123,117,108,113,109,116,128,133,142,152,154,155,162,178,183,186,185,189,190,189,191,187,182,179,180,170,167,169,165,161,163,167,155,153,161,160,154,155,159,165,163,161,150,139,133,133,137,148,162,180,187,192,201,214
12,251,177,194,187,185,185,193,201,191,179,181,178,185,188,200,199,189,176,175,180,197,216,224,221,216,208,200,201,191,191,199,201,163,166,177,168,168,169,170,169,168,182,194,194,184,182,180,178,166,149,146,150,163,205,222,200,185,183,187,186,179,186,191,196,193,177,173,195,201,187,171,153,137,162,138,133,104,115,106,124,105,128,109,113,115,103,97,85,109,100,110,111,110,113,109,97,100,106,124,117,121,111,70,116,95,95,93,92,91,83,70,67,80,96,108,97,85,109,118,118,120,123,128,117,127,129,120,141,149,154,152,168,171,169,179,178,179,186,187,183,184,180,190,180,175,180,162,167,160,155,138,142,138,140,156,151,151,155,159,157,144,149,152,152,145,131,139,136,144,155,169,176,184,210
13,253,188,201,196,197,200,205,205,197,185,187,186,182,189,200,199,191,183,188,175,178,195,208,212,210,205,203,204,194,186,204,203,155,168,178,162,163,167,176,178,182,192,198,195,190,191,184,183,171,155,149,152,163,204,216,191,171,160,175,183,184,187,192,201,194,173,192,192,185,180,108,91,135,148,136,118,96,125,112,109,103,124,115,112,111,114,96,89,106,100,109,110,111,106,115,104,104,107,108,113,112,125,83,87,93,80,88,82,91,69,48,76,96,93,102,90,93,115,117,103,131,138,128,127,142,128,132,136,138,149,157,174,176,180,177,186,183,187,189,190,180,188,181,173,185,172,170,154,145,148,146,143,161,150,149,140,139,142,141,150,155,167,163,152,150,146,142,143,141,147,156,161,172,184
14,254,204,212,211,215,217,219,212,202,186,183,177,176,190,203,204,203,204,214,187,177,184,198,208,213,209,204,204,200,186,209,205,155,178,189,168,164,169,186,188,186,194,202,206,214,212,185,177,172,170,163,156,168,216,226,197,169,165,186,188,188,187,193,204,193,191,206,193,186,146,113,132,155,141,139,107,111,130,112,123,104,119,119,112,97,104,100,92,101,100,106,109,108,109,110,112,99,103,113,108,118,129,99,87,88,85,80,73,74,58,68,91,109,96,89,94,103,115,115,111,117,134,126,135,125,132,138,132,140,161,168,169,166,171,182,184,192,188,185,183,190,182,188,178,182,176,165,153,146,142,148,148,148,146,136,136,134,140,141,155,160,161,152,143,130,122,134,136,136,137,143,149,164,182
15,253,216,219,221,225,224,224,217,205,187,183,174,183,199,205,203,205,216,224,201,196,192,199,209,214,212,209,208,203,192,208,205,160,184,195,183,180,182,198,194,196,203,215,224,233,229,187,174,177,180,173,169,176,209,211,198,185,187,200,196,195,191,197,203,209,209,195,174,167,126,150,157,164,137,131,115,118,139,115,116,109,118,115,112,101,108,99,94,97,99,104,107,108,111,107,106,105,103,118,108,120,99,84,80,72,73,77,71,65,52,75,97,95,84,101,115,111,121,118,126,122,131,129,127,130,131,136,141,156,167,171,173,163,171,179,181,181,190,198,199,190,185,188,181,177,178,163,155,143,135,128,120,136,147,148,140,135,146,147,141,143,145,146,144,139,137,130,112,119,122,134,143,150,162
16,249,218,224,221,225,225,222,212,196,191,183,179,186,206,201,197,195,209,214,205,204,208,206,212,213,215,214,215,209,196,209,194,161,200,208,203,200,201,212,208,204,215,225,236,242,233,194,177,176,180,175,185,195,201,194,195,189,192,207,202,199,198,209,224,191,190,189,172,145,151,155,168,149,136,126,119,127,134,99,115,104,109,121,119,106,104,106,107,98,99,105,111,105,111,108,109,108,98,120,111,104,82,56,77,75,70,57,48,53,69,88,105,91,88,100,109,109,120,131,137,125,129,144,135,132,133,145,160,163,164,172,174,174,186,184,184,188,182,189,186,188,191,190,186,171,174,162,162,140,126,137,147,136,156,142,136,132,134,141,136,145,138,141,142,142,145,131,144,132,141,130,128,131,146
17,254,214,216,218,228,227,222,215,204,194,183,180,196,207,187,176,171,178,188,191,204,215,215,216,214,215,219,223,219,197,196,182,176,212,221,209,206,209,219,217,216,228,236,242,249,250,234,214,192,190,186,202,211,205,193,193,188,193,209,206,194,201,217,207,195,182,189,150,150,152,156,156,141,128,119,121,119,127,100,106,89,103,113,111,118,104,106,106,100,101,97,102,116,107,103,110,112,110,108,115,112,78,52,57,54,48,45,66,82,88,97,107,98,100,104,118,119,118,133,139,135,141,143,151,145,154,158,170,175,184,175,168,178,188,189,195,186,188,196,191,191,185,186,192,189,175,168,155,148,141,123,121,136,150,152,147,142,137,135,134,133,132,129,142,145,134,134,121,128,145,139,130,127,143
18,250,207,209,219,230,228,225,224,218,204,187,180,189,186,166,156,149,150,163,170,185,204,210,208,201,206,225,241,241,211,193,180,184,220,225,208,202,208,220,224,238,247,252,252,254,252,255,249,230,217,204,211,216,198,180,178,182,189,200,197,201,214,216,204,179,178,175,143,156,148,149,141,128,123,114,125,125,128,111,100,100,93,115,116,117,114,105,102,111,102,106,101,106,113,112,101,109,108,110,121,99,70,70,75,72,75,87,93,89,91,102,111,97,105,105,121,120,120,141,145,139,135,139,147,143,156,179,210,219,194,164,169,178,182,181,189,197,187,191,188,193,188,183,182,198,196,184,169,158,145,138,131,133,148,132,122,117,117,124,131,142,134,136,146,152,160,135,144,150,148,120,124,122,131
19,255,216,218,219,230,227,228,234,229,216,196,182,177,162,167,168,155,154,162,157,160,184,196,196,190,195,226,249,252,223,195,181,196,236,230,219,217,223,228,232,251,255,254,254,252,253,253,254,246,238,225,222,213,193,176,171,177,188,202,203,224,220,187,176,160,167,164,155,152,147,130,140,120,125,116,131,133,125,110,87,108,101,109,116,115,106,110,100,105,104,105,109,108,102,105,105,103,107,111,120,91,69,79,86,94,101,96,102,106,100,107,110,100,108,115,128,124,121,136,150,149,145,154,158,166,171,177,173,171,168,165,179,182,191,192,200,205,197,206,206,205,202,198,195,195,196,195,184,169,146,134,132,118,125,130,132,101,107,127,126,135,141,151,145,134,152,160,171,145,136,112,106,108,116
20,246,237,226,229,219,224,224,231,224,215,206,182,162,154,185,190,161,154,155,150,144,159,176,183,183,188,209,236,239,221,201,185,207,241,243,227,233,238,243,244,244,252,251,253,253,253,253,253,249,238,239,237,212,188,179,171,172,194,212,219,219,187,191,179,155,170,156,163,142,138,118,135,104,125,115,136,131,110,103,84,99,128,119,127,105,114,118,118,111,106,103,112,110,104,106,107,100,114,104,129,89,78,87,103,109,106,104,110,103,106,108,111,110,114,137,134,114,137,132,140,134,138,154,157,157,157,154,161,155,165,176,190,196,209,212,219,213,216,213,217,219,208,208,204,206,199,202,197,182,165,118,129,127,138,130,127,109,109,132,121,112,131,150,128,125,134,141,144,151,140,134,117,117,118
21,255,240,228,221,213,214,221,226,213,213,204,181,176,167,191,192,158,147,146,143,140,145,156,167,175,178,196,217,224,211,197,179,195,241,237,226,239,242,244,244,241,248,252,254,255,255,255,255,250,239,237,233,207,182,175,166,166,202,219,218,200,194,184,164,165,157,145,140,133,135,124,140,112,112,124,135,137,106,102,105,103,93,118,116,108,78,83,100,111,109,112,113,116,110,104,113,108,113,107,119,92,85,98,103,113,110,108,112,109,109,110,112,113,108,120,122,128,136,137,133,142,153,158,147,156,157,168,167,168,186,191,203,206,210,221,215,221,222,224,222,217,218,223,215,209,200,192,195,184,179,139,123,120,125,132,117,120,121,120,121,110,137,137,134,136,141,149,146,133,130,133,124,115,104
22,253,219,214,211,204,206,216,215,208,199,193,190,199,177,179,169,147,139,142,146,145,138,139,153,164,164,190,215,218,206,201,182,188,215,225,223,237,237,237,238,241,245,252,254,249,247,247,249,251,240,221,208,178,170,170,160,167,210,215,210,209,185,175,170,156,137,135,127,136,132,117,125,115,115,119,133,125,125,119,131,157,161,141,118,104,77,56,63,84,101,99,109,112,108,97,112,114,112,111,108,101,91,102,110,117,117,115,113,107,112,117,117,117,120,129,125,140,135,135,142,154,161,164,161,150,158,165,174,181,184,201,204,213,218,215,215,213,214,219,212,209,223,218,223,225,225,208,199,204,191,161,138,125,122,144,136,111,106,112,108,119,125,128,131,139,148,134,130,129,136,103,123,128,124
23,251,213,220,212,206,215,216,212,207,189,199,205,198,172,167,166,145,141,148,150,147,134,129,140,154,148,180,216,215,201,199,182,181,213,228,227,238,237,238,241,246,247,254,253,246,242,241,245,247,228,185,162,170,166,158,165,189,220,208,211,185,175,170,162,135,127,131,131,137,126,111,119,121,121,117,124,148,116,117,144,198,180,175,164,142,110,83,91,95,102,104,106,108,109,103,112,114,112,114,105,104,101,102,114,119,120,119,112,107,117,120,109,118,123,130,119,125,136,149,160,161,152,145,146,156,157,165,176,196,201,208,213,209,212,211,209,209,215,213,211,206,212,211,212,219,225,224,213,208,193,162,133,125,130,136,139,120,110,123,122,121,121,127,135,146,147,147,143,150,133,124,127,128,126
24,250,234,233,229,215,235,239,233,219,207,231,225,203,171,164,165,147,146,151,152,142,126,124,134,142,141,164,215,215,195,196,174,179,227,235,237,243,247,250,250,248,251,251,249,250,245,244,250,239,190,130,154,165,153,141,165,213,217,195,200,178,155,146,149,116,131,137,136,135,129,117,121,116,118,125,129,119,138,151,125,124,162,159,126,102,89,85,72,100,98,101,113,106,115,106,115,115,113,110,109,95,112,100,119,111,118,118,114,113,116,125,110,110,131,135,124,129,145,155,149,159,166,153,160,162,179,184,193,198,202,212,210,206,200,200,202,197,208,207,211,202,194,195,202,212,216,225,228,219,208,171,145,136,134,128,130,122,107,105,112,116,134,149,151,142,138,137,139,145,147,145,142,124,120
25,255,243,242,233,222,243,250,247,240,229,249,242,215,182,167,172,162,155,151,147,137,123,119,123,132,129,150,208,230,216,212,196,211,246,249,247,248,250,253,253,251,252,252,250,245,245,247,247,221,144,121,133,136,137,143,204,213,219,190,175,163,140,152,127,132,131,136,128,130,125,119,121,121,111,132,138,108,149,172,126,175,163,141,138,133,93,75,63,101,115,107,105,114,121,105,112,110,123,121,113,110,111,104,113,115,127,123,105,111,118,119,116,121,130,123,124,134,145,161,162,166,157,160,167,172,185,201,204,201,201,204,201,192,193,196,191,196,191,197,197,193,196,197,198,201,205,216,220,226,209,193,159,146,118,151,144,127,113,104,92,98,111,129,126,131,139,140,136,139,142,138,132,140,142
26,255,248,246,233,218,239,247,245,237,228,243,235,217,180,159,176,175,163,153,146,131,122,118,117,126,122,136,192,228,233,230,229,232,248,244,242,242,242,244,245,243,242,241,241,239,243,245,240,190,119,106,98,108,127,194,214,209,181,175,168,137,144,128,126,131,127,135,132,128,126,126,124,120,121,134,129,96,125,102,105,136,105,125,116,106,99,117,72,96,115,112,119,96,110,102,115,115,109,103,111,112,120,102,109,119,123,126,111,113,117,118,115,124,128,118,131,139,163,149,151,163,166,163,165,170,186,197,205,203,194,190,195,189,193,184,195,194,186,183,193,196,197,202,205,203,205,212,212,220,219,220,184,162,159,140,147,138,106,101,107,105,104,101,111,116,127,139,146,132,131,140,151,135,124
27,254,242,238,226,209,229,232,226,220,214,227,221,213,192,165,170,171,161,155,153,143,133,122,110,115,116,119,159,212,232,229,241,242,243,239,240,239,237,238,240,241,238,237,237,238,238,239,232,176,116,100,90,100,175,221,212,181,169,168,152,132,141,132,137,129,134,128,127,133,134,133,129,141,126,125,129,115,109,137,132,166,138,120,113,110,102,98,59,96,119,119,111,108,115,114,120,127,127,117,106,105,108,101,116,119,120,126,113,113,119,118,112,120,126,123,131,146,157,146,165,167,165,163,178,184,192,199,199,200,200,192,192,190,187,176,177,188,189,191,194,197,203,206,206,210,204,201,195,208,218,224,218,200,173,156,155,131,122,113,123,125,105,98,112,122,117,116,119,133,143,143,136,139,133
28,254,231,227,220,201,216,212,205,201,207,215,217,207,199,183,166,159,159,155,163,147,140,119,107,108,110,113,128,195,221,229,234,238,240,232,231,232,235,238,237,239,236,235,235,228,229,232,228,163,117,93,94,132,218,195,186,168,169,156,162,129,135,144,139,132,131,132,127,141,142,131,145,129,127,127,126,131,115,132,132,136,132,103,102,108,82,60,69,101,106,116,115,106,116,121,131,128,118,103,112,110,97,109,111,109,118,119,115,109,119,115,112,114,126,123,136,142,154,149,163,162,171,187,191,194,201,195,194,186,183,183,179,169,157,160,171,180,175,190,191,195,199,195,200,187,197,208,212,208,208,215,228,222,207,187,154,124,130,93,114,115,115,96,112,104,110,109,126,125,126,139,133,137,130
29,255,229,228,221,211,217,199,199,211,220,228,225,216,208,189,162,151,152,152,156,148,126,113,97,112,117,108,106,178,218,228,227,233,235,228,228,227,230,232,230,228,227,227,230,230,230,229,223,179,110,90,119,211,210,191,162,157,156,157,160,132,136,138,142,140,141,134,145,140,148,144,135,148,149,143,133,125,106,115,93,109,119,120,83,57,77,105,80,107,116,110,108,113,131,121,114,111,103,89,98,110,94,105,112,112,124,119,115,112,119,115,112,119,126,125,129,147,149,147,167,156,172,192,198,202,188,189,187,183,173,172,184,165,160,170,183,177,175,181,188,191,190,190,193,197,201,201,215,218,211,211,220,220,220,212,186,145,126,91,100,102,94,106,105,117,121,127,123,122,130,127,132,125,118
30,254,224,227,220,218,215,194,200,223,230,235,232,224,217,203,170,149,148,149,150,140,104,91,100,127,131,107,89,141,195,216,217,223,227,221,222,227,229,230,228,223,222,224,230,231,229,226,218,175,117,95,169,199,193,185,162,171,153,146,134,125,137,142,149,148,152,154,148,150,148,147,145,137,140,135,124,117,101,126,132,111,91,68,68,102,104,67,77,116,109,113,109,120,132,117,119,113,106,102,108,110,97,103,112,109,126,122,119,117,118,112,111,114,122,126,126,144,141,156,162,174,193,205,202,198,195,182,177,169,165,174,165,168,176,154,174,184,176,180,175,184,195,183,191,207,191,195,198,201,209,211,214,214,224,222,205,167,151,111,114,119,125,125,116,128,111,95,94,109,125,116,128,120,98
31,251,217,224,217,214,209,206,214,225,226,229,230,224,220,217,191,168,157,155,156,163,134,92,111,130,128,96,79,107,154,195,207,215,220,216,218,220,223,222,220,218,215,216,224,228,227,224,217,166,114,146,209,185,186,184,170,161,145,140,138,143,139,140,140,135,136,137,143,136,130,132,126,133,130,123,122,111,97,93,87,89,78,81,90,91,74,52,88,117,114,116,106,107,128,131,131,130,120,115,116,112,107,102,110,112,125,122,113,119,115,107,108,110,122,118,122,134,136,148,171,192,207,208,196,198,190,181,179,185,174,165,159,172,183,167,197,184,181,168,173,169,174,175,182,202,198,200,194,204,210,211,215,208,221,224,218,207,181,144,125,135,129,123,135,116,109,110,112,107,115,122,120,102,104
32,253,207,224,210,211,207,213,223,222,221,220,220,219,225,223,212,192,181,179,171,191,165,122,125,127,116,82,81,91,134,193,219,211,217,214,215,220,221,221,220,219,215,216,222,222,221,232,224,181,140,198,187,190,174,164,151,146,143,145,150,138,137,134,129,142,137,124,127,118,107,114,120,121,120,119,118,115,114,94,94,91,93,125,117,73,77,67,107,112,122,119,112,115,113,128,129,134,123,124,125,109,109,106,111,116,116,123,111,116,116,108,111,109,120,109,116,123,135,144,179,196,203,204,201,190,189,189,180,182,173,173,159,161,167,168,166,141,169,151,184,187,181,176,189,189,180,194,207,198,199,194,204,211,215,224,222,219,192,155,155,116,97,84,110,119,127,126,121,122,128,141,128,124,117
33,247,210,221,211,212,209,216,225,222,218,217,220,230,232,230,226,223,217,199,184,210,190,140,136,144,132,87,75,87,140,211,232,225,223,222,226,231,232,232,231,240,235,231,232,233,233,242,235,207,184,222,208,184,156,155,165,155,152,134,147,157,138,143,146,136,128,131,130,122,128,128,125,117,124,126,121,135,128,121,98,76,90,91,81,77,62,55,110,119,123,110,113,125,124,135,135,125,125,128,126,114,106,102,110,117,120,123,109,113,114,107,109,98,112,107,104,117,135,162,189,200,201,187,190,191,194,192,175,170,170,165,159,162,171,171,158,140,140,146,154,165,161,170,158,167,188,185,196,207,203,187,206,205,209,217,218,219,230,207,157,127,96,103,113,104,102,105,114,130,135,146,130,122,123
34,252,232,232,229,230,228,234,240,241,236,234,238,236,230,230,236,240,242,216,200,230,218,164,144,183,191,117,79,92,161,234,246,242,235,235,241,245,246,246,245,246,243,242,243,246,246,252,247,228,213,214,189,174,167,163,141,135,155,139,141,136,121,134,127,116,126,124,119,127,127,130,142,142,133,126,126,120,119,117,111,105,84,71,67,60,66,78,114,125,129,109,114,118,131,137,123,129,121,121,124,119,103,101,111,122,124,122,108,115,115,104,102,100,101,102,106,122,137,182,206,201,192,188,184,192,191,192,183,171,170,182,177,178,171,155,151,157,170,166,184,173,163,163,169,184,176,188,202,197,189,191,199,194,198,203,207,211,224,219,204,179,152,140,111,114,110,81,97,110,118,119,129,108,109
35,255,249,241,244,247,245,247,248,248,246,246,246,246,234,230,243,246,247,226,205,236,239,192,168,218,230,171,99,107,188,244,248,251,244,247,251,252,253,253,252,250,249,249,250,252,252,253,251,236,196,177,174,165,157,160,157,150,134,126,149,129,112,125,126,137,135,129,126,127,120,131,133,125,130,124,111,101,102,99,101,103,98,93,77,77,76,90,112,121,135,125,114,112,130,136,127,118,123,125,112,121,105,106,114,127,124,118,110,114,117,106,104,95,89,94,108,110,136,191,205,199,192,189,183,188,191,197,189,198,201,198,177,174,186,163,165,163,171,161,175,181,194,181,171,177,165,179,178,187,184,190,193,193,198,200,208,204,217,218,224,195,167,130,117,108,111,86,95,98,118,117,114,102,100
36,255,249,251,252,250,247,247,250,251,251,251,251,248,238,235,245,248,251,235,212,238,245,214,195,231,241,208,138,130,195,242,246,247,244,245,251,250,253,253,251,250,248,250,249,249,251,253,248,214,160,184,165,148,143,152,141,136,163,144,139,135,137,153,159,138,138,134,137,115,127,130,115,113,112,105,107,101,102,108,105,96,103,104,82,82,92,106,106,115,133,130,110,105,127,129,128,126,117,111,112,120,105,102,114,126,118,120,113,107,113,109,112,88,90,84,97,106,146,197,190,185,189,186,189,188,195,193,194,190,191,191,192,176,170,169,174,175,178,169,166,185,178,152,157,159,151,184,170,171,182,196,200,192,191,206,199,204,213,209,218,219,190,160,142,108,103,105,119,104,120,124,117,113,114
37,255,248,249,251,248,246,246,248,250,250,250,250,247,242,240,245,247,250,239,222,234,238,227,216,230,237,221,181,178,209,231,238,242,242,243,245,247,249,247,244,245,245,249,250,247,247,244,227,188,173,177,147,139,148,135,139,148,147,133,141,142,159,145,132,134,126,129,128,140,138,129,124,110,102,115,118,115,115,116,101,96,97,95,107,104,97,96,99,124,130,137,113,117,122,131,140,125,119,118,104,118,108,97,117,127,114,116,116,105,106,100,100,88,88,82,85,99,155,197,201,189,190,185,183,194,190,185,196,190,186,192,180,192,186,188,177,178,167,165,159,166,160,152,168,155,171,163,170,173,188,191,207,198,193,201,197,193,204,209,214,220,227,195,141,128,117,98,90,118,118,128,117,113,117
38,255,245,245,248,246,244,244,246,247,247,247,247,247,245,245,244,245,248,243,237,238,239,238,233,234,233,228,218,219,230,237,236,239,240,241,241,243,244,242,238,235,235,241,243,241,244,242,216,208,187,159,148,144,137,146,148,143,145,144,148,153,133,129,133,135,138,143,131,132,124,119,118,119,114,113,115,113,106,112,116,105,107,109,100,106,105,102,103,115,126,136,137,139,133,130,117,118,112,103,106,116,110,97,121,127,115,114,117,109,100,93,92,92,80,75,90,113,162,195,191,184,187,186,181,181,187,189,177,175,184,185,191,192,198,183,178,186,170,172,162,151,152,155,159,162,168,158,175,180,179,191,194,189,195,201,202,204,212,216,216,214,216,214,187,155,129,112,108,108,117,111,122,114,114
39,254,244,242,246,244,242,242,244,245,245,245,245,247,244,243,243,244,244,243,244,243,244,240,241,243,241,239,239,242,244,245,242,244,240,240,243,240,242,242,240,240,240,245,246,245,242,230,192,176,159,151,146,145,142,142,141,135,141,141,146,130,132,133,125,124,136,132,130,125,119,123,135,141,135,128,121,111,115,121,113,116,112,111,112,106,110,107,108,108,117,117,102,105,106,115,120,107,102,98,111,118,111,103,124,125,123,119,116,110,94,86,82,76,85,76,91,123,162,189,183,186,187,187,178,178,176,175,184,186,187,185,193,181,183,167,169,167,176,179,160,160,159,171,166,158,175,172,165,178,177,183,179,178,196,197,196,204,213,211,216,216,222,225,218,191,143,120,116,106,110,112,120,129,131
40,255,244,244,249,246,246,246,246,244,244,245,246,244,243,244,247,246,243,243,245,245,244,245,248,247,244,244,247,248,247,246,246,246,245,240,247,245,244,245,248,246,248,250,252,248,245,206,189,170,141,155,158,145,148,133,122,132,146,137,129,136,146,129,136,133,122,118,121,129,132,126,116,111,120,121,119,105,97,111,112,112,107,109,115,111,111,113,107,108,106,104,112,108,102,118,113,112,106,107,121,118,111,109,128,117,125,114,112,105,89,92,85,94,86,90,113,124,164,185,185,180,196,190,194,187,181,180,178,184,178,192,202,189,177,166,174,179,180,179,170,174,164,169,177,170,163,185,184,171,173,170,185,193,189,200,205,206,203,207,213,214,214,220,219,215,179,153,141,130,123,132,117,115,122
41,255,245,244,249,247,247,247,247,246,246,247,248,246,244,244,247,247,246,246,247,247,245,246,248,247,245,245,247,250,249,248,248,248,246,242,245,249,247,247,248,248,248,247,246,251,245,187,189,165,133,144,142,146,134,140,146,138,130,134,139,153,140,138,126,117,110,122,127,119,121,123,124,119,115,107,119,121,111,105,108,96,108,112,106,110,116,121,114,114,110,105,109,107,103,123,116,123,117,121,130,119,111,115,127,115,108,91,104,104,97,95,98,103,92,109,108,119,141,176,184,184,191,187,186,192,190,200,198,191,191,188,178,181,182,198,183,190,180,194,198,177,159,172,166,171,172,178,182,178,166,173,173,182,191,192,204,205,203,202,208,216,215,215,217,223,203,162,127,126,101,103,125,120,111
42,255,245,243,247,247,247,247,247,247,248,249,249,247,244,243,244,245,247,248,248,248,245,245,247,245,243,243,245,249,248,247,247,248,244,243,243,248,247,246,245,242,243,245,246,242,231,173,162,151,155,152,143,147,142,129,127,134,138,147,147,128,128,124,136,135,136,129,125,139,138,129,118,121,119,118,103,105,112,110,112,123,111,103,105,106,108,114,115,114,111,112,112,120,106,117,118,124,105,113,127,115,114,122,130,100,95,89,94,98,97,86,93,114,114,120,112,141,157,186,181,204,199,194,188,181,183,189,187,194,191,190,185,185,190,198,194,192,195,176,163,171,177,177,176,168,167,178,170,178,165,181,169,191,191,183,203,209,206,202,211,197,211,216,216,223,225,197,122,117,106,94,111,122,127
43,254,242,240,243,245,245,245,245,246,247,248,248,246,242,239,239,242,245,247,246,247,244,243,244,242,239,239,242,243,243,242,241,243,240,243,241,239,242,242,241,240,241,242,243,240,192,175,156,137,144,141,143,127,125,131,146,139,135,143,132,155,148,141,137,138,128,139,147,140,120,112,123,123,123,120,124,116,116,114,115,111,113,114,112,112,115,121,120,118,115,116,112,121,116,116,119,127,107,120,126,116,121,116,122,93,79,85,96,93,95,86,93,107,121,133,132,131,152,182,199,202,195,186,184,163,172,168,174,174,188,191,186,188,198,186,192,188,181,186,187,188,194,177,184,187,171,172,164,175,161,166,171,182,178,180,185,198,211,202,202,207,206,209,211,218,225,231,195,132,111,101,106,109,125
44,254,242,239,242,241,240,241,245,242,243,245,246,243,240,236,233,234,239,245,248,241,244,239,240,238,238,239,240,236,239,239,236,236,238,239,241,232,239,237,240,232,242,241,241,228,173,183,136,140,138,138,130,120,134,137,139,140,143,146,145,129,131,138,136,125,135,140,136,120,141,137,138,135,128,128,127,119,115,121,114,112,109,100,113,116,114,118,118,115,116,121,117,120,120,121,122,123,110,130,129,114,118,119,121,96,95,97,83,88,98,86,108,117,123,122,111,131,153,178,205,188,172,165,165,157,167,142,162,162,160,148,174,171,173,175,197,199,203,190,191,203,179,196,193,179,181,177,170,175,161,168,160,172,171,170,173,172,178,201,211,203,202,206,209,219,226,234,224,196,151,100,100,94,118
45,253,241,238,241,238,238,239,244,242,241,241,240,238,236,233,232,234,237,239,240,239,241,234,233,236,239,241,238,237,236,236,237,238,238,240,241,240,232,238,239,238,243,242,242,210,157,133,126,145,136,126,116,124,124,134,134,132,136,135,140,145,139,136,130,136,136,127,133,133,122,126,134,142,138,137,137,131,114,111,105,109,114,110,115,121,121,123,117,115,117,115,116,121,120,115,123,119,118,131,125,115,108,109,113,106,96,100,98,98,107,96,117,121,131,121,117,130,150,173,198,181,167,155,150,149,144,136,174,171,170,175,162,163,156,169,171,182,191,196,198,196,187,189,190,193,182,176,180,188,180,168,178,169,174,169,177,174,181,195,203,213,209,204,217,213,217,224,234,223,157,118,96,92,112
46,253,241,238,241,238,237,237,241,242,240,236,234,234,234,234,234,235,234,233,233,237,239,231,230,235,240,242,237,237,234,234,237,239,240,240,241,240,238,232,236,238,238,242,244,213,173,134,137,129,122,117,119,126,136,128,123,125,128,128,135,128,133,144,155,141,140,123,125,131,121,132,148,153,152,137,140,127,132,124,119,106,106,106,114,118,123,130,122,128,124,115,118,117,119,116,130,119,122,134,119,117,110,114,106,103,113,115,98,99,103,117,130,126,129,118,131,142,142,167,195,165,144,143,150,141,152,151,164,173,180,171,166,171,164,161,162,163,172,189,192,205,200,197,201,207,195,204,189,179,178,176,170,167,171,166,176,184,187,198,181,188,204,217,212,208,215,213,221,230,230,167,129,98,99
47,255,243,240,243,242,239,238,239,241,239,236,234,234,235,237,239,238,235,234,234,236,239,233,234,237,239,240,239,237,238,238,237,241,241,241,241,241,238,233,232,238,237,237,230,178,139,138,141,122,115,109,119,125,121,106,99,93,92,101,101,110,128,127,114,123,119,115,119,119,120,132,146,155,136,117,142,131,121,109,103,110,110,112,115,117,121,126,121,123,116,119,124,122,122,123,129,124,128,123,119,112,102,114,106,109,109,111,108,110,127,124,124,125,133,134,151,152,140,167,181,151,126,140,148,154,154,148,144,166,179,168,135,147,166,170,171,167,170,167,157,170,183,213,212,203,201,202,188,197,186,191,182,176,172,177,179,176,174,189,198,201,200,209,208,204,205,212,213,223,233,205,138,108,113
48,255,243,239,242,244,241,239,239,238,236,236,239,236,239,242,241,238,239,240,241,241,240,240,239,241,241,241,242,240,242,242,239,239,241,243,243,243,242,241,240,232,244,235,234,143,134,162,133,115,110,114,126,113,80,67,85,93,97,94,74,72,91,111,118,112,136,124,120,133,130,133,142,94,89,93,134,129,120,115,114,109,114,120,121,114,120,121,128,119,111,112,118,122,117,123,125,130,132,110,122,103,100,108,109,109,120,103,108,127,126,117,122,127,139,132,147,133,141,173,177,131,127,138,152,152,151,145,145,137,162,147,149,149,148,157,176,163,150,137,159,151,172,188,192,187,208,196,194,186,183,162,188,176,173,183,187,178,178,191,199,153,184,196,199,201,212,210,223,210,220,224,207,158,126
49,255,244,239,241,244,242,241,241,239,237,237,239,243,243,244,246,244,245,245,246,245,244,243,243,242,241,239,238,241,242,240,236,239,242,244,243,244,243,243,242,239,243,239,213,148,143,147,127,110,106,112,109,74,90,131,130,125,148,145,126,94,83,82,92,104,113,112,130,130,117,123,125,90,78,81,88,121,119,106,107,103,109,116,119,119,122,129,123,123,124,114,126,134,119,126,126,131,130,112,119,111,106,109,109,112,113,111,123,135,131,134,134,144,124,111,115,129,136,170,169,134,119,146,147,160,149,148,144,129,148,158,143,144,152,155,153,134,162,155,158,155,158,164,174,181,186,206,196,189,178,192,183,176,189,172,178,177,190,190,176,173,188,190,192,201,216,216,213,212,221,218,233,198,129
50,255,245,240,240,244,244,243,242,241,238,237,239,241,239,239,242,241,240,240,240,241,240,238,237,241,239,237,236,241,241,238,234,238,243,246,243,243,243,243,243,245,243,240,184,152,148,136,125,99,109,100,86,69,125,121,115,117,132,126,127,110,112,103,86,79,101,122,121,118,107,115,116,102,117,109,109,112,113,95,103,98,102,110,115,124,118,115,125,114,113,113,128,136,114,119,113,132,124,114,115,113,111,113,117,110,117,124,128,127,135,138,144,146,121,114,138,130,131,151,169,135,121,135,149,158,154,140,152,127,135,121,129,140,143,147,135,147,143,146,144,151,161,145,169,163,160,164,196,204,193,190,197,167,176,173,188,192,183,179,174,176,184,181,183,194,195,205,209,198,218,225,230,212,183
51,255,246,241,239,240,242,242,240,243,239,238,239,241,242,242,241,239,239,238,237,242,240,238,236,238,237,237,237,237,239,238,234,238,244,247,243,239,240,241,242,244,245,237,163,156,145,134,115,100,101,93,74,99,115,109,105,101,110,103,100,95,108,117,114,96,83,82,91,92,104,112,121,131,116,96,122,108,102,90,104,98,100,106,112,117,121,121,119,124,117,111,132,133,117,114,109,132,119,117,110,116,115,113,118,115,125,124,125,131,140,144,134,119,121,120,133,118,121,151,164,134,124,120,148,154,153,135,141,124,139,128,120,122,132,150,138,142,147,143,132,153,168,164,166,160,166,165,179,183,200,204,200,193,191,183,183,186,189,193,189,184,198,186,185,190,197,201,202,211,212,219,225,235,214
52,255,241,243,243,233,236,240,244,238,243,239,238,239,242,239,241,238,243,243,238,242,243,243,242,238,236,241,239,237,238,240,242,243,246,248,246,241,240,239,239,236,242,226,160,146,131,134,107,95,94,93,65,78,85,88,102,100,107,87,89,93,100,97,103,102,106,90,90,104,115,117,113,113,103,100,107,102,85,93,100,99,99,109,111,121,111,115,118,110,108,119,135,126,129,111,111,121,119,111,110,117,114,112,115,116,122,127,126,140,141,141,118,94,105,120,106,77,111,155,153,140,123,113,132,145,150,142,135,133,127,122,122,112,125,140,142,123,127,139,141,143,149,171,150,161,155,138,159,158,173,189,210,204,197,185,194,190,174,183,172,174,199,186,192,192,193,188,186,194,212,207,214,220,233
53,253,238,242,244,237,238,239,241,240,244,240,238,239,241,239,240,240,242,243,243,245,244,242,242,240,240,243,239,239,240,242,243,244,245,246,245,242,241,240,240,243,237,218,160,144,137,124,94,93,95,89,55,64,89,110,106,100,92,87,83,83,85,84,83,92,95,91,90,94,105,102,102,94,87,86,80,78,87,95,92,103,106,109,103,110,122,118,120,114,116,121,138,129,115,117,118,118,114,113,114,115,113,116,116,121,119,121,126,149,139,136,124,109,110,95,84,104,130,150,151,141,127,117,124,128,135,142,127,123,108,128,113,106,108,115,134,130,114,115,133,137,133,148,163,158,164,152,151,162,154,180,176,195,206,215,195,199,187,194,186,189,197,183,195,196,198,211,206,203,200,208,210,213,225
54,252,236,240,244,240,239,238,238,242,243,243,240,240,240,240,240,242,243,245,247,248,247,244,238,238,243,244,241,243,243,244,244,245,244,243,242,243,243,242,241,238,239,208,148,136,134,110,90,95,90,77,56,71,120,103,105,100,95,84,81,85,77,68,54,60,61,71,78,81,90,102,95,93,90,93,89,98,104,109,113,116,106,102,110,116,121,119,102,105,115,144,154,138,123,109,114,136,112,112,117,117,110,119,118,110,122,128,129,148,140,128,115,113,107,78,84,106,119,137,129,137,129,124,117,126,128,128,129,123,99,107,107,100,98,90,100,108,119,113,110,118,134,133,134,133,140,153,165,157,152,152,161,176,186,206,216,220,192,199,214,184,180,198,203,191,195,193,197,214,210,200,202,201,210
55,254,235,237,241,240,239,239,238,240,241,247,245,243,240,243,242,244,247,248,245,247,252,248,235,231,242,244,244,246,246,246,245,246,243,240,240,245,244,243,243,241,235,181,144,120,112,93,93,95,89,75,66,119,109,105,102,97,93,96,88,80,76,72,61,45,40,45,61,82,87,90,94,95,93,96,119,139,140,145,136,128,118,104,103,116,119,120,118,121,146,165,168,134,124,133,165,135,120,124,116,123,106,118,118,113,114,127,145,145,144,134,128,119,90,61,82,74,72,113,130,128,122,127,117,115,120,121,118,120,107,97,97,94,92,85,79,84,86,97,104,94,89,106,117,124,130,128,135,156,157,155,146,152,169,172,178,195,203,199,191,199,189,178,156,190,198,195,195,180,197,200,206,207,211
56,252,239,236,240,239,242,245,244,242,243,245,248,242,245,246,245,242,250,247,246,244,251,246,234,228,236,246,244,243,248,245,247,245,245,238,241,243,246,247,246,236,235,168,131,121,108,96,91,94,81,67,106,121,106,102,99,86,90,91,87,85,85,70,68,52,40,42,45,75,76,91,90,86,95,132,133,102,98,82,115,141,110,102,99,123,116,117,138,145,150,150,137,103,97,111,120,89,107,169,145,123,111,123,127,115,120,128,150,141,153,139,138,95,59,51,112,90,84,83,102,123,124,117,119,112,110,125,118,106,104,101,89,90,90,85,75,70,72,73,85,90,71,70,104,86,105,105,120,114,131,150,162,143,145,144,164,183,188,206,217,203,204,189,173,180,198,198,208,204,195,195,214,201,210
57,255,243,241,244,242,244,246,246,248,247,246,245,246,248,249,248,246,251,248,244,244,242,242,241,233,236,244,244,245,249,244,246,246,246,242,243,249,251,249,245,246,224,145,132,121,109,101,95,92,85,90,108,96,100,89,83,78,79,85,88,83,77,64,58,54,38,31,27,43,65,90,87,94,138,121,109,107,90,115,120,101,109,107,96,118,109,138,158,143,131,93,95,77,90,81,68,115,102,121,128,125,120,111,115,112,115,123,145,153,148,141,90,83,57,91,88,88,87,105,85,113,114,107,116,115,102,106,110,107,102,98,93,85,83,88,89,90,78,77,81,84,88,77,63,83,78,89,84,104,108,118,143,158,143,146,153,155,167,167,191,210,212,201,188,187,192,197,187,203,186,203,182,205,212
58,255,247,247,249,249,248,249,250,249,249,250,251,251,250,250,251,251,250,247,239,230,223,226,232,235,237,244,244,249,251,244,243,247,247,249,248,248,251,254,253,249,217,139,142,131,117,111,101,84,78,99,104,81,95,82,73,82,91,81,83,87,74,64,57,47,32,84,102,94,71,82,92,135,128,121,167,111,94,142,86,62,101,100,92,113,138,119,109,108,84,85,88,91,57,61,73,87,88,127,104,119,127,110,110,113,119,128,149,150,145,140,85,92,80,83,68,84,94,80,69,111,115,102,99,110,109,104,104,107,101,96,97,88,85,82,75,72,73,74,63,65,65,78,80,74,75,75,71,80,101,102,108,135,148,151,169,157,161,168,174,181,201,210,208,189,204,185,194,193,198,199,213,201,207
59,255,249,250,252,253,251,251,253,253,253,252,252,253,250,250,251,252,247,244,234,222,216,221,220,232,238,247,246,251,253,243,241,248,248,254,251,248,251,254,253,249,206,135,143,149,131,122,105,91,87,101,86,86,79,73,64,86,89,88,65,81,69,60,57,52,119,145,130,135,112,83,93,153,146,130,140,86,90,87,89,84,90,120,101,123,130,74,114,92,106,115,91,75,104,116,68,67,78,110,91,103,125,108,107,102,117,128,146,144,139,139,118,107,98,83,92,88,79,61,81,89,102,96,96,110,96,96,101,105,103,96,97,93,87,85,81,78,71,67,69,70,70,72,69,70,81,76,70,71,76,81,89,100,128,136,154,159,152,163,156,172,174,185,194,208,214,194,210,210,202,205,221,219,212
60,254,248,246,254,246,250,249,253,251,255,253,252,251,252,246,249,248,249,240,233,227,227,228,219,223,236,252,250,252,250,244,246,247,251,254,254,251,255,254,255,237,191,135,134,148,142,134,117,98,96,101,72,71,69,74,94,80,75,87,60,68,62,51,46,101,157,146,155,150,122,103,105,159,100,103,61,90,95,78,65,69,91,80,102,162,161,111,99,78,91,95,74,58,86,95,73,84,89,93,80,75,130,108,90,100,108,128,138,137,125,132,115,68,61,82,97,70,60,72,62,69,97,100,94,98,90,93,93,102,100,98,94,94,96,75,82,74,75,78,69,63,58,62,64,60,60,79,87,72,71,71,81,70,84,111,123,136,151,147,161,157,161,178,188,194,212,216,212,202,198,204,223,211,201
61,255,249,247,254,251,251,248,249,250,253,250,247,250,249,246,248,251,249,238,227,228,233,235,225,221,234,249,248,249,249,245,245,250,251,253,252,250,254,253,252,225,175,126,129,154,143,143,117,110,104,85,61,57,77,83,77,67,66,64,65,65,48,46,39,121,169,159,158,117,127,98,109,111,122,90,122,117,85,63,137,105,103,92,109,118,118,133,163,181,150,144,131,110,97,106,148,131,136,98,69,65,77,91,91,86,101,119,129,143,132,125,124,107,110,102,79,74,64,86,61,79,91,97,101,82,79,74,82,99,106,94,94,95,93,96,77,71,61,66,68,66,65,65,61,59,68,63,74,77,80,80,73,69,66,82,98,102,116,129,130,144,167,177,174,172,174,202,211,218,203,209,196,199,206
62,254,243,244,249,239,239,240,241,245,249,245,243,247,244,245,247,246,243,239,232,224,232,232,223,221,230,243,243,245,245,242,242,245,247,250,253,253,254,254,247,202,167,141,136,141,145,137,115,104,88,58,54,61,82,78,90,81,90,97,87,65,42,45,37,111,141,145,136,129,123,97,104,123,125,108,94,81,63,75,106,80,110,104,140,136,126,133,153,156,133,124,140,108,125,111,102,88,62,72,122,113,107,104,100,86,91,111,134,132,136,122,123,118,112,99,88,82,72,85,74,80,105,103,92,82,64,74,64,77,97,105,90,94,86,95,98,76,64,59,51,63,58,57,53,63,69,69,65,68,69,73,73,72,69,68,71,82,89,103,128,117,125,135,172,175,182,188,198,211,216,210,205,205,198
63,255,241,243,247,240,236,238,237,238,243,242,241,245,241,244,245,244,242,243,237,230,234,229,226,223,230,238,236,242,238,234,240,245,244,244,246,243,241,241,230,187,156,141,132,121,132,125,98,91,60,54,74,92,103,93,88,87,96,100,95,84,72,69,62,109,142,135,123,106,101,100,88,111,122,88,108,69,63,131,106,109,97,106,120,97,104,131,132,140,123,114,129,125,130,96,113,110,79,73,130,145,129,111,85,84,84,106,129,130,136,131,133,117,115,102,97,96,93,96,92,83,99,100,94,80,69,59,66,63,77,96,99,91,93,87,91,89,76,66,54,50,57,64,61,55,59,72,70,60,67,64,74,76,79,74,74,70,74,72,98,115,122,135,130,151,167,174,183,187,192,205,214,202,194
64,254,246,247,252,248,245,242,243,242,243,245,247,243,246,250,250,247,246,245,245,243,243,239,232,225,230,237,240,242,238,233,239,245,242,238,241,239,234,233,219,171,155,136,118,119,127,119,80,65,55,81,113,106,102,87,94,92,90,80,86,74,65,74,61,104,142,117,132,107,111,98,91,114,78,56,80,58,58,103,91,97,76,160,158,105,69,114,113,128,113,119,112,116,122,103,126,117,49,32,83,128,136,105,76,76,69,89,122,129,139,134,143,121,111,111,113,113,97,89,85,78,88,100,91,76,67,61,57,65,70,85,99,97,87,80,84,92,85,71,59,55,46,46,66,69,55,67,57,57,67,63,68,62,76,67,80,66,77,66,76,81,82,108,131,124,126,126,159,179,201,190,198,215,217
65,254,245,247,254,251,248,246,245,245,246,248,249,246,249,252,252,252,252,252,253,247,242,237,236,240,243,247,248,252,249,240,240,249,247,241,243,246,243,236,217,164,149,127,113,112,123,115,89,80,96,113,106,107,101,104,103,103,108,112,86,70,76,69,47,77,122,99,100,85,75,76,84,111,127,109,83,54,40,102,96,79,76,139,142,106,141,137,97,89,95,96,111,106,97,84,78,60,50,89,55,49,67,47,69,81,78,89,105,123,128,131,130,121,99,98,109,105,86,91,86,85,94,88,86,84,78,67,56,58,79,83,91,94,92,75,79,81,85,81,74,54,51,58,43,62,73,58,60,61,62,62,63,75,60,76,68,67,76,70,73,72,85,76,94,114,124,125,104,113,146,186,194,194,207
66,255,244,245,253,253,252,249,247,249,249,250,250,249,252,254,253,250,250,250,250,245,239,238,246,252,252,253,254,253,252,247,248,253,250,245,247,252,248,242,190,156,143,131,120,106,112,113,138,128,124,122,123,119,124,115,110,117,111,100,91,94,82,67,66,92,134,138,119,116,88,92,88,79,132,92,61,64,91,94,109,75,79,159,125,141,124,126,127,117,76,89,109,77,137,85,66,80,57,79,85,61,45,46,82,87,93,91,104,110,116,130,121,116,74,80,89,97,90,76,76,92,87,93,91,79,82,69,58,52,64,89,90,86,84,85,76,81,84,81,74,71,56,52,58,62,61,67,59,53,60,59,61,66,71,64,68,68,73,74,66,66,77,73,82,96,99,112,122,128,118,141,171,182,193
67,255,242,240,248,253,253,251,247,249,249,249,249,250,252,253,252,252,251,248,247,247,241,240,248,248,247,248,251,250,248,244,248,252,250,247,251,252,250,215,171,152,133,132,116,101,103,97,145,154,149,136,124,122,136,130,134,128,123,113,104,107,79,84,90,86,100,106,71,78,71,62,83,57,86,106,124,82,106,83,75,54,81,166,128,123,89,95,112,89,78,83,66,48,72,60,107,112,77,56,77,104,61,65,129,125,131,109,91,90,109,125,124,98,63,75,87,96,85,67,72,91,97,105,97,84,87,71,63,55,57,81,85,85,75,81,78,71,75,78,80,70,70,58,60,60,60,58,57,54,58,56,61,57,64,63,64,66,68,75,57,65,62,68,72,68,90,97,105,121,134,125,136,155,174
68,254,240,239,244,244,248,249,245,242,247,245,248,246,250,254,253,250,252,251,247,245,245,239,242,243,245,248,250,248,245,242,248,251,252,252,253,249,249,191,169,147,127,124,111,102,98,89,123,151,139,144,130,135,143,142,138,127,123,112,125,106,87,85,98,103,87,94,91,79,57,56,56,40,45,79,134,95,75,86,52,43,121,155,110,125,111,124,95,78,69,61,70,77,103,106,113,100,82,61,67,105,137,121,99,105,105,86,85,73,101,123,119,90,58,51,61,72,62,58,71,78,107,116,97,97,81,75,62,60,54,83,86,86,69,67,73,57,79,67,75,71,70,64,66,61,58,57,56,63,51,53,61,54,50,66,63,67,64,77,57,63,62,65,73,62,73,88,85,86,115,122,129,132,137
69,255,240,240,245,242,246,248,245,245,249,247,248,247,247,250,246,246,245,245,247,245,243,237,239,241,242,243,244,247,244,239,244,249,249,248,248,249,234,171,161,135,128,121,110,103,92,95,128,162,146,146,135,132,138,136,131,133,128,122,118,113,100,93,97,99,101,93,86,68,57,64,55,53,56,63,75,63,50,55,44,55,131,149,108,118,95,83,87,83,96,91,107,121,139,128,126,97,94,62,81,100,95,104,121,123,75,56,59,90,82,109,112,112,84,59,86,74,60,53,68,85,115,111,97,87,75,73,62,59,53,80,83,88,73,75,71,63,66,75,72,70,69,61,70,60,57,58,61,54,53,40,55,60,47,65,57,67,57,64,65,62,57,69,65,60,55,66,83,82,87,86,109,117,121
70,254,236,240,245,241,244,245,241,236,238,240,237,237,236,246,244,240,239,239,243,244,239,238,238,246,246,246,247,248,245,240,242,249,247,245,244,248,221,166,155,132,122,111,113,109,99,111,141,160,145,142,134,133,140,142,137,129,130,130,137,117,116,110,109,110,108,94,90,105,92,74,75,69,68,69,68,68,62,52,57,47,120,137,113,93,71,63,49,55,57,72,126,145,93,110,150,117,82,66,68,88,124,92,125,102,81,103,88,89,81,82,98,109,114,85,56,62,66,61,63,92,113,116,98,91,78,78,61,59,52,79,82,90,76,81,70,71,66,71,75,65,68,61,69,62,56,59,65,60,49,49,48,51,54,51,60,63,59,55,62,63,60,61,66,55,61,71,61,76,72,88,74,88,115
71,252,231,239,243,243,245,242,236,229,231,239,236,233,229,241,239,238,239,238,237,243,238,240,240,243,244,246,248,249,249,247,249,253,251,247,245,244,197,158,149,135,120,109,110,110,110,121,146,154,148,148,141,139,142,142,134,138,137,138,135,122,124,115,111,118,114,104,102,118,115,107,99,77,71,75,80,73,71,57,59,57,105,112,90,64,44,76,83,86,79,89,95,90,100,121,116,105,77,59,74,127,119,126,130,132,96,83,59,65,55,70,105,100,107,100,69,72,57,54,74,94,112,115,94,86,75,80,61,58,53,83,87,91,78,78,72,64,67,78,83,60,67,68,61,67,56,58,67,52,44,48,53,50,51,50,52,61,59,56,59,63,58,60,61,57,56,59,68,75,68,75,72,69,84
72,250,216,235,240,242,244,244,239,235,239,244,245,242,241,239,239,240,244,244,238,237,242,246,243,235,244,244,245,251,252,249,250,253,251,246,246,225,181,155,147,124,122,116,109,119,119,130,151,157,155,149,146,140,135,141,139,132,139,148,138,125,130,125,119,117,117,116,116,92,66,97,98,84,75,77,76,74,67,70,63,78,106,127,125,98,62,109,106,97,79,94,122,98,95,96,116,81,77,65,131,129,126,116,113,118,92,73,67,68,60,49,87,102,106,106,102,89,91,115,97,95,116,105,96,76,81,73,67,51,64,85,90,87,79,80,79,73,69,76,81,61,65,75,65,60,57,57,63,47,44,47,51,46,51,53,58,57,55,53,64,67,61,55,56,50,59,57,63,69,74,76,66,63,68
73,246,217,234,243,250,253,252,248,246,249,252,253,249,247,245,243,249,250,247,240,244,245,247,242,236,243,245,246,251,252,249,250,250,250,247,246,205,169,148,140,121,120,117,119,130,134,143,151,151,146,147,140,140,144,137,139,139,138,142,135,129,129,122,119,120,117,116,113,121,111,126,91,83,76,72,72,72,74,78,71,85,90,120,95,87,93,113,116,105,75,85,71,78,93,80,61,63,81,68,95,120,130,112,97,96,88,77,73,79,78,62,74,100,108,108,114,113,111,94,96,109,100,101,82,78,78,75,63,55,69,85,88,84,81,84,69,74,76,86,69,73,72,68,72,62,65,66,64,52,44,50,46,50,44,61,55,56,54,56,61,67,55,56,52,51,59,60,63,75,78,73,65,63,69
74,251,226,233,241,248,251,252,249,249,250,251,252,255,253,251,249,251,252,250,247,247,244,248,243,238,241,246,245,250,248,245,248,247,248,246,235,187,162,150,137,120,124,123,131,131,139,147,151,147,143,152,146,142,139,144,143,145,138,139,134,131,128,121,119,122,117,114,110,109,128,114,74,70,66,67,70,71,75,103,84,83,79,92,82,101,105,142,135,81,43,86,100,115,90,74,97,98,74,55,90,133,111,110,127,141,79,72,80,71,63,39,64,94,105,106,115,109,103,102,106,101,98,85,80,77,77,71,59,55,74,88,93,86,80,83,69,74,82,84,77,75,66,68,62,59,62,63,55,51,45,56,51,53,47,52,60,55,60,49,65,70,55,55,49,57,59,60,63,72,73,73,62,57,69
75,253,234,235,246,246,250,251,248,251,249,249,250,254,253,253,253,251,250,247,246,243,237,247,246,238,239,247,245,246,244,240,244,250,248,242,215,173,157,149,131,125,134,130,136,143,143,147,153,149,143,142,142,144,141,141,138,144,139,142,139,126,129,124,119,120,118,112,110,101,89,76,77,74,62,70,66,68,101,120,72,101,96,103,131,94,77,107,88,86,53,74,87,84,72,81,62,46,56,48,86,111,97,92,113,107,87,93,76,67,70,63,55,92,100,103,99,88,94,100,105,98,85,78,79,74,77,62,56,64,77,85,94,87,90,81,70,78,84,81,71,71,73,73,63,68,59,61,56,54,51,55,55,50,53,44,57,54,59,54,59,75,62,53,49,66,56,58,62,75,70,80,56,57,71
76,253,238,245,254,250,252,249,250,254,251,250,252,249,253,255,254,252,243,243,242,241,239,242,250,243,245,248,250,246,243,243,251,251,248,241,189,153,154,144,125,114,137,136,146,151,145,142,153,148,145,139,140,144,144,139,135,136,143,138,133,127,123,120,121,113,117,112,105,99,98,89,87,58,63,67,68,77,124,111,101,114,112,107,96,115,135,90,107,69,40,45,82,72,60,60,83,69,67,66,61,65,88,88,92,86,119,107,107,88,87,78,50,79,95,105,103,91,106,100,110,85,78,77,68,76,68,59,62,74,76,86,93,76,96,81,73,78,91,76,65,67,85,74,71,69,60,59,63,50,59,50,60,56,47,55,52,44,48,58,60,64,69,62,59,61,56,50,68,77,56,73,54,58,65
77,253,240,247,254,252,253,250,251,254,252,252,252,250,252,254,254,249,244,245,245,245,242,243,248,250,250,252,255,250,247,247,250,247,250,208,170,156,154,134,114,120,142,146,146,146,144,146,156,149,146,139,138,136,144,142,137,126,135,133,133,134,119,125,114,111,115,116,113,107,103,100,106,105,96,99,78,100,117,107,92,107,142,121,77,92,72,79,55,45,60,67,60,37,43,52,53,61,63,58,45,81,78,99,94,93,85,88,85,89,81,75,49,73,102,101,107,96,101,104,103,85,83,73,77,72,61,60,73,84,82,85,98,76,88,85,81,93,91,63,64,79,85,73,72,70,58,60,65,50,56,55,59,56,48,56,53,55,44,56,50,61,65,56,59,60,55,62,73,71,57,65,54,59,67
78,255,239,246,254,254,254,249,249,252,252,251,250,249,249,250,252,247,247,247,248,249,247,246,247,247,245,246,250,252,247,249,247,252,213,191,165,150,149,125,117,133,151,153,146,143,146,150,156,148,146,141,137,137,136,134,139,132,138,131,132,129,124,116,111,109,107,107,102,98,100,115,138,124,96,89,91,107,116,96,84,130,135,107,88,75,84,67,81,71,100,76,64,72,66,73,54,43,47,41,64,83,95,82,94,81,85,77,75,78,74,54,35,60,88,82,94,100,102,93,94,91,78,74,67,67,56,63,81,76,79,86,96,74,88,87,76,82,74,55,76,83,83,77,81,75,56,62,69,53,55,60,58,55,51,60,56,49,52,51,60,56,69,56,52,58,58,72,76,66,57,55,55,57,69
79,255,235,239,254,254,253,247,245,248,250,249,246,245,244,245,248,247,251,247,248,250,250,249,249,246,243,242,247,250,239,243,245,226,187,181,150,146,147,122,128,147,159,145,145,146,152,152,149,144,146,142,139,141,130,129,128,132,136,125,127,116,124,110,112,110,104,105,98,94,94,111,131,131,139,138,97,81,90,97,105,137,130,125,101,79,83,87,86,84,96,85,98,106,112,76,81,50,57,66,89,89,89,91,82,72,78,64,60,57,55,41,55,72,78,82,90,91,93,92,94,86,71,69,61,64,59,68,77,88,73,85,93,80,89,75,68,73,68,62,84,83,82,80,83,84,58,64,71,58,59,57,58,54,53,63,58,56,51,57,56,60,68,59,54,59,66,72,71,69,57,52,61,63,72
80,251,229,237,255,251,250,243,245,241,246,248,245,240,243,247,250,250,249,248,248,245,247,251,254,248,246,242,249,247,239,241,237,189,191,170,151,145,141,125,140,160,162,137,145,142,155,147,148,143,147,150,138,130,131,129,125,125,123,123,125,114,112,114,109,104,103,101,95,92,91,107,101,98,93,112,123,101,91,79,85,109,93,73,79,114,96,84,74,97,96,100,112,97,101,109,108,106,99,111,91,67,78,75,53,65,73,56,34,47,54,73,83,79,59,83,89,78,86,99,90,78,65,65,64,62,71,67,83,83,87,85,88,88,79,77,74,82,71,67,90,76,75,85,91,77,66,63,75,54,62,55,62,56,57,58,60,54,52,57,59,60,68,58,69,53,67,68,75,61,61,56,57,68,69
81,254,234,233,247,253,250,243,243,242,247,251,249,244,246,249,251,249,250,251,250,248,249,248,246,246,246,244,249,247,238,251,208,192,181,155,153,154,132,137,149,159,153,131,149,150,154,147,150,146,148,143,137,135,134,130,126,126,122,118,118,112,113,108,110,107,103,103,102,96,81,83,80,81,88,87,94,100,85,123,102,82,92,98,103,97,109,99,78,92,107,109,108,114,107,105,104,93,79,89,67,64,72,61,45,60,46,46,63,62,72,108,92,87,53,69,84,84,76,92,85,80,62,66,70,74,76,71,85,90,96,93,92,98,85,80,88,68,71,75,95,77,81,83,86,83,64,64,73,58,64,56,59,50,62,56,60,60,54,60,53,61,59,54,68,60,69,61,73,63,57,60,59,68,65
82,255,240,228,240,240,238,239,241,243,247,252,253,249,249,249,249,246,249,249,247,247,247,244,238,241,246,247,250,249,250,223,189,182,169,151,149,143,128,146,145,151,136,134,157,157,150,147,151,142,144,139,138,131,128,124,121,121,118,116,117,105,116,111,104,102,98,98,99,101,89,90,95,124,129,119,83,75,93,67,81,81,86,125,145,114,102,102,96,77,99,95,103,99,98,106,114,95,82,87,66,68,80,68,53,64,66,68,84,86,73,100,93,79,56,62,74,75,77,81,76,84,64,71,79,81,83,83,96,92,96,93,85,88,76,82,74,73,75,79,90,80,86,85,82,83,73,70,65,63,67,58,57,50,65,56,61,61,54,65,55,63,52,54,63,64,70,57,72,57,56,65,62,67,61
83,253,244,228,241,241,237,242,245,246,247,249,250,251,249,247,246,242,245,244,238,240,243,242,237,237,246,249,251,246,231,192,175,176,157,157,146,137,143,142,147,150,129,146,154,152,143,149,153,146,143,138,130,132,129,126,126,122,118,115,115,107,110,111,104,105,103,101,98,106,124,138,140,125,136,138,132,118,96,112,85,111,96,135,139,133,105,94,117,73,59,69,77,72,78,83,80,82,93,66,74,83,71,60,48,71,75,86,85,83,85,74,61,69,65,71,83,91,77,83,95,87,70,80,86,86,90,90,95,97,95,93,84,98,82,72,67,79,78,82,90,83,86,94,84,84,80,70,67,65,67,61,58,57,62,61,63,64,58,60,55,64,55,58,54,62,65,62,74,57,66,60,51,65,58
84,255,245,228,244,248,241,244,246,244,246,244,249,250,246,247,241,236,247,240,234,234,248,247,239,236,252,255,254,238,190,186,177,171,145,156,146,132,142,138,158,144,133,154,151,152,147,152,149,134,147,139,142,136,133,129,126,121,121,118,117,110,107,107,105,107,106,101,105,97,109,132,130,126,134,135,136,129,117,109,119,111,130,110,84,85,92,80,89,74,74,71,45,49,68,67,72,62,59,73,84,66,51,58,50,52,65,81,77,72,66,48,49,66,63,80,102,93,88,106,96,90,81,87,89,88,92,95,92,98,95,87,97,96,76,73,78,70,83,81,96,86,89,93,83,78,77,72,76,65,64,72,63,54,65,60,66,62,59,56,51,56,63,58,60,64,70,61,73,66,66,43,52,64,63
85,254,245,225,241,246,241,242,245,249,249,246,248,251,248,248,238,235,246,244,242,240,247,245,243,248,248,254,242,199,191,179,162,155,145,145,146,141,142,141,153,127,140,148,157,148,142,150,153,137,140,137,131,135,136,126,135,124,123,118,116,113,117,116,109,111,107,100,99,100,93,102,106,110,112,106,103,105,108,94,129,133,118,115,105,79,77,62,69,100,76,72,62,58,63,59,63,69,76,78,63,58,53,55,59,72,59,57,60,49,52,43,52,70,76,90,103,101,106,97,104,104,92,99,95,93,93,84,93,101,100,93,103,88,66,72,78,76,83,87,95,85,91,93,83,75,77,73,79,64,60,70,68,56,58,62,65,60,66,50,61,63,65,56,58,68,66,64,70,66,52,54,60,71,64
86,253,242,224,236,240,239,239,244,253,251,250,247,250,248,249,240,239,246,250,251,247,246,246,247,245,250,248,208,187,184,164,171,153,153,145,155,143,136,147,152,127,142,152,155,151,141,146,147,142,147,136,135,125,134,130,122,127,125,120,117,115,113,111,108,109,104,101,101,96,94,96,93,95,91,107,98,91,103,105,126,115,108,103,97,87,65,68,114,93,88,70,63,57,54,54,62,67,74,73,53,58,59,64,73,78,79,73,62,52,56,54,64,81,92,98,104,109,108,112,110,108,98,105,96,107,92,93,92,97,98,90,98,80,69,97,79,83,84,92,93,87,96,92,80,79,80,69,74,67,61,68,72,58,53,60,66,61,70,49,69,64,65,61,68,72,63,67,69,64,56,67,64,74,64
87,254,237,231,231,233,236,237,246,254,252,254,250,246,242,248,247,248,249,253,253,250,246,249,248,248,244,211,184,187,168,164,160,159,150,149,154,153,135,154,150,128,147,156,153,151,142,145,141,141,145,135,135,134,133,124,127,126,125,122,120,114,115,110,108,110,103,101,98,103,96,94,101,112,97,85,89,85,81,124,115,86,89,92,99,76,73,63,67,89,65,54,60,50,43,51,57,63,67,70,59,60,60,71,79,82,75,79,79,67,67,72,76,96,99,97,105,112,110,118,115,109,108,110,105,110,96,98,93,101,101,92,96,86,81,92,76,82,86,91,94,91,101,90,75,77,80,69,77,72,67,68,71,58,56,56,67,66,65,59,66,64,64,65,76,72,67,67,72,69,71,64,70,90,76
88,252,234,237,232,225,229,237,245,251,253,255,250,240,241,248,251,245,253,252,253,252,243,254,252,244,224,177,184,169,176,156,153,157,146,147,154,145,135,151,136,131,151,152,153,142,145,143,146,138,138,133,136,137,127,138,121,126,117,127,129,116,115,106,105,110,102,105,102,95,95,94,96,94,101,96,88,104,94,132,131,104,83,83,79,73,60,63,85,108,63,67,68,59,37,61,56,59,66,65,67,65,72,83,86,83,81,90,88,82,76,81,87,102,105,95,113,109,119,120,116,111,102,109,116,113,104,98,104,98,101,91,92,89,88,90,93,86,90,89,94,90,100,82,86,78,87,67,71,78,64,69,70,56,58,56,62,74,61,71,67,68,63,62,79,63,71,70,62,69,73,66,79,87,77
89,252,229,228,225,223,224,232,242,249,249,250,246,243,243,251,255,252,252,251,252,251,248,246,250,233,191,176,170,163,163,152,152,154,144,155,146,139,139,146,128,146,155,147,147,144,149,140,143,142,140,134,133,145,129,129,123,122,119,121,126,119,114,106,105,112,106,103,102,108,96,91,97,97,89,89,96,80,92,129,122,101,81,68,57,63,46,68,68,76,78,79,95,108,56,54,66,71,71,67,72,78,78,89,81,82,86,89,86,89,85,92,98,108,105,106,112,121,111,112,115,110,104,110,112,114,106,101,100,93,100,98,97,96,85,89,89,88,94,88,97,95,96,86,83,84,81,74,64,85,67,71,67,57,57,56,62,70,71,63,70,75,60,79,66,64,73,67,65,68,68,69,76,91,86
90,255,231,226,225,220,218,222,235,242,240,243,243,239,237,243,249,249,248,250,253,248,248,254,240,205,174,174,167,159,164,146,158,157,140,145,140,140,148,141,136,153,150,139,150,146,149,139,142,137,136,135,133,136,134,133,128,114,120,118,126,120,112,108,108,112,110,102,103,96,91,104,127,121,118,116,99,101,97,92,101,83,62,51,55,81,88,100,70,69,76,91,107,91,61,58,67,72,82,80,81,88,84,98,88,83,92,90,87,89,88,95,100,111,113,107,116,117,110,116,107,96,86,115,124,111,106,105,96,91,99,98,101,94,87,94,88,91,96,89,97,99,95,90,83,87,78,77,59,93,70,74,68,60,56,58,61,77,70,68,62,70,74,77,68,66,75,66,66,60,60,68,70,75,76
91,254,229,225,221,222,214,214,226,233,231,236,244,243,238,240,245,250,247,248,244,244,245,237,201,186,168,166,161,163,153,145,156,143,152,138,126,141,156,130,130,155,142,132,152,150,142,141,143,134,132,133,128,133,136,137,130,121,121,119,120,118,109,110,113,112,110,105,106,110,97,90,92,96,99,107,118,103,94,95,87,75,62,69,111,136,114,56,63,59,54,74,81,60,43,51,65,77,87,86,86,96,88,95,96,90,96,94,92,95,94,99,100,111,110,109,112,107,111,119,93,87,100,104,106,104,102,107,92,93,99,88,99,99,87,87,94,92,92,93,93,95,96,90,90,83,82,73,67,96,73,79,70,61,55,59,62,74,75,67,65,73,82,67,74,67,74,70,62,60,68,76,80,79,72
92,254,219,226,215,213,214,216,222,223,228,236,244,247,244,243,245,245,248,246,241,232,241,202,190,173,168,157,150,151,138,151,150,146,145,133,127,139,154,114,142,149,131,133,142,143,136,139,145,135,127,131,130,134,131,129,136,129,125,126,116,116,112,114,118,114,109,106,105,103,104,100,102,94,93,91,79,75,65,85,49,54,61,69,49,50,68,53,56,31,47,58,67,31,39,53,65,72,90,89,96,98,91,97,100,94,94,94,96,100,95,101,103,105,113,106,114,102,107,124,97,103,106,90,105,102,99,109,97,93,99,87,97,98,82,85,92,89,97,89,95,91,103,89,96,76,84,70,74,92,81,76,79,65,56,62,61,64,71,68,67,71,79,74,78,66,71,72,62,54,79,82,84,77,70
93,255,225,231,223,211,218,217,214,217,225,236,245,247,245,244,245,244,249,248,240,242,212,187,178,176,162,151,150,151,148,145,148,149,143,129,125,144,145,115,146,143,129,133,143,137,138,143,140,132,128,132,131,133,133,129,135,135,124,124,120,121,116,116,118,119,114,109,105,107,112,107,105,101,102,100,90,86,85,103,78,74,77,67,49,61,56,57,64,59,49,45,27,33,40,54,65,75,94,93,103,103,95,103,96,95,93,93,101,101,97,103,106,106,114,107,115,105,97,111,83,100,97,88,90,108,103,108,96,86,89,90,84,101,89,84,88,92,93,93,97,87,98,82,86,78,81,72,80,85,83,75,72,66,56,64,62,63,69,77,65,80,79,73,82,71,65,75,61,52,67,83,79,74,64
94,249,230,238,240,225,208,224,218,211,221,236,245,246,244,243,245,243,239,238,243,232,204,178,159,161,157,158,151,146,152,145,152,152,141,125,125,149,135,122,142,136,129,132,140,137,134,137,139,127,128,133,134,133,137,131,138,134,125,127,125,123,117,115,116,115,115,114,113,109,113,104,98,101,103,101,98,92,91,95,82,76,58,45,42,81,45,45,63,71,79,35,31,40,46,58,68,70,89,89,101,105,109,97,99,98,93,92,104,102,101,102,109,102,118,105,117,102,102,94,114,89,60,71,120,109,113,110,88,85,88,98,86,97,94,83,93,95,92,95,100,93,100,86,86,85,79,73,83,79,89,76,68,67,55,68,64,64,75,75,72,71,72,70,84,75,62,75,57,60,65,67,74,76,67
95,251,237,239,244,235,221,228,216,208,220,235,242,243,241,240,242,239,236,230,228,196,176,167,172,161,160,163,147,150,146,152,149,154,140,124,130,150,132,132,129,136,132,129,132,133,133,137,136,122,128,133,136,132,142,137,145,146,128,124,122,117,112,111,112,114,115,116,113,105,110,107,109,103,106,104,105,102,102,105,114,120,60,53,56,34,36,33,36,44,39,47,52,48,53,63,73,74,90,88,100,105,111,94,102,101,97,92,102,100,102,99,109,103,114,106,109,104,106,95,116,102,96,102,85,109,112,106,89,82,89,94,94,99,96,75,91,94,99,94,99,92,99,89,87,81,79,80,92,81,96,81,70,68,55,72,67,64,77,80,75,65,76,75,83,75,71,69,54,64,67,70,74,73,76
96,252,240,238,241,235,240,234,220,211,226,230,236,242,246,242,243,235,233,226,210,180,161,165,165,159,156,165,145,142,150,147,150,134,148,120,139,140,132,137,128,131,135,131,136,130,128,143,130,122,129,133,138,132,149,139,142,135,132,129,117,111,114,114,112,111,115,115,112,114,116,113,110,109,110,107,111,100,102,87,93,80,67,42,50,51,54,62,80,73,53,51,45,47,63,63,78,83,92,83,96,92,114,99,114,104,78,88,99,97,94,96,105,101,117,111,106,108,100,106,98,104,93,81,111,111,107,97,91,81,97,87,102,96,90,79,92,100,101,100,96,97,95,91,96,86,78,79,85,79,97,83,69,71,62,71,75,57,76,83,77,70,80,76,87,74,68,68,58,63,66,70,71,66,68
97,252,230,237,241,240,244,243,235,236,240,233,230,240,245,245,247,249,237,227,185,170,165,148,155,157,152,146,148,135,150,150,148,137,135,117,130,149,131,135,127,127,138,131,132,134,123,133,131,120,133,129,137,133,147,136,127,131,132,123,119,111,108,113,109,118,115,111,113,113,110,110,106,108,114,107,114,111,105,92,98,69,47,50,62,60,66,81,89,87,69,52,67,55,55,70,87,90,100,87,97,99,106,98,102,87,60,89,95,95,98,108,102,101,113,111,111,109,100,107,101,99,105,99,101,104,104,93,83,85,95,91,94,95,87,82,93,106,88,96,98,98,98,91,89,83,73,83,83,79,89,85,66,73,67,64,74,67,73,86,73,73,87,83,90,70,70,68,59,66,71,71,70,70,70
98,252,221,235,239,238,238,244,241,236,237,234,229,236,240,247,248,252,239,207,186,173,167,155,161,153,140,143,142,138,149,141,127,127,138,122,131,155,112,129,119,124,137,130,128,129,124,130,124,119,134,127,136,127,137,127,113,112,120,119,106,111,108,111,109,109,119,117,117,114,112,115,116,109,118,111,118,118,113,86,102,107,92,87,91,101,109,103,86,67,57,77,63,65,71,70,93,91,104,86,92,94,113,101,98,85,57,81,75,88,87,99,101,97,107,111,114,101,96,108,113,108,96,98,108,105,95,82,80,99,100,103,97,98,84,88,94,102,87,101,92,92,96,95,89,82,72,85,84,78,80,85,67,72,69,60,73,74,72,87,73,72,84,82,86,68,76,68,62,72,74,75,74,74,71
99,254,223,231,237,242,237,242,240,236,237,236,233,234,237,246,244,240,211,186,173,179,175,162,158,147,139,141,134,141,141,125,105,128,129,118,128,149,116,124,123,122,128,132,129,128,127,129,121,121,131,129,134,126,132,127,126,114,120,115,104,113,115,110,115,108,122,118,120,115,113,113,115,114,116,120,118,115,104,90,110,83,75,94,106,88,104,81,89,88,68,82,61,59,80,72,95,100,109,96,91,103,102,96,105,69,66,85,87,89,81,98,99,91,102,110,112,99,92,105,115,117,109,104,109,96,91,86,90,103,99,103,98,106,85,94,95,98,84,101,102,92,93,96,89,86,76,83,88,74,79,83,74,69,68,63,71,73,76,85,81,79,83,82,86,72,80,66,67,75,74,78,83,75,69
100,247,228,230,239,241,237,240,245,241,241,232,231,233,238,242,245,221,204,175,159,160,160,148,140,149,134,136,138,133,140,104,108,128,107,109,128,140,121,115,130,113,131,124,134,125,127,117,123,113,121,129,129,121,129,122,122,123,120,108,106,115,121,108,117,114,124,114,118,113,104,116,112,112,111,115,124,116,104,105,109,98,108,106,100,83,87,90,105,103,119,93,75,62,58,67,91,99,103,98,94,102,87,92,90,74,76,85,108,100,90,100,100,85,95,103,105,107,96,101,112,110,108,110,95,89,89,87,100,101,94,108,106,100,88,100,106,90,95,104,105,91,98,97,93,80,82,85,89,71,73,80,80,66,65,70,68,69,76,74,83,79,83,85,83,76,84,63,74,81,73,87,83,65,64
101,255,234,230,227,234,246,247,247,247,247,238,239,239,243,236,233,203,180,166,146,164,160,153,151,145,138,136,143,143,133,99,115,136,120,119,132,132,126,109,129,118,129,121,130,117,125,123,116,121,125,128,122,124,119,120,117,114,118,110,99,112,121,111,115,114,125,116,115,116,110,117,114,119,121,116,128,117,106,111,107,103,114,129,109,74,73,88,93,114,99,87,81,68,61,57,93,99,100,101,98,106,86,81,92,81,59,87,101,93,92,85,105,95,80,92,108,107,94,96,106,95,106,98,85,91,82,90,107,101,107,106,100,102,86,108,94,93,97,103,95,94,95,96,100,83,89,87,87,77,71,81,77,67,68,72,70,77,81,81,82,87,83,87,75,75,86,66,72,76,83,82,79,70,68
102,255,243,242,219,213,238,245,245,247,246,239,243,243,239,239,208,187,177,156,143,154,165,143,150,138,135,139,149,131,107,93,117,124,113,115,133,131,119,111,124,125,126,118,124,128,109,125,113,122,122,128,122,123,127,117,118,112,120,120,105,112,121,116,113,109,123,119,118,116,116,119,123,111,120,113,125,114,113,105,123,119,136,128,91,66,73,77,101,107,119,109,90,82,75,53,83,102,97,105,102,101,76,81,98,82,64,83,96,95,91,88,98,75,73,89,99,110,92,93,103,106,99,90,83,90,90,101,109,107,107,96,104,89,97,109,97,92,101,104,95,92,97,99,100,89,86,88,93,81,69,78,75,69,74,74,73,72,79,81,83,80,92,81,84,70,86,74,79,76,78,74,85,70,71
103,255,241,247,229,217,230,241,240,236,235,228,234,238,236,224,187,181,171,155,161,166,154,147,144,144,132,142,139,120,99,100,109,114,121,125,131,125,117,109,122,128,124,119,119,120,108,123,123,124,115,122,121,118,130,119,116,113,117,124,117,120,123,118,114,115,122,118,117,121,124,120,125,110,123,115,115,123,118,96,109,121,130,110,84,65,88,82,108,123,110,96,75,60,62,46,79,106,94,107,102,95,68,89,95,83,72,85,102,103,99,96,83,65,63,78,109,113,95,95,108,103,94,85,94,94,102,106,114,109,98,90,106,87,105,107,95,99,109,98,101,90,93,98,103,86,80,95,91,78,70,69,76,72,78,76,76,76,85,78,89,88,90,87,76,72,84,76,82,74,80,78,77,75,75
104,255,235,244,238,228,228,238,239,233,221,223,225,231,230,200,179,178,163,164,174,160,158,147,146,146,133,130,124,109,95,111,119,109,120,127,121,123,118,111,114,127,123,117,123,124,123,127,117,121,114,116,120,126,128,124,124,112,113,121,127,117,122,122,112,113,120,120,114,122,124,128,124,121,121,115,109,110,116,106,97,98,113,97,89,122,81,82,84,89,111,104,77,54,90,66,68,101,100,103,103,87,74,92,97,93,79,77,90,99,107,88,88,89,84,92,109,108,100,99,105,98,95,95,99,102,109,102,117,109,89,93,107,92,106,99,93,103,116,92,109,80,96,100,100,79,77,95,80,74,74,74,78,73,82,76,81,77,88,82,93,95,88,91,76,75,76,80,83,70,77,78,85,80,78
105,255,230,236,241,236,229,231,237,235,219,223,223,230,215,177,182,166,170,156,165,161,158,134,139,138,123,131,118,101,99,111,122,111,121,129,122,121,116,112,114,122,126,117,117,120,121,121,124,119,113,114,121,122,125,125,127,120,114,124,126,123,130,135,127,121,121,117,119,120,133,128,130,127,125,116,112,111,107,102,100,96,83,80,117,104,67,109,71,70,100,101,65,58,80,51,57,91,106,104,95,86,74,90,98,100,86,80,93,106,109,92,106,105,93,99,111,118,109,102,101,111,100,104,101,107,112,105,119,117,87,104,96,104,110,100,102,108,111,99,86,81,98,97,93,84,80,91,78,77,77,74,79,80,85,79,82,84,95,77,88,92,97,84,82,80,81,83,78,74,83,78,78,97,75
106,254,234,235,234,236,230,230,241,237,240,229,229,220,188,180,166,176,165,157,167,158,147,139,145,120,122,118,112,96,104,112,122,115,124,129,119,129,120,114,108,124,117,124,113,114,118,116,126,120,115,113,123,119,124,127,128,127,119,125,127,126,126,130,122,115,118,112,115,130,141,136,135,134,132,120,118,110,112,101,66,98,83,80,79,97,83,51,45,60,84,93,61,61,85,44,59,87,104,104,94,94,89,95,90,98,86,84,85,96,98,90,105,104,90,104,109,114,107,100,98,110,96,111,105,114,114,107,118,104,95,96,106,100,101,98,107,116,104,104,89,81,102,97,83,86,83,90,84,77,80,73,78,79,79,74,75,86,97,80,91,90,99,76,84,78,84,89,77,77,80,80,89,97,62
107,252,237,236,234,236,239,237,241,240,244,240,229,205,176,173,171,168,157,161,162,135,139,140,135,117,115,107,112,102,107,114,118,119,126,126,112,131,121,119,111,124,120,121,118,112,117,116,121,126,120,113,123,118,126,126,124,126,123,121,130,132,122,129,127,120,115,109,125,144,143,141,138,138,138,124,127,119,118,107,60,67,114,127,111,89,61,68,77,76,45,47,44,57,60,41,61,87,101,109,92,99,92,92,89,96,83,71,83,97,91,97,106,102,91,110,104,120,108,98,98,118,102,115,109,118,113,107,116,101,94,96,106,99,98,106,103,104,114,94,80,81,108,101,81,90,85,86,86,76,81,69,74,79,77,74,75,89,92,86,91,101,95,85,85,77,86,90,69,81,82,82,90,78,59
108,255,235,237,243,241,244,245,244,240,244,248,212,181,177,174,170,152,153,160,145,128,134,124,119,123,107,106,109,101,114,118,108,122,124,121,107,124,126,128,116,119,116,118,130,115,119,121,121,121,127,115,122,113,118,129,120,123,122,125,130,131,127,124,121,118,112,118,145,152,149,149,144,135,136,124,136,121,116,111,78,73,108,129,109,88,75,69,62,60,54,57,62,49,38,58,68,79,101,106,95,101,87,96,97,94,94,99,87,77,102,105,102,105,96,110,111,119,99,107,112,104,107,120,117,106,101,108,117,100,110,104,101,104,104,112,101,104,106,84,85,90,108,94,85,94,93,80,86,82,79,74,77,84,77,81,83,89,88,87,95,97,88,84,82,71,79,80,67,84,73,82,90,69,75
109,254,232,234,246,245,245,244,243,235,243,220,194,180,163,168,148,137,167,153,143,137,129,115,118,119,106,108,106,105,115,117,116,130,129,117,98,123,123,128,116,110,119,109,121,125,115,123,120,123,127,117,122,125,121,128,129,133,123,135,127,127,124,129,120,118,111,141,155,149,147,157,149,149,134,133,136,138,134,122,102,92,86,95,101,87,88,73,83,90,87,60,58,46,45,66,75,85,105,105,98,99,91,92,107,91,83,99,107,107,105,106,98,107,104,113,107,120,104,106,119,102,110,122,116,103,106,118,114,114,98,107,97,107,120,98,88,116,105,90,87,87,105,88,79,92,86,79,83,80,77,69,78,88,79,83,85,91,85,93,91,96,85,86,84,81,77,82,72,88,75,82,85,81,76
110,254,231,235,249,248,243,239,240,242,228,202,183,166,163,154,149,144,151,133,131,126,126,121,116,121,101,115,102,117,107,121,121,122,125,116,102,120,119,128,116,110,114,113,114,119,120,121,126,128,127,120,122,122,122,127,124,128,122,125,130,131,122,128,123,119,129,160,159,149,157,153,148,145,140,132,138,136,137,123,105,109,97,70,64,67,61,58,75,86,71,58,51,42,54,80,88,86,102,109,104,100,95,95,108,79,76,93,96,98,107,102,104,112,106,110,109,126,106,113,117,101,116,122,108,95,106,107,108,108,97,108,113,112,94,88,107,113,93,89,83,102,104,81,86,89,81,79,83,80,77,64,82,91,80,85,87,97,92,86,98,94,86,85,87,82,69,75,71,90,83,77,96,79,73
111,255,236,240,250,249,240,233,235,232,208,186,176,168,157,141,137,140,139,139,125,134,125,118,114,115,116,111,104,115,108,115,117,121,126,113,100,117,116,129,117,109,121,119,118,116,123,126,127,131,126,123,122,125,127,129,124,130,128,133,129,135,134,129,119,125,153,165,152,155,151,153,145,145,134,120,134,132,126,130,123,110,106,99,65,45,56,68,82,79,68,64,45,52,64,84,90,93,96,111,99,100,99,105,99,70,77,96,85,85,104,108,108,109,108,108,108,123,111,115,114,107,124,121,94,103,99,104,101,102,107,111,119,92,93,98,111,102,90,91,89,101,99,78,93,87,86,78,84,81,79,62,88,91,80,83,86,101,93,86,99,92,93,80,92,81,74,78,73,91,84,82,93,83,69
112,248,246,240,253,244,238,232,239,206,192,176,162,153,146,141,133,148,133,138,136,122,124,125,119,124,125,110,108,109,116,108,122,126,121,110,104,113,117,119,121,109,126,121,121,120,124,129,131,131,130,129,124,123,131,135,130,122,129,134,133,123,122,125,124,129,165,168,157,150,144,155,153,104,110,120,101,106,112,117,107,119,115,119,102,71,63,80,88,73,86,49,44,58,73,84,93,103,97,105,92,93,108,103,103,76,87,71,80,80,86,111,103,100,118,109,103,112,114,105,105,117,125,121,88,111,93,109,112,94,108,117,101,82,97,102,113,102,92,94,88,92,97,81,94,83,88,81,82,81,83,63,87,90,78,86,85,97,97,93,93,95,94,82,91,77,81,82,82,96,81,86,78,77,74
113,255,243,240,249,243,237,244,207,185,184,166,164,149,138,135,138,140,136,143,124,119,121,116,125,125,116,109,109,108,118,107,120,125,119,116,104,113,117,119,124,120,123,129,133,129,129,133,140,134,126,131,125,128,133,126,134,132,133,132,131,134,130,127,123,138,165,164,153,153,150,139,110,121,112,100,106,78,89,118,113,108,118,114,112,93,72,65,57,48,48,44,62,70,82,94,95,100,97,103,89,98,108,109,100,91,86,72,74,87,92,101,118,100,107,111,101,117,117,99,99,111,124,110,108,108,91,108,119,92,111,118,91,95,99,110,107,94,101,88,73,96,94,81,94,88,90,83,79,82,83,66,88,89,80,87,89,99,93,98,86,99,90,89,90,86,80,96,81,96,86,84,90,82,74
114,252,243,231,240,249,236,215,181,188,170,168,146,140,138,142,140,139,131,135,118,123,125,111,114,124,109,110,111,112,117,110,117,128,112,113,111,117,118,119,126,116,122,119,132,131,126,128,136,137,123,130,126,123,126,137,135,133,131,128,123,127,126,123,122,150,164,159,148,144,140,141,126,97,99,90,95,93,62,81,117,112,107,128,116,107,93,82,73,68,68,70,63,67,93,91,101,104,104,108,96,101,108,114,98,87,82,88,60,81,87,100,105,97,106,102,107,109,115,95,102,117,120,118,97,96,103,115,114,98,115,107,99,99,107,111,110,106,94,80,90,100,90,83,95,92,90,86,75,84,82,71,88,93,84,85,88,100,96,93,93,80,99,78,86,83,73,96,75,90,90,99,82,87,77
115,253,227,229,234,232,220,188,188,179,165,154,137,138,133,142,130,133,122,127,119,119,129,111,117,118,112,113,114,122,114,119,117,124,113,110,114,122,120,117,125,120,123,119,127,134,129,128,131,137,126,126,127,128,121,128,135,136,140,135,125,129,128,122,121,159,162,156,146,145,140,128,110,69,65,64,52,51,67,78,98,98,104,121,124,111,106,103,97,95,83,87,80,78,101,99,99,101,100,105,103,102,104,117,92,82,94,90,64,82,83,84,111,94,111,98,112,101,113,94,108,121,124,114,92,95,105,112,116,105,114,113,105,100,104,112,109,99,90,84,91,98,87,88,96,90,87,89,73,86,81,75,88,90,85,87,92,98,94,96,97,84,96,78,88,77,78,87,82,89,89,98,82,75,71
116,248,225,235,224,212,201,191,178,176,160,149,145,147,139,138,131,118,126,120,116,120,122,111,120,115,108,126,114,119,110,122,117,123,113,114,114,126,120,120,121,122,120,118,124,132,135,130,137,132,132,125,125,129,119,138,135,121,134,139,137,135,128,128,134,163,162,148,150,141,127,116,129,62,72,42,47,45,112,91,97,99,136,117,103,114,112,114,107,95,91,96,94,76,97,107,101,89,101,102,107,93,104,112,85,73,97,78,71,67,92,69,113,100,108,109,110,104,115,99,112,122,125,106,97,97,108,132,103,115,109,123,99,98,110,111,108,98,77,88,100,100,90,105,92,93,86,92,74,80,79,85,86,86,93,90,89,98,90,103,97,81,101,81,89,75,86,91,82,89,83,98,82,70,85
117,255,232,226,214,200,194,171,171,168,154,142,149,137,134,128,124,130,127,133,113,122,121,112,125,114,116,126,116,123,116,126,112,118,117,119,117,126,125,117,121,127,125,122,121,124,131,127,127,126,133,131,126,130,131,129,133,133,127,128,138,138,127,123,128,160,161,147,149,142,110,99,100,71,45,53,60,58,119,70,102,99,98,95,106,109,119,117,105,106,99,94,101,80,105,105,107,89,98,101,110,100,108,122,92,74,98,77,65,83,97,77,109,107,118,106,113,93,107,97,111,128,113,101,102,106,114,123,103,118,112,112,107,107,114,114,110,84,81,94,112,97,97,102,92,95,88,88,72,80,76,81,82,92,94,90,88,99,91,102,97,87,101,85,88,77,87,86,89,91,83,104,82,77,90
118,254,223,206,193,193,174,160,163,158,155,139,137,131,139,127,128,125,120,135,113,124,122,117,128,114,121,127,117,123,116,128,117,111,121,122,120,118,125,121,130,128,125,129,128,135,130,123,130,132,130,130,133,130,134,133,135,132,137,137,130,133,126,122,126,155,159,146,147,140,110,93,106,45,58,66,56,58,63,83,95,74,92,88,82,103,118,116,113,107,107,96,96,91,98,109,111,94,95,99,112,109,107,103,107,89,92,65,68,88,101,68,100,110,105,106,105,94,108,104,118,125,110,103,101,102,109,112,104,119,118,116,102,112,113,105,89,78,88,100,114,95,101,98,88,96,90,82,71,79,74,80,82,98,94,91,87,100,92,100,96,88,98,94,90,85,88,82,94,92,84,107,82,80,81
119,251,209,197,188,182,171,158,159,155,150,132,128,121,139,123,133,122,128,128,119,126,126,123,126,114,118,127,116,127,110,121,122,109,123,118,120,119,123,127,130,135,127,131,132,138,129,123,129,139,133,135,136,129,136,140,144,141,135,134,135,133,130,125,120,152,157,145,145,148,131,91,45,64,64,69,55,51,87,74,86,82,69,74,80,87,116,119,121,112,107,102,97,93,89,102,117,103,96,100,112,106,96,83,100,97,80,68,77,79,93,77,107,113,97,108,112,98,109,106,116,114,111,104,104,109,110,115,110,121,122,111,108,118,103,98,89,90,95,103,98,94,99,97,77,94,91,79,75,80,77,85,89,100,91,91,87,101,93,98,97,92,94,95,83,93,85,80,91,92,85,102,84,77,88
120,245,205,178,182,167,170,148,153,143,135,130,126,133,125,121,124,124,132,131,130,122,123,133,119,111,119,128,111,120,113,121,125,114,118,123,126,123,123,133,126,135,129,131,132,137,129,124,130,130,141,137,143,136,140,141,150,132,130,131,135,137,133,126,117,147,161,140,143,133,134,73,52,70,71,69,66,49,65,75,126,115,112,96,97,89,105,118,117,109,102,100,94,96,79,102,109,106,108,100,113,102,95,68,104,100,84,65,87,82,99,82,107,111,95,107,118,96,99,101,117,111,115,101,100,114,109,120,107,121,119,109,124,110,93,100,98,102,103,108,98,91,101,96,80,91,94,79,81,90,83,81,91,103,95,93,86,98,99,98,96,90,106,89,89,92,84,82,94,89,89,90,94,70,91
121,255,196,167,179,185,171,152,128,138,128,138,131,124,127,128,126,134,127,128,123,123,119,125,119,113,114,126,119,125,113,118,121,108,118,126,124,125,129,131,142,134,137,133,131,139,140,137,136,133,141,144,143,141,141,137,139,150,140,129,138,129,138,130,116,135,159,143,147,139,115,75,62,63,64,63,56,52,86,95,78,88,108,103,101,110,97,119,113,117,112,106,97,97,82,103,104,109,97,97,105,109,100,76,98,96,91,73,95,89,96,85,104,115,100,107,122,101,94,103,113,113,114,103,101,119,114,110,111,134,115,123,114,99,104,109,109,109,111,113,103,99,96,97,79,90,95,79,76,88,80,85,91,104,97,92,88,99,98,95,92,96,97,99,84,88,79,91,91,90,88,95,85,74,92
122,251,200,193,186,185,179,144,128,120,135,137,122,124,126,129,133,125,124,133,120,118,121,124,112,108,112,131,118,123,109,120,122,110,122,129,126,124,123,138,133,134,139,137,130,138,137,137,142,138,141,149,144,148,148,144,143,133,135,127,133,137,129,128,122,129,157,146,141,147,133,72,66,95,92,66,53,61,108,98,81,83,95,133,107,107,110,118,106,114,110,100,92,99,85,101,101,113,106,96,109,107,98,78,77,82,98,89,92,93,90,96,102,110,95,97,116,106,94,95,112,106,118,104,111,117,114,109,123,129,120,118,97,108,112,111,120,117,115,113,109,108,93,100,82,89,93,85,73,87,79,87,96,103,99,89,90,100,98,94,89,101,92,105,81,74,89,85,101,90,88,100,76,79,89
123,252,199,199,181,181,158,139,122,116,122,122,120,123,128,133,133,120,126,128,120,107,116,124,120,112,110,127,113,121,110,123,118,125,127,130,133,129,129,139,130,134,132,139,131,137,140,142,146,143,141,144,143,151,151,148,142,140,138,134,127,136,128,131,124,126,151,153,136,133,137,106,85,107,108,78,77,79,88,105,93,86,97,128,110,103,118,110,116,112,105,93,92,101,82,101,102,104,107,103,106,110,101,85,64,86,98,102,98,91,84,112,100,113,94,95,114,114,92,91,106,109,116,115,101,118,111,116,124,131,111,105,108,117,117,117,124,118,109,105,110,109,99,103,91,90,85,98,75,85,82,83,103,102,100,83,88,101,99,96,92,98,99,102,84,76,87,87,97,89,90,102,76,82,83
124,255,176,191,185,178,155,134,125,113,109,109,121,125,127,129,126,126,125,118,126,110,119,116,121,111,112,117,126,113,120,129,113,126,131,125,131,128,136,132,128,134,136,139,138,135,145,155,149,142,142,139,139,145,142,134,134,136,134,132,129,132,126,120,120,125,148,151,137,139,154,127,91,88,103,68,65,67,90,105,94,107,147,142,114,113,126,120,117,107,106,94,100,96,80,102,106,103,102,105,111,111,114,82,72,91,89,99,106,77,93,114,102,104,101,101,124,119,103,86,106,105,125,126,97,110,113,118,123,121,118,102,110,129,117,130,117,106,83,89,116,115,98,103,93,95,80,98,83,74,89,80,102,100,101,83,96,105,96,92,97,103,97,99,90,86,80,95,90,86,91,102,78,80,80
125,255,194,201,185,176,156,133,116,114,105,111,116,126,124,124,128,132,123,114,124,116,116,120,122,115,110,120,124,112,121,127,107,134,126,130,127,134,133,125,131,137,139,137,136,142,143,144,137,141,143,140,139,138,143,143,150,136,131,129,124,134,128,120,109,123,144,152,141,134,136,129,108,88,76,74,78,66,103,110,114,108,127,113,92,102,134,121,111,112,106,91,94,96,68,106,100,115,103,100,114,114,125,85,71,84,71,87,119,98,88,115,107,96,108,104,114,121,102,87,104,110,125,124,94,119,114,118,124,108,107,108,113,122,118,125,117,91,79,76,101,112,106,106,95,104,84,94,96,72,86,93,106,103,98,83,97,105,95,92,97,103,97,99,89,86,83,95,94,88,92,101,81,81,83
126,254,197,182,176,162,148,134,120,104,115,107,111,123,121,118,128,128,115,112,129,120,115,124,125,123,106,125,121,130,125,127,116,132,131,127,124,130,135,127,129,133,138,137,143,148,143,144,139,143,145,140,135,140,141,132,130,131,127,133,130,122,123,125,114,123,140,153,145,138,130,140,138,111,109,99,80,73,85,97,107,107,113,109,108,120,147,121,113,108,101,93,98,90,66,97,101,111,111,102,117,111,122,104,74,81,78,80,94,116,105,110,104,93,108,100,112,124,104,86,104,105,122,124,101,121,109,114,118,119,125,105,126,128,124,121,107,97,70,85,99,93,107,106,101,102,78,80,96,80,82,101,100,109,96,83,96,106,93,94,96,103,95,99,86,77,97,97,87,94,94,101,87,81,87
