0,9,9,9,9,9,9,9,9,9,9,9,9,9,9,9,9,9,9,9,9,9,9,9,9,9,9,9,9,9,9,9,9,9,9,9,9,9,9,9,9,9,9,9,9,9,9,9,9,9,9,9,9,9,9,9,9,9,9,9,9,9,9,9,9,9,9,9,9,9,9,9,9,9,9,9,9,9,9,9,9,9,9,9,9,9,9,9,9,9,9,9,9,9,9,9,9,9,9,9,9,9,9,9,9,9,9,9,9,9,9,9,9,9,9,9,9,9,9,9,9,9,9,9,9,9,9,9,9,9,9,9,9,9,9,9,9,9,9,9,9,9,9,9,9,9,9,9,9,9,9,9,9,9,9,9,9,9,9,9,9,9,9,9,9,9,9,9,9,9,9,9,9,9,9
1,9,8,9,9,9,8,9,9,9,8,9,9,9,9,9,9,9,9,9,9,8,8,9,9,9,8,9,9,9,9,9,9,8,9,9,9,9,9,9,8,9,9,9,8,9,9,8,8,9,9,9,8,9,9,9,9,9,9,9,9,9,9,9,8,9,8,9,8,8,8,8,8,9,9,9,8,9,9,9,9,9,9,9,9,9,9,9,9,9,9,9,9,9,9,9,9,9,9,9,8,9,9,9,8,8,8,8,9,9,8,9,9,9,9,8,9,9,9,8,9,9,9,9,9,9,9,9,9,9,9,9,9,9,9,9,9,9,9,9,9,9,9,9,9,9,9,9,8,8,8,9,8,9,8,8,9,9,9,9,9,9,9,9,9,9,9,9,9,9,9,9,9,9,9
2,9,9,8,9,8,9,8,9,8,9,9,9,8,9,9,9,8,9,9,8,9,9,9,8,9,9,9,8,9,8,9,8,9,9,8,8,8,8,8,9,8,8,9,9,9,9,9,9,9,9,9,9,8,8,8,8,8,9,8,8,9,8,9,9,8,9,9,9,9,9,9,9,9,8,8,9,9,8,9,8,9,8,8,9,9,9,9,9,8,9,9,9,8,9,9,8,9,8,9,9,9,8,9,9,9,9,9,9,9,9,8,9,9,8,9,8,9,9,9,8,9,8,8,8,9,9,9,9,8,9,8,9,9,9,9,8,8,8,9,9,8,9,9,8,9,8,9,9,9,9,9,9,8,9,9,9,9,9,9,9,9,9,9,9,9,9,9,9,9,9,9,9,8,9
3,9,9,9,8,9,8,9,9,9,9,9,8,9,9,9,9,9,9,9,9,8,9,8,9,9,9,9,9,8,8,8,8,8,9,9,9,9,9,9,9,9,9,9,9,9,8,9,9,9,8,8,9,9,8,9,9,9,9,9,8,9,9,8,8,9,9,8,8,9,9,9,9,8,9,9,9,9,8,9,9,8,8,8,9,8,9,9,9,8,9,8,9,8,9,8,9,9,8,9,9,8,9,8,9,9,9,9,9,9,9,9,9,8,9,9,9,8,9,8,9,8,9,9,9,8,9,9,8,9,8,9,8,9,9,9,9,9,9,8,8,9,9,9,8,9,9,8,9,9,9,9,9,9,8,9,9,9,9,9,9,9,9,9,9,9,9,9,9,8,9,9,9,9,9
4,9,9,9,8,9,9,9,9,9,9,9,9,9,9,9,9,9,9,9,9,9,9,9,9,9,9,9,9,9,9,9,8,9,9,8,9,9,9,9,9,9,9,8,9,9,9,9,8,9,9,8,9,9,9,9,9,9,9,8,9,9,9,9,9,9,9,9,9,9,9,9,9,9,9,9,9,9,9,9,9,9,9,8,8,9,9,9,9,9,9,9,8,8,9,9,9,9,9,9,9,9,9,9,9,9,9,9,8,9,9,9,9,9,9,9,9,9,9,8,9,9,9,9,9,8,9,9,9,9,9,9,9,8,9,9,9,9,9,9,9,8,9,9,8,9,9,9,9,9,9,9,8,9,9,9,9,9,9,9,9,9,9,9,9,9,9,9,8,9,9,9,9,9,9
5,9,9,8,9,9,9,9,9,9,9,9,9,9,9,9,9,9,9,9,9,9,9,9,9,9,9,9,9,9,9,9,9,9,9,9,9,9,9,9,8,9,9,9,9,9,9,9,8,9,9,9,9,9,9,9,9,9,9,9,9,9,9,9,9,9,9,9,8,9,9,9,9,9,9,9,8,9,9,9,9,9,9,9,9,9,9,9,9,9,9,9,9,9,8,9,9,9,9,9,8,9,9,9,9,9,9,9,9,9,9,9,9,9,9,9,8,8,9,9,9,9,9,9,9,9,9,9,9,9,9,9,9,9,9,9,9,9,9,9,9,9,9,9,9,9,9,9,9,9,9,9,9,9,9,9,9,9,9,9,9,9,9,9,9,9,8,9,9,9,9,9,8,9,9
6,9,9,9,9,9,9,9,9,9,9,9,9,9,9,9,9,9,9,9,9,9,9,9,9,9,9,9,9,9,9,9,9,9,9,9,9,9,9,9,9,9,9,9,9,9,9,9,9,9,9,9,9,9,9,9,9,9,9,9,9,9,9,9,9,9,9,9,9,9,9,9,9,9,9,8,9,9,9,8,9,9,9,9,9,9,9,9,9,9,9,9,9,9,9,9,9,8,9,9,9,9,9,9,9,9,9,9,9,9,9,9,9,9,9,9,9,9,9,9,9,9,9,9,8,9,9,9,9,9,9,9,9,9,9,9,9,9,9,9,9,9,9,9,9,9,9,9,9,9,9,9,9,9,9,9,9,9,9,9,9,9,9,9,9,9,9,9,9,9,9,9,9,9,9
7,9,9,9,9,9,9,9,9,9,8,9,9,9,9,9,9,9,9,9,9,9,9,8,9,9,9,9,9,9,9,9,9,9,9,9,9,9,9,9,9,9,9,9,9,9,9,9,9,9,9,9,9,9,9,9,9,9,9,9,9,9,9,9,9,9,9,9,9,9,9,9,9,9,9,9,9,9,9,9,9,9,9,9,9,9,9,9,9,9,9,9,9,9,9,9,9,9,9,9,9,9,9,9,9,9,9,9,9,9,9,9,9,9,9,9,9,9,9,9,9,9,9,9,9,9,9,9,9,9,9,9,9,9,9,9,9,9,9,9,9,9,9,9,9,9,9,9,9,9,9,9,9,9,9,9,9,9,9,9,9,9,9,9,9,9,9,9,9,9,9,9,8,9,9
8,9,9,9,8,9,9,9,9,9,9,9,9,10,10,10,10,10,9,9,10,9,9,9,9,9,9,9,9,8,8,8,8,8,8,8,8,8,8,8,8,8,8,8,8,8,8,8,8,8,8,8,8,10,10,10,10,10,10,10,10,8,8,8,8,8,8,8,8,8,8,8,8,8,8,8,8,8,8,8,8,8,8,8,8,8,8,8,8,8,8,8,8,8,8,8,8,9,9,9,9,10,10,10,10,10,10,10,10,9,9,9,9,8,8,8,8,8,8,8,8,9,9,9,9,10,10,10,10,8,8,8,8,8,8,8,8,8,8,8,8,8,8,8,8,8,8,8,8,8,8,8,8,9,9,9,9,8,8,8,8,9,9,9,9,9,8,9,9,9,9,9,9,9,8
9,9,9,9,9,9,9,9,9,9,8,9,9,9,9,9,9,9,9,9,9,10,10,10,10,10,10,10,10,9,9,9,9,9,9,9,9,9,9,9,9,9,9,9,9,9,9,9,9,9,9,9,9,9,9,9,9,9,9,9,9,9,9,9,9,9,9,9,9,9,9,9,9,9,9,9,9,9,9,9,9,9,9,9,9,9,9,9,9,9,9,9,9,9,9,9,9,10,10,10,10,9,9,9,9,9,9,9,9,9,9,9,9,9,9,9,9,9,9,9,9,9,9,9,9,10,10,10,10,9,9,9,9,9,9,9,9,9,9,9,9,9,9,9,9,9,9,9,9,9,9,9,9,9,9,9,9,9,9,9,9,9,9,9,9,9,9,8,9,9,9,9,9,9,9
10,9,9,9,9,9,9,9,9,9,9,9,9,8,8,8,8,8,8,8,8,9,9,9,9,9,9,9,9,8,8,8,8,8,8,8,8,8,8,8,8,8,8,8,8,8,8,8,8,8,8,8,8,8,8,8,8,8,8,8,8,8,8,8,8,8,8,8,8,8,8,8,8,8,8,8,8,8,8,8,8,8,8,8,8,8,8,8,8,8,8,8,8,8,8,8,8,9,9,9,9,8,8,8,8,8,8,8,8,9,9,9,9,8,8,8,8,8,8,8,8,9,9,9,9,7,7,7,7,8,8,8,8,8,8,8,8,8,8,8,8,8,8,8,8,8,8,8,8,8,8,8,8,10,10,10,10,8,8,8,8,9,9,9,9,9,9,9,8,9,9,9,9,8,9
11,9,9,8,9,9,9,9,9,9,9,9,9,7,7,6,7,7,7,7,7,6,6,6,6,6,6,6,6,5,5,5,5,5,5,5,5,5,5,5,5,5,5,5,5,5,5,5,5,5,5,5,5,7,7,7,7,7,7,7,7,5,5,5,5,5,5,5,5,5,5,5,5,5,5,5,5,5,5,5,5,5,5,5,5,5,5,5,5,5,5,5,5,5,5,5,5,6,6,6,6,7,7,7,7,7,7,7,6,9,9,9,9,5,5,5,5,5,5,5,5,9,9,9,9,3,3,3,3,5,5,5,5,5,5,5,5,5,5,5,5,5,5,5,5,5,5,5,5,5,5,5,5,3,3,3,3,5,5,5,5,9,9,9,9,9,9,9,9,9,9,9,9,9,9
12,9,8,9,9,9,9,9,9,4,7,6,1,3,1,3,4,1,7,4,4,5,6,1,7,2,3,2,3,0,0,0,1,1,1,1,1,1,5,5,7,2,4,0,3,0,5,0,1,3,5,1,4,3,10,3,4,9,1,6,2,10,5,1,14,1,4,1,4,2,6,0,2,4,0,1,6,4,0,6,4,2,3,3,3,0,3,1,3,3,0,0,3,0,1,2,1,6,9,2,7,2,2,2,4,6,0,8,4,8,5,3,1,2,1,1,4,3,3,2,1,4,2,2,6,3,5,4,2,1,6,7,4,2,9,0,5,6,1,4,8,1,0,3,1,1,8,1,5,0,6,0,3,1,0,2,1,0,9,1,6,1,13,5,10,9,9,9,9,9,9,9,9,9,9
13,9,9,9,9,9,9,9,9,10,0,42,39,34,56,64,74,61,45,44,57,62,72,89,58,48,58,68,85,113,132,137,128,130,135,134,133,122,105,56,65,86,99,91,89,70,44,55,69,75,90,83,95,89,40,53,62,78,64,37,57,87,84,157,82,81,81,97,104,93,82,94,109,84,146,114,47,61,100,92,112,72,70,102,90,90,126,112,106,111,117,105,102,88,119,121,140,86,65,96,60,69,74,65,67,68,62,54,50,44,29,8,4,51,168,158,85,48,60,57,61,54,36,31,36,119,245,243,243,151,79,79,67,54,52,56,62,87,201,182,174,91,73,148,73,104,103,171,153,78,85,125,159,186,156,195,232,180,92,68,94,85,11,7,3,9,9,9,9,9,9,9,9,9,9
14,9,9,9,9,9,9,9,9,9,2,49,70,59,81,103,92,61,42,48,59,72,84,99,86,57,90,121,134,140,148,139,121,121,117,106,90,77,26,24,40,120,76,43,104,129,125,99,165,131,102,70,71,64,78,49,60,67,45,42,95,33,49,178,104,62,77,102,98,95,94,145,94,149,166,68,124,133,79,107,178,131,93,130,166,149,104,104,124,107,108,139,103,137,195,169,58,51,53,51,45,59,59,63,86,84,71,55,29,51,25,90,192,220,210,241,252,254,229,149,105,65,37,37,50,26,32,37,14,22,79,71,21,5,71,217,254,246,248,61,75,71,84,77,24,210,252,218,239,225,233,243,232,248,255,251,244,242,202,248,197,167,4,3,9,9,9,9,9,9,9,9,9,9,9
15,9,9,8,9,9,9,9,9,6,8,36,56,33,173,59,91,59,45,41,37,50,77,93,137,127,103,104,125,129,131,120,110,98,82,62,38,50,62,47,24,74,114,72,117,66,101,240,247,253,246,182,120,89,116,129,79,95,49,59,25,68,46,166,156,62,67,79,96,100,137,133,105,139,99,107,195,86,126,178,175,186,179,169,174,146,113,115,107,91,91,91,174,205,135,149,66,39,34,52,25,29,58,47,58,48,33,20,11,51,181,252,211,220,228,228,227,235,196,166,246,255,208,134,69,26,10,30,103,91,6,22,58,193,255,252,254,253,247,250,180,15,67,63,16,28,230,255,239,242,215,225,240,253,248,97,22,43,36,84,219,254,9,2,15,9,9,9,9,9,9,9,9,9,9
16,9,9,9,9,9,9,9,9,11,8,47,54,164,148,100,68,47,46,50,41,42,55,55,78,122,130,87,103,115,123,129,118,113,120,110,113,90,96,85,56,41,91,115,88,161,216,204,213,157,194,210,238,199,105,121,74,84,92,52,50,85,60,111,192,131,70,76,97,116,127,114,137,121,101,196,176,141,173,148,131,106,90,91,88,107,116,108,110,131,212,209,198,194,188,137,74,31,35,45,13,59,84,87,157,245,223,209,130,198,230,167,227,236,242,241,236,196,178,209,189,217,242,252,253,231,211,250,254,253,164,38,245,254,247,234,178,245,241,251,254,204,25,93,20,25,32,237,255,251,254,137,193,231,79,45,58,74,51,61,35,138,11,7,8,9,9,9,9,9,9,9,9,9,9
17,9,9,9,9,9,9,9,9,10,0,63,56,124,112,85,96,57,38,40,46,41,45,69,70,71,106,143,120,127,106,107,130,126,107,92,111,110,103,91,63,54,137,216,192,137,202,156,179,163,148,191,213,180,121,78,79,89,106,89,85,28,73,67,156,218,179,108,120,148,88,112,112,153,219,236,86,138,138,131,107,55,71,58,50,95,79,103,116,133,156,192,160,166,165,120,106,58,43,37,9,103,164,254,254,245,247,254,254,253,246,202,192,244,250,232,195,158,150,192,182,180,214,249,244,253,254,246,247,219,230,242,253,247,251,251,90,41,231,250,251,255,62,32,3,28,10,130,255,254,255,68,32,45,63,69,61,58,42,58,74,46,10,0,5,9,9,9,9,9,9,9,9,9,9
18,9,9,9,9,9,9,9,9,8,3,66,195,121,86,67,89,72,43,41,45,49,42,63,77,52,96,107,111,127,133,133,113,104,114,105,88,108,105,93,70,189,240,172,118,178,175,199,149,198,150,191,179,206,183,95,77,118,94,103,90,78,88,82,108,214,239,161,111,140,143,120,153,242,197,132,109,118,125,132,161,133,100,64,65,101,65,47,92,133,139,182,189,142,158,125,106,146,126,32,38,100,225,254,252,243,234,251,249,234,244,249,249,250,204,176,143,150,157,152,169,190,199,218,240,241,244,244,233,228,215,253,246,248,250,246,65,22,180,237,249,255,75,9,17,29,112,24,251,255,255,48,18,44,80,59,150,52,26,55,83,65,2,6,7,9,9,9,9,9,9,9,9,9,9
19,9,9,9,9,9,9,9,9,16,6,97,114,100,76,185,189,70,53,60,52,40,32,50,87,71,79,87,98,120,134,104,111,128,105,102,101,83,90,91,102,152,129,150,193,197,143,170,159,187,235,248,186,155,158,207,122,92,80,77,67,45,94,113,78,165,170,93,104,115,114,123,108,161,150,79,113,137,122,122,107,239,249,250,251,240,187,113,62,104,105,161,181,206,166,126,90,81,110,46,88,78,250,250,243,241,241,243,246,246,235,245,251,146,104,135,152,126,140,161,180,189,192,191,176,220,246,249,247,208,197,242,252,245,253,184,89,235,253,230,253,255,75,26,24,7,98,48,219,255,247,29,37,64,50,66,186,44,14,60,58,65,4,5,12,9,9,9,9,9,9,9,9,9,9
20,9,9,9,9,9,9,9,9,2,0,144,255,242,255,255,228,61,81,85,35,31,70,242,90,69,88,83,110,115,112,114,86,79,113,107,88,94,99,86,125,158,190,218,210,169,162,171,207,168,181,203,241,162,143,143,179,95,96,104,120,118,121,126,146,143,115,109,110,101,115,123,104,111,81,109,130,106,157,213,224,220,168,168,227,203,217,248,251,234,148,137,162,209,176,134,105,138,56,49,69,187,254,249,246,240,244,245,244,240,245,249,196,102,90,233,220,172,182,190,208,184,179,151,156,141,173,212,239,245,224,246,248,247,235,236,231,233,227,210,239,255,76,33,28,18,85,141,37,241,251,51,50,41,51,213,114,21,25,27,25,39,7,6,9,9,9,9,9,9,9,9,9,9,9
21,9,8,9,9,9,9,9,9,4,2,128,252,239,150,174,198,97,112,130,143,190,230,130,48,62,78,87,88,108,121,104,106,95,77,102,101,69,76,87,136,173,206,202,217,172,151,213,202,217,193,181,139,243,190,132,146,179,54,88,112,90,97,83,86,104,69,134,109,108,119,99,97,68,77,101,71,206,238,208,187,214,207,195,198,160,147,160,161,179,225,226,232,205,230,211,243,252,154,41,145,254,250,202,202,245,239,245,245,244,242,238,141,82,192,222,222,210,185,186,201,175,155,131,150,160,104,135,143,195,219,231,246,247,234,232,214,225,234,202,174,248,105,24,37,18,51,84,152,149,239,75,8,35,216,152,49,23,27,14,19,28,5,6,10,9,9,9,9,9,9,9,9,9,9
22,9,9,9,9,9,8,9,9,9,0,71,192,175,54,66,90,70,84,92,159,164,112,53,81,234,237,72,79,100,115,104,82,99,101,76,106,98,64,72,140,183,216,216,152,138,187,229,243,191,208,154,99,142,242,176,140,148,125,67,95,100,100,122,87,108,75,137,130,104,121,111,123,18,27,55,99,241,220,233,204,202,224,195,194,145,140,169,162,135,154,176,218,235,251,249,242,220,201,47,228,250,251,176,222,236,233,243,246,249,239,199,118,167,250,213,177,191,186,161,171,163,129,112,121,189,164,156,150,220,219,212,220,237,192,195,202,216,207,214,214,236,159,2,20,17,17,50,130,134,170,170,131,157,144,106,26,15,4,14,19,17,5,7,11,9,9,9,9,9,9,9,9,9,9
23,9,9,9,9,9,9,9,9,5,1,80,199,93,85,80,94,70,92,71,87,137,95,60,169,206,128,79,88,76,97,104,84,64,86,87,79,87,74,64,150,192,230,212,168,180,178,248,223,175,214,168,112,126,161,239,197,149,128,134,126,94,102,93,93,102,116,176,118,102,119,125,110,43,41,33,158,174,197,250,214,191,196,194,154,136,160,164,175,167,161,189,179,195,221,237,243,240,185,105,245,249,252,151,171,210,234,240,245,250,247,161,87,195,199,241,174,166,172,165,157,130,96,113,119,133,193,191,202,203,205,229,226,240,207,179,206,215,196,200,189,213,247,157,76,40,27,55,60,101,150,158,167,148,125,55,28,10,20,22,9,13,9,8,11,9,9,9,9,9,9,9,9,9,9
24,9,9,9,9,9,9,9,9,11,0,53,156,72,87,50,84,77,88,93,80,91,64,122,109,104,57,83,86,74,67,88,88,86,59,80,78,70,70,56,176,198,205,189,199,169,217,229,214,160,194,161,93,99,119,178,226,167,141,68,82,102,134,137,134,132,128,118,109,117,137,110,90,52,96,51,128,85,244,234,214,208,201,169,141,140,169,157,172,180,174,182,165,177,195,212,230,210,181,166,252,253,221,139,196,207,220,245,244,238,232,132,81,207,236,229,131,123,134,145,128,88,86,103,118,133,160,202,219,203,231,227,229,243,249,229,222,201,197,199,181,182,189,200,206,220,224,241,88,99,182,135,123,148,141,25,21,4,13,10,3,9,5,11,11,9,9,9,9,9,9,9,9,9,9
25,9,9,9,9,8,8,8,9,2,0,152,98,88,83,67,77,84,95,102,82,41,42,109,56,46,62,82,77,92,52,73,83,87,67,61,72,58,50,58,166,192,186,225,182,195,221,194,185,145,154,148,94,77,122,133,227,195,143,78,165,124,99,120,130,108,138,135,106,131,117,70,58,55,84,85,113,146,251,218,202,222,205,150,145,151,154,165,162,186,188,174,169,163,176,196,216,188,179,192,252,253,177,136,206,223,217,232,220,160,205,121,50,208,250,154,92,109,108,115,127,95,95,114,119,125,150,212,210,213,226,210,216,244,241,224,231,213,200,187,183,174,178,196,178,170,164,200,115,111,150,140,115,157,142,139,117,42,0,11,17,2,5,13,9,9,9,9,9,9,9,9,9,9,9
26,9,9,9,9,8,9,9,9,9,1,130,120,102,72,82,79,94,86,103,79,55,4,57,61,59,57,83,74,80,62,55,75,58,65,53,40,61,57,70,178,188,233,194,190,208,213,150,171,166,126,166,97,94,117,114,190,213,140,122,82,90,114,115,110,120,114,101,110,127,113,74,75,58,70,55,78,159,249,216,211,210,179,166,182,187,177,169,155,178,182,170,172,166,169,170,178,223,160,195,252,250,148,160,222,237,224,216,188,125,200,99,61,156,204,134,87,91,98,93,109,109,98,109,126,137,137,190,197,218,223,211,219,215,227,224,233,203,194,200,173,157,139,173,169,135,38,127,73,129,187,136,116,120,154,47,55,139,68,2,3,13,18,4,10,9,9,9,9,9,9,9,9,9,9
27,9,9,9,9,9,9,9,9,7,5,15,85,103,73,91,74,77,87,99,87,72,3,8,41,50,51,64,66,74,73,43,60,61,43,51,35,31,52,50,187,201,200,198,193,186,197,177,177,153,140,167,99,95,130,101,161,184,176,118,83,73,115,108,84,122,103,92,140,142,111,87,43,75,80,47,63,157,253,226,219,193,175,181,177,192,200,180,132,162,173,174,186,155,172,170,178,165,146,200,254,246,126,172,235,226,207,206,137,97,177,108,36,151,186,149,102,92,93,84,101,128,133,121,127,148,142,171,216,220,214,203,198,198,214,220,214,207,182,185,166,176,142,157,153,128,26,97,48,129,237,145,104,105,145,125,97,150,41,12,10,44,7,6,7,9,9,9,9,9,9,9,9,9,9
28,9,9,9,9,8,9,9,9,8,8,18,41,84,84,78,72,72,82,81,82,105,29,22,40,49,49,64,68,80,79,28,22,50,43,24,28,22,47,42,185,217,208,198,185,167,164,182,194,144,177,197,111,102,136,100,134,133,173,119,137,99,95,108,75,106,97,100,128,160,114,73,23,52,71,53,39,139,241,230,192,182,182,178,179,197,190,152,141,163,188,170,172,170,153,160,167,129,134,175,254,248,129,162,228,215,213,175,109,87,111,105,26,179,203,123,130,83,99,105,127,133,164,139,118,122,145,151,219,225,222,218,181,203,213,216,206,208,179,153,166,163,150,158,183,157,154,161,66,103,128,188,102,118,149,158,87,3,2,7,6,27,7,9,7,9,9,9,9,9,9,9,9,9,9
29,9,9,9,9,9,9,9,9,10,7,83,136,112,69,69,57,58,78,69,72,132,77,13,24,39,47,67,67,67,74,8,80,142,123,75,45,20,24,57,183,183,222,191,175,122,178,202,170,146,189,226,111,101,148,102,117,139,150,139,104,61,79,84,55,107,73,84,135,171,121,57,19,28,16,36,41,123,192,230,198,193,192,180,193,184,159,130,143,146,179,163,174,171,141,146,151,128,120,158,255,251,124,161,207,205,174,151,101,83,81,110,52,163,166,140,118,87,95,110,139,132,181,155,117,144,149,146,188,210,217,216,195,191,206,196,201,189,193,143,153,163,170,166,194,214,202,173,79,108,26,147,112,134,127,34,1,0,3,8,3,13,4,10,8,9,9,9,9,9,9,9,9,9,9
30,9,9,9,9,9,8,8,9,9,0,138,252,254,254,233,201,188,141,107,82,66,40,22,21,34,47,45,47,47,85,195,222,144,107,104,96,65,20,45,175,170,208,189,172,135,190,208,164,141,199,228,124,119,166,110,89,147,149,141,86,53,60,92,81,96,100,74,119,167,113,57,8,11,4,32,38,111,131,216,200,188,185,156,179,168,147,134,133,141,148,183,172,153,135,132,125,104,124,158,255,246,122,171,210,211,170,115,117,78,78,115,115,156,148,150,138,95,93,118,138,111,148,127,136,171,140,171,206,216,212,228,220,203,167,199,195,178,171,127,145,168,174,154,167,172,167,157,110,128,146,87,107,165,105,9,6,0,6,10,2,18,12,9,7,9,9,9,9,9,9,9,9,9,9
31,9,9,9,9,9,9,9,9,2,4,74,181,204,179,181,215,241,249,247,241,186,176,151,165,152,161,174,208,252,247,190,102,107,88,82,82,89,67,38,170,199,167,184,162,155,190,210,161,110,203,239,124,122,166,129,93,140,151,131,118,135,94,106,84,87,94,88,151,164,136,70,3,18,21,41,18,99,106,157,189,158,171,162,173,155,136,147,139,132,138,155,149,132,129,121,111,87,123,148,255,245,135,156,211,196,160,107,115,72,81,113,125,173,162,142,152,118,124,138,103,105,138,169,153,216,186,194,242,185,176,189,220,193,186,184,180,153,152,149,131,159,155,145,144,125,170,168,138,91,132,140,119,170,100,25,0,4,3,4,0,24,12,5,7,9,9,9,9,9,9,9,9,9,9
32,9,8,9,9,9,9,9,9,10,0,105,170,166,139,121,140,166,224,209,196,222,230,229,216,207,203,182,172,159,173,135,132,97,95,77,77,74,83,73,137,184,138,193,134,170,196,193,153,132,179,250,171,139,172,133,93,145,137,108,101,71,68,90,73,76,85,63,186,151,167,114,3,14,35,24,25,91,121,112,169,145,165,179,177,152,126,156,159,118,129,127,111,125,106,105,104,97,101,140,253,252,122,119,186,176,142,117,105,98,82,132,169,170,186,131,143,145,136,121,101,114,140,175,171,203,220,223,224,214,225,187,192,195,198,175,172,133,158,164,143,132,155,142,132,142,167,152,141,89,123,154,151,171,110,33,21,3,11,3,1,32,8,7,9,9,9,9,9,9,9,9,9,9,9
33,9,9,8,9,8,9,9,9,3,0,99,175,167,136,128,158,210,214,202,228,213,216,225,230,228,207,172,171,140,149,133,138,93,99,73,74,62,81,86,107,152,163,181,158,176,200,188,156,131,186,247,186,158,158,138,112,134,121,94,91,83,81,95,89,74,93,70,140,15,19,134,4,10,38,33,48,85,124,99,160,147,155,194,201,177,164,249,178,129,117,116,109,115,94,78,91,116,87,126,253,249,128,98,166,170,155,117,112,100,65,127,223,181,155,113,146,164,155,112,109,100,142,154,177,202,208,173,165,227,217,190,171,205,209,173,172,136,163,145,120,126,178,125,136,167,134,133,133,86,103,116,154,213,110,16,88,28,1,1,5,46,9,6,9,9,9,9,9,9,9,9,9,9,9
34,9,9,9,9,9,9,9,9,8,0,93,124,134,185,164,204,236,186,205,203,206,186,202,192,202,214,200,167,146,137,128,132,127,90,81,49,62,62,66,78,122,155,157,137,162,202,178,136,119,169,251,192,159,145,121,119,106,134,136,75,87,76,78,90,101,87,61,114,17,17,59,19,29,59,47,44,100,133,76,95,152,150,153,183,151,148,139,219,147,111,120,110,100,93,86,89,106,71,126,254,245,144,98,158,144,152,132,120,112,51,136,187,186,173,178,157,159,138,129,132,137,171,212,235,226,227,186,198,178,193,197,191,173,199,163,160,144,155,151,102,108,112,98,129,123,109,142,97,111,124,111,178,216,189,5,50,29,3,1,7,53,9,7,7,9,9,9,9,9,9,9,9,9,9
35,9,9,9,9,9,8,9,9,5,2,85,141,166,156,194,227,179,141,146,140,166,185,175,163,158,186,170,153,130,124,119,122,115,94,89,54,34,53,59,70,87,130,142,128,152,203,169,120,110,162,245,203,169,143,126,121,101,159,117,80,110,75,67,95,60,72,88,80,103,37,21,19,33,54,38,75,131,144,126,24,175,146,164,147,133,103,158,128,137,113,91,91,93,82,99,118,121,81,129,247,240,154,103,141,164,129,138,128,111,55,140,178,180,182,195,171,178,161,131,133,141,226,195,204,229,214,197,212,129,160,158,187,163,168,137,152,144,160,165,102,102,98,76,86,112,168,80,139,128,88,170,207,246,252,20,54,26,1,10,0,47,6,8,5,9,9,9,9,9,9,9,9,9,9
36,9,9,9,9,9,9,9,9,8,0,74,164,162,110,201,185,144,158,165,105,145,182,155,163,152,147,140,164,118,104,117,123,117,102,95,92,37,49,62,62,57,106,136,107,141,207,171,105,98,164,227,167,169,146,138,122,89,134,171,68,94,89,95,90,49,72,91,50,69,118,32,18,18,55,28,88,144,98,135,5,151,147,162,135,69,108,150,137,97,89,69,71,65,68,137,158,146,105,123,243,241,173,127,132,169,149,139,155,89,84,120,119,200,201,184,177,190,171,128,123,142,245,232,219,199,201,206,214,177,145,191,191,168,142,135,148,159,155,132,111,100,86,67,114,151,120,171,222,141,82,175,230,208,221,129,42,23,7,6,6,31,9,6,12,9,9,9,9,9,9,9,9,9,9
37,9,9,9,9,9,9,9,9,3,1,83,146,128,156,126,157,146,189,130,113,168,189,160,146,161,145,157,157,127,112,112,104,113,102,90,90,81,50,62,60,66,78,105,82,132,217,162,112,102,162,235,164,165,137,120,121,97,142,193,80,71,90,104,75,67,62,32,73,80,83,52,17,22,60,36,44,154,101,128,6,115,136,175,128,17,36,85,99,83,64,57,50,40,47,112,124,134,112,116,255,234,140,61,65,169,166,153,115,69,81,94,115,169,193,173,155,180,151,156,102,192,212,199,250,223,194,198,210,186,166,173,142,159,121,125,139,146,127,137,122,106,85,111,161,179,205,240,206,193,121,170,244,31,46,73,4,4,20,12,0,23,10,9,5,9,9,9,9,9,9,9,9,9,9
38,9,9,9,9,9,9,8,9,9,0,73,130,127,103,99,134,173,182,101,144,179,173,160,134,162,125,135,131,110,112,110,103,83,99,94,92,99,76,57,53,61,78,73,73,132,208,143,84,85,160,236,173,179,159,122,103,56,135,131,102,42,60,62,73,53,49,66,50,71,82,69,36,24,65,40,34,212,46,103,42,129,143,164,113,52,25,37,65,49,46,36,25,24,28,58,86,117,87,74,247,226,139,58,18,149,193,131,104,39,100,88,144,176,181,138,148,145,144,140,185,133,38,51,91,235,178,186,199,201,197,146,167,138,124,147,140,129,156,137,110,105,90,119,178,215,213,194,214,210,227,173,241,71,8,79,10,4,11,11,1,29,8,9,6,9,9,9,9,9,9,9,9,9,9
39,9,9,9,9,8,9,9,9,6,0,82,119,112,68,122,142,184,148,126,155,154,144,141,118,148,127,125,114,86,110,107,113,95,99,85,87,84,82,65,71,58,62,87,74,138,204,132,94,123,167,177,185,183,173,135,71,69,140,88,167,52,61,72,78,43,55,49,50,56,47,73,69,52,74,35,55,167,36,50,53,157,147,179,107,61,71,50,27,29,33,16,12,10,9,17,13,132,102,48,237,226,149,55,27,125,210,141,105,31,116,89,93,203,187,156,131,101,152,153,96,12,116,124,94,109,190,175,177,158,130,116,121,118,156,189,132,157,155,136,129,107,118,142,162,209,206,96,88,157,236,64,55,21,13,45,45,6,0,19,11,22,5,9,7,9,9,9,9,9,9,9,9,9,9
40,9,9,9,8,9,9,9,9,7,0,84,111,67,89,147,159,145,112,167,155,107,156,136,117,136,131,121,91,94,92,109,110,99,96,93,82,84,74,62,58,56,60,66,77,73,163,146,128,153,127,103,106,108,112,140,132,103,128,62,232,167,116,74,74,47,46,69,39,57,66,50,84,83,82,34,87,162,62,72,58,165,130,151,90,50,51,51,43,71,63,12,17,7,2,3,24,117,109,27,215,228,179,43,9,124,215,143,95,30,141,63,62,207,183,156,106,132,168,90,66,54,78,121,103,105,137,150,151,129,128,106,114,125,139,170,94,161,139,173,137,99,130,166,177,229,163,9,33,33,48,40,30,31,13,8,33,2,1,29,15,13,6,10,8,9,9,9,9,9,9,9,9,9,9
41,9,9,9,9,9,9,8,8,6,1,68,112,98,124,147,147,110,140,149,115,112,139,113,122,139,120,96,104,85,83,101,114,102,95,88,82,92,79,75,67,69,61,58,61,67,53,121,111,140,105,72,72,114,120,102,122,125,107,33,239,58,41,64,75,87,67,52,53,79,65,37,60,132,71,22,122,175,44,70,94,179,127,154,79,76,67,79,54,73,71,26,16,14,2,15,72,95,101,21,212,210,188,46,4,101,215,129,92,11,171,41,22,234,219,125,151,159,75,69,95,59,56,81,102,80,85,114,112,88,89,85,94,108,116,173,53,109,141,147,142,98,122,185,194,232,58,21,50,57,58,49,50,32,19,19,48,7,6,20,21,6,5,9,9,9,9,9,9,9,9,9,9,9,9
42,9,9,9,8,9,9,9,9,9,0,69,108,124,143,166,117,123,143,138,99,139,112,102,117,125,102,94,87,75,73,92,102,103,92,82,85,76,82,68,66,59,59,68,68,78,59,52,51,99,100,86,75,113,109,82,77,62,104,19,150,201,38,59,85,95,65,40,73,62,68,49,63,191,74,27,131,170,84,45,161,167,187,148,45,62,64,109,62,47,77,50,33,33,5,31,88,110,100,21,199,195,187,23,4,86,205,126,79,24,178,28,30,244,157,190,161,108,53,62,105,75,25,84,51,69,81,57,53,45,60,39,19,53,108,66,17,96,132,118,118,141,119,195,181,60,5,56,57,49,46,60,62,18,21,38,59,2,36,24,20,2,6,7,9,9,9,9,9,9,9,9,9,9,9
43,9,8,8,9,9,8,9,9,3,1,58,96,114,150,143,96,143,146,129,124,123,93,106,100,82,99,105,76,75,61,86,98,88,94,90,84,92,87,77,63,63,57,64,61,66,80,71,66,48,69,87,100,91,97,98,22,16,106,38,77,199,141,81,83,76,100,94,52,68,94,67,123,192,46,32,79,192,124,42,150,129,227,131,51,45,52,123,66,50,64,55,64,35,25,69,79,102,104,21,188,187,165,24,4,100,184,139,57,54,163,20,117,188,205,187,162,72,53,80,70,30,3,94,116,76,52,68,97,66,42,31,34,41,35,16,5,86,151,128,117,71,65,109,82,23,42,56,47,45,77,43,63,15,13,49,62,1,47,14,12,3,10,7,8,9,9,9,9,9,9,9,9,9,9
44,9,9,9,9,9,9,9,9,3,2,50,106,123,141,90,123,131,123,104,107,139,82,109,91,73,75,87,90,40,61,76,84,92,98,84,88,97,91,81,59,61,61,56,61,60,72,72,70,75,68,47,49,74,107,115,32,27,99,30,40,171,124,83,75,94,71,74,60,90,98,95,112,108,22,57,106,172,87,24,121,171,203,102,45,54,54,76,42,59,63,74,73,32,52,50,57,84,128,67,185,182,131,23,4,148,164,123,31,82,133,17,186,180,199,155,130,71,42,61,53,14,6,50,147,138,77,63,99,91,56,80,87,42,42,88,23,61,168,138,137,47,67,48,61,39,58,63,36,39,66,45,48,11,5,38,41,4,11,3,14,19,12,5,10,9,9,9,9,9,9,9,9,9,9
45,9,9,9,9,8,9,8,9,6,0,56,95,104,100,115,109,141,85,99,128,90,98,113,83,73,73,69,81,41,73,80,60,74,82,94,79,82,76,90,63,57,61,62,56,51,58,67,66,61,60,53,51,53,67,83,111,87,77,36,30,115,180,74,81,108,77,101,98,82,63,62,69,104,46,34,99,153,71,26,147,179,129,74,30,54,45,43,60,79,35,98,47,36,45,45,59,54,168,129,182,179,125,31,1,171,142,121,21,120,75,100,176,230,203,172,119,99,43,66,49,18,2,19,104,97,24,42,96,74,44,109,127,34,34,97,58,70,163,133,124,64,76,67,12,36,44,56,36,32,22,47,29,4,16,34,23,4,4,4,9,14,8,9,9,9,9,9,9,9,9,9,9,9,9
46,9,9,9,9,9,8,9,9,5,5,46,91,99,95,102,119,120,78,98,108,95,108,95,57,88,75,68,47,46,79,92,55,69,67,88,80,62,79,82,71,52,53,57,60,49,51,65,78,81,58,66,79,84,86,96,107,111,80,21,33,92,139,101,80,69,45,40,61,66,65,31,61,152,74,40,109,117,29,40,126,104,139,87,60,50,46,46,83,60,45,109,28,21,22,45,44,44,121,144,169,131,119,32,7,223,139,101,64,77,76,157,210,225,213,182,128,108,31,88,63,17,14,39,26,32,42,29,87,31,47,125,142,20,36,77,41,65,151,129,109,66,69,39,31,24,36,29,42,34,52,32,30,32,30,32,23,12,20,21,13,11,7,9,8,9,9,9,9,9,9,9,9,9,9
47,9,9,9,9,9,9,9,9,6,0,49,97,73,81,116,118,103,93,108,66,80,88,83,65,72,64,72,52,46,65,91,64,52,59,72,81,71,69,74,69,57,58,52,58,77,64,55,63,89,98,111,104,89,100,104,111,80,81,41,49,88,72,123,52,58,19,32,25,54,61,70,54,166,74,39,109,109,20,45,69,91,145,84,46,40,54,29,111,40,64,77,50,46,42,54,59,42,104,131,117,92,137,28,30,167,146,79,78,43,108,158,212,217,209,118,115,114,41,99,49,24,47,32,37,18,20,21,15,30,50,142,147,28,37,38,9,53,151,141,114,75,62,42,50,48,45,27,42,22,16,13,41,40,37,33,14,1,14,21,22,14,11,7,9,9,9,9,9,9,9,9,9,9,9
48,9,9,9,9,8,9,9,9,6,0,54,87,62,65,112,101,61,74,90,59,89,83,61,74,73,64,60,48,35,63,73,55,58,60,74,67,77,73,60,61,68,63,60,69,71,71,75,57,20,2,25,73,57,38,51,81,61,13,46,50,41,36,156,67,72,57,50,32,71,46,51,67,142,68,60,115,101,51,53,34,58,169,112,36,42,51,59,109,82,97,55,50,63,60,51,38,34,115,114,77,126,138,48,21,66,140,94,55,41,75,129,175,227,154,123,116,86,34,111,47,24,28,31,25,27,9,29,27,13,64,170,159,20,27,6,0,36,159,151,103,26,47,40,42,37,42,6,55,48,45,45,40,43,19,25,31,12,20,21,48,48,8,10,15,9,9,9,9,9,9,9,9,9,9
49,9,9,9,9,9,9,9,9,5,2,32,57,65,74,83,76,64,72,71,55,70,68,59,65,75,76,71,39,31,64,74,56,68,70,66,81,77,75,74,64,61,78,70,57,68,73,80,81,79,57,27,14,35,18,30,24,47,14,40,9,2,24,142,97,43,61,59,68,47,81,54,115,197,74,36,84,84,67,59,59,42,155,134,36,48,38,46,55,43,54,34,48,40,39,44,42,41,96,108,67,126,110,60,36,51,136,72,44,17,70,150,184,207,93,119,144,56,25,113,48,30,28,9,26,23,26,35,25,4,94,168,176,24,46,11,1,31,151,150,83,8,17,52,56,46,45,28,33,38,46,47,49,45,7,20,49,42,37,35,76,70,9,11,5,9,9,9,9,9,9,9,9,9,9
50,9,9,9,8,9,9,9,9,3,5,29,57,71,69,70,62,73,73,61,62,54,50,55,58,62,59,67,62,48,70,70,61,63,66,52,57,61,72,76,66,62,66,71,57,64,79,83,78,68,67,55,41,48,34,9,27,41,19,44,9,6,24,81,140,76,49,67,54,47,35,35,92,157,94,52,95,99,58,59,47,40,105,146,40,31,46,40,48,56,66,35,42,43,38,37,34,42,68,104,64,109,74,34,54,95,133,44,22,30,82,116,158,178,22,94,142,54,17,66,27,17,23,30,27,18,18,24,37,20,98,170,173,30,43,34,10,5,179,182,79,38,41,53,51,44,48,57,51,53,58,57,59,55,52,58,53,48,50,37,56,56,5,7,13,9,9,9,9,9,9,9,9,9,9
51,9,9,9,9,9,8,9,9,9,2,34,62,62,74,61,63,88,63,40,63,60,43,51,49,43,50,62,51,53,77,74,68,76,69,60,59,65,81,92,90,68,56,66,63,55,72,80,71,63,64,68,58,63,61,40,44,8,19,38,35,18,24,47,113,94,76,86,88,74,26,41,93,138,60,35,111,103,54,46,45,41,77,188,85,29,49,47,43,8,23,34,23,32,42,38,40,42,61,106,51,134,43,36,54,99,113,37,14,28,105,123,104,106,39,84,161,62,19,16,58,27,23,20,23,27,33,25,25,20,87,188,105,25,39,42,19,1,197,209,74,55,54,55,52,52,55,57,72,64,58,60,64,65,61,67,62,56,55,44,50,52,1,8,5,9,9,9,9,9,9,9,9,9,9
52,9,9,8,9,9,9,9,9,7,0,47,75,51,44,63,79,78,52,41,67,45,44,40,36,41,50,42,55,40,89,65,67,92,93,72,54,74,100,100,92,79,55,45,38,53,70,69,71,64,50,49,44,26,57,50,43,20,37,42,39,50,55,39,47,91,83,60,81,81,90,72,65,199,164,48,116,127,44,57,56,44,53,209,122,28,32,29,33,15,17,30,36,53,32,28,40,45,52,94,75,111,36,38,52,95,88,17,21,36,81,129,137,82,54,120,160,54,1,15,21,30,35,25,32,27,26,33,31,29,82,174,30,30,38,41,22,5,166,153,49,27,37,35,55,49,52,58,50,51,58,65,65,55,63,66,72,74,56,58,53,83,2,2,10,9,9,9,9,9,9,9,9,9,9
53,9,9,8,9,9,9,9,9,7,0,42,70,58,53,75,77,68,41,41,58,41,31,34,42,39,43,51,44,30,90,70,80,101,83,90,73,79,75,46,40,59,55,30,19,47,64,57,54,52,52,47,16,12,13,25,47,60,60,44,44,70,88,47,24,53,83,82,68,77,65,59,90,105,77,41,116,111,36,44,52,40,38,177,144,29,48,40,28,26,27,27,35,40,41,34,36,39,42,67,58,80,40,38,36,114,77,11,26,27,86,135,159,38,28,88,145,73,27,32,30,22,29,30,31,34,40,40,36,33,67,131,11,26,41,43,43,37,75,150,55,42,24,41,39,65,92,54,46,54,58,60,59,58,70,60,65,55,61,65,33,74,2,3,10,9,9,9,9,9,9,9,9,9,9
54,9,9,9,9,9,9,9,8,6,2,42,74,53,66,68,68,47,49,55,43,23,47,46,50,40,35,38,43,19,69,80,97,109,96,104,98,80,47,10,17,26,18,5,19,35,38,31,37,29,34,25,20,2,21,55,73,68,70,35,37,70,77,111,33,30,77,87,82,78,69,74,96,57,69,35,56,81,53,38,51,45,49,108,91,66,43,49,53,55,60,44,38,41,43,37,41,38,41,73,67,58,49,46,22,65,87,15,26,32,90,173,174,25,36,115,175,89,38,36,44,40,40,40,37,39,40,44,46,29,100,101,6,30,44,51,44,43,50,156,79,43,40,42,52,29,21,33,61,52,54,59,51,56,49,66,59,53,63,70,71,66,4,5,9,9,9,9,9,9,9,9,9,9,9
55,9,9,8,9,9,9,9,9,8,2,34,64,53,72,58,59,50,56,43,40,36,45,47,48,38,38,43,37,26,63,87,114,103,114,111,91,91,56,32,29,24,5,9,12,18,12,15,18,20,16,6,17,51,82,98,92,63,29,28,45,112,40,4,29,33,80,68,77,74,87,79,77,61,53,35,70,75,75,55,58,58,47,48,63,122,55,60,65,62,51,44,57,63,56,54,59,58,39,73,71,64,53,63,58,53,98,43,54,43,94,178,170,33,63,151,151,95,30,40,33,42,39,41,49,39,40,50,43,30,145,85,4,27,32,39,34,32,22,173,94,43,48,36,54,58,49,57,48,59,61,66,33,50,70,62,63,59,60,56,69,65,8,6,7,9,9,9,9,9,9,9,9,9,9
56,9,9,8,9,9,9,9,9,5,3,35,64,58,59,50,51,50,52,33,36,36,48,43,35,32,29,37,31,27,88,114,116,119,130,111,108,76,42,26,16,18,8,8,8,13,23,19,16,20,27,38,75,87,66,96,80,49,45,54,49,72,95,73,72,35,60,59,77,76,71,62,65,63,64,72,43,28,37,59,69,67,70,56,62,68,62,64,62,62,51,59,66,56,50,64,70,61,68,95,83,59,65,44,70,66,122,78,49,45,87,177,171,33,70,125,75,98,36,37,35,40,38,36,44,50,50,42,33,24,147,77,19,25,40,49,40,29,3,180,133,45,36,61,54,65,56,60,62,59,62,54,63,61,51,40,74,53,63,59,64,75,2,11,14,9,9,9,9,9,9,9,9,9,9
57,9,9,9,9,8,9,9,9,8,0,31,70,48,48,52,49,49,46,33,41,49,34,28,34,30,33,37,40,37,108,119,126,147,107,102,100,77,33,38,30,11,5,7,15,29,42,42,44,58,59,43,67,60,70,85,62,59,66,52,43,46,75,106,49,35,70,77,66,66,85,86,82,74,83,91,78,69,59,77,78,66,70,57,54,52,53,64,63,76,71,77,72,76,66,65,74,78,79,141,147,84,50,54,69,67,103,113,51,51,93,182,178,36,50,108,106,126,65,42,39,45,54,45,33,40,42,38,33,50,140,87,42,41,44,33,33,29,4,135,130,51,59,46,61,51,52,60,57,68,62,55,50,64,72,62,54,67,56,58,71,78,6,7,9,9,9,9,9,9,9,9,9,9,9
58,9,9,9,9,9,9,8,9,9,4,31,57,34,37,51,42,34,31,42,48,33,38,40,29,17,33,49,74,63,126,117,131,116,95,92,69,81,32,23,23,14,1,10,10,10,16,15,25,30,33,31,45,44,62,62,61,62,56,53,35,50,45,56,57,45,67,71,73,75,78,79,82,80,77,74,78,87,76,82,79,81,85,67,69,73,81,81,61,64,71,79,83,78,71,70,87,99,77,198,140,95,58,64,68,73,88,130,52,60,91,172,173,41,47,103,152,56,47,41,53,42,54,51,45,43,40,35,32,69,118,75,46,49,42,50,49,28,39,97,129,59,48,52,57,57,73,53,53,68,68,68,55,46,73,68,73,72,60,61,63,76,7,8,11,9,9,9,9,9,9,9,9,9,9
59,9,9,9,9,8,8,9,9,7,4,29,48,33,30,41,49,41,19,28,40,30,43,39,53,68,76,119,108,108,135,138,126,138,96,62,79,84,19,35,23,14,33,37,35,37,28,21,38,37,36,68,66,41,31,50,57,47,39,38,28,46,51,58,68,37,78,81,80,71,76,67,54,73,77,67,51,74,76,64,77,80,88,87,76,86,69,76,71,70,91,95,78,83,93,93,87,75,66,219,120,48,58,45,66,97,81,115,65,53,86,172,160,51,43,109,172,32,32,44,41,57,59,50,43,46,43,42,42,45,53,80,47,54,61,67,72,41,36,77,144,78,34,39,29,47,65,68,73,69,71,58,37,54,58,71,82,63,67,78,76,80,3,8,8,9,9,9,9,9,9,9,9,9,9
60,9,8,9,8,9,9,9,9,12,0,34,57,32,29,44,51,50,26,28,32,25,55,71,52,73,108,122,98,138,137,148,143,120,74,101,88,61,43,38,6,55,48,46,53,38,58,44,63,60,61,74,51,21,25,33,32,33,41,35,29,41,46,51,54,66,76,55,62,74,70,66,72,68,82,81,78,77,58,77,85,89,85,82,87,81,72,85,64,83,87,93,95,68,82,91,59,84,81,164,113,54,39,38,51,74,77,76,85,43,87,196,164,57,54,87,156,90,57,57,56,65,63,57,59,64,53,52,46,62,64,121,45,61,66,49,40,62,45,63,127,132,73,54,51,56,62,60,56,64,73,65,60,73,79,49,77,71,74,72,76,85,3,9,12,9,9,9,9,9,9,9,9,9,9
61,9,9,9,9,9,9,8,9,3,3,36,63,56,43,55,42,27,18,28,21,14,46,54,59,39,53,76,84,128,145,141,110,70,82,106,104,81,58,43,41,67,58,56,64,63,51,66,72,64,76,62,65,47,18,28,29,16,23,38,52,36,37,38,56,81,84,68,50,76,68,66,63,54,91,77,75,85,86,84,74,92,69,57,69,96,71,77,73,86,84,69,78,92,87,70,55,78,119,35,59,58,62,66,76,63,49,9,84,50,82,194,153,48,50,73,126,96,50,69,63,60,65,63,55,56,65,65,29,46,34,48,51,54,75,65,61,73,67,33,37,143,109,65,70,62,64,73,87,76,90,83,79,73,68,69,79,67,78,73,64,78,3,9,10,9,9,9,9,9,9,9,9,9,9
62,9,9,9,9,9,8,8,9,7,3,41,49,77,70,53,25,17,35,25,14,24,34,39,30,28,31,28,61,129,156,103,69,116,121,117,100,105,66,46,53,60,71,68,72,74,70,83,79,80,95,106,105,95,72,33,22,37,35,40,42,47,51,44,46,71,96,89,67,76,59,80,80,51,53,55,81,64,65,64,88,94,95,89,90,78,93,69,77,56,82,94,84,83,91,92,78,77,153,41,23,68,70,56,54,57,31,57,58,44,81,157,125,46,48,60,91,93,59,67,71,63,52,53,54,56,75,63,62,64,74,58,58,54,69,69,75,63,66,44,8,57,74,70,79,90,95,83,74,84,65,74,84,68,76,75,74,67,70,65,70,80,4,9,7,9,9,9,9,9,9,9,9,9,9
63,9,9,8,9,9,9,9,9,9,6,40,9,15,33,36,38,37,23,11,17,38,22,18,21,32,56,100,58,154,144,93,86,135,145,138,129,127,92,34,46,68,77,49,79,65,77,84,92,108,101,115,105,90,82,84,32,28,46,55,39,65,57,57,35,48,89,120,67,59,66,62,72,55,69,70,49,60,58,79,89,62,72,91,82,85,102,93,91,74,96,75,65,74,90,89,78,90,47,18,33,40,62,62,66,66,42,71,52,59,72,89,137,55,64,52,25,107,77,60,71,74,77,73,69,64,60,77,77,74,78,72,78,86,67,69,65,65,70,71,65,66,59,85,66,82,95,86,80,95,68,92,83,76,88,81,72,80,78,72,74,86,3,7,8,9,9,9,9,9,9,9,9,9,9
64,9,9,9,9,9,9,9,9,4,7,19,9,1,12,7,13,12,9,1,8,11,26,37,28,43,55,62,90,152,103,73,102,77,101,134,131,137,126,65,32,73,76,53,92,84,72,103,103,103,110,121,101,106,82,78,67,26,45,47,42,39,47,69,57,52,94,111,57,52,40,71,56,66,30,40,48,49,77,78,69,56,73,61,76,80,70,71,85,90,81,77,84,85,78,74,81,74,59,72,65,63,71,73,81,88,95,59,69,70,53,92,183,77,41,56,51,54,79,67,65,82,65,79,80,62,36,65,69,64,68,67,81,70,85,91,121,110,103,101,106,74,80,65,77,89,84,80,74,85,80,93,93,91,89,100,93,91,82,93,92,88,2,11,9,9,9,9,9,9,9,9,9,9,9
65,9,9,9,9,9,9,9,9,10,2,21,49,29,31,6,19,20,27,40,52,41,47,42,45,64,145,90,12,88,83,61,77,67,74,117,108,114,122,151,31,50,77,34,95,80,74,85,107,111,111,108,110,101,98,82,86,38,28,66,45,13,20,54,61,66,80,113,70,42,36,23,60,74,78,58,65,63,63,67,86,71,61,71,106,88,96,84,78,94,98,83,88,85,80,79,92,82,107,80,103,98,106,88,82,133,175,57,61,80,75,78,90,97,73,69,79,74,69,65,63,63,60,62,94,94,77,64,63,67,80,76,81,85,74,95,193,136,143,134,85,76,89,75,68,100,69,74,86,80,79,100,111,101,125,105,109,108,102,108,84,108,3,9,12,9,9,9,9,9,9,9,9,9,9
66,9,9,8,9,9,9,8,9,7,8,22,75,39,49,50,51,40,45,51,49,47,34,49,42,94,141,113,35,35,72,81,68,80,101,107,106,103,102,125,134,50,62,35,88,85,88,81,101,101,108,108,116,114,88,102,86,60,41,50,45,23,23,35,80,72,73,86,116,187,183,190,135,58,139,186,182,187,117,58,69,153,171,172,83,125,168,180,182,185,165,70,99,124,188,185,185,130,115,184,181,155,80,106,161,189,191,116,39,85,195,192,188,133,172,196,143,148,179,174,190,140,116,186,123,67,148,178,181,182,89,75,72,187,168,152,173,166,187,191,181,116,182,193,165,184,179,175,172,182,174,116,178,161,167,170,168,172,163,104,104,106,3,9,9,9,9,9,9,9,9,9,9,9,9
67,9,9,9,9,9,9,9,8,9,3,42,69,58,36,30,43,41,47,40,38,50,47,56,56,104,44,55,31,15,3,68,45,58,63,112,96,102,126,129,130,136,66,28,88,78,93,93,92,85,83,80,95,102,82,83,88,70,76,40,54,92,51,46,94,95,97,115,139,186,184,186,152,21,162,189,189,187,101,79,58,184,172,190,52,87,152,186,188,185,126,85,80,129,180,186,187,170,87,184,188,144,98,183,187,176,183,194,131,87,178,189,185,113,154,187,161,135,188,187,183,152,150,180,182,102,92,127,192,107,139,81,141,139,161,190,166,174,183,184,176,110,187,187,111,177,172,168,157,155,159,108,176,177,183,187,186,172,160,186,109,103,3,9,9,9,9,9,9,9,9,9,9,9,9
68,9,9,9,9,8,9,9,8,7,6,52,78,29,52,52,17,35,49,51,27,49,37,29,60,56,59,51,8,3,15,79,51,27,52,72,116,123,122,130,135,144,176,48,60,80,110,106,115,93,20,23,32,36,62,83,93,69,87,67,42,56,61,76,116,100,116,131,70,152,183,193,175,29,185,188,186,165,51,45,84,181,167,159,112,120,121,135,183,180,107,104,89,97,156,188,186,186,97,148,189,82,157,188,186,80,151,186,190,93,154,188,168,83,87,188,153,88,168,193,154,55,109,183,179,126,68,128,163,64,182,97,107,106,83,147,172,112,189,192,112,60,176,184,113,151,133,140,88,96,95,161,164,109,187,183,86,113,176,193,147,121,3,7,8,9,9,9,9,9,9,9,9,9,9
69,9,9,9,9,9,9,9,9,2,5,62,64,27,43,13,43,50,32,34,52,23,19,23,37,36,43,2,25,46,40,94,74,61,66,41,60,101,141,114,128,164,196,170,113,87,97,94,113,95,37,21,28,26,14,47,71,62,59,77,63,20,33,62,133,90,122,77,17,152,189,169,184,112,188,165,188,165,48,27,133,185,183,184,140,96,106,133,185,186,146,84,80,72,143,191,184,185,147,145,189,120,182,187,184,145,178,184,184,127,158,156,136,79,99,186,150,78,155,188,170,104,145,193,178,89,79,133,178,140,174,103,110,181,186,155,158,112,188,192,113,91,182,191,111,129,180,189,129,161,115,179,186,104,185,185,107,94,183,186,180,114,3,7,7,9,9,9,9,9,9,9,9,9,9
70,9,9,9,9,9,9,8,9,11,2,42,56,57,16,32,34,39,48,40,42,36,16,22,22,41,45,36,57,37,24,105,83,84,86,60,33,39,85,103,109,137,150,175,177,108,102,102,119,74,48,33,53,38,14,17,14,67,52,55,105,59,46,36,109,104,138,68,78,145,177,109,188,181,179,122,190,162,27,17,170,176,125,187,181,133,116,151,185,183,147,71,76,76,153,188,170,184,186,158,188,109,181,180,176,114,149,185,185,126,150,167,145,83,99,186,138,89,168,183,185,173,159,187,107,87,104,119,187,129,156,110,128,184,184,189,166,121,185,153,163,170,146,156,148,140,170,165,185,192,119,107,131,92,188,182,100,93,182,181,189,141,7,3,9,9,9,9,9,9,9,9,9,9,9
71,9,9,9,9,9,9,9,9,6,7,25,52,127,23,42,31,15,29,24,33,41,49,37,61,44,46,59,48,34,42,68,95,107,99,90,53,51,48,61,110,121,153,185,169,118,38,49,65,78,56,50,30,45,46,28,28,36,77,38,72,55,52,50,48,30,32,25,32,145,183,68,184,188,161,108,192,158,5,37,192,185,181,184,186,115,75,138,192,188,157,109,180,122,151,174,99,184,186,183,184,123,181,189,176,110,126,191,190,128,151,172,153,97,96,186,132,89,165,187,172,136,178,188,175,64,95,127,118,128,87,117,116,183,182,182,181,124,176,162,131,64,137,160,139,128,181,186,149,178,127,138,148,115,186,182,109,91,179,176,192,131,4,6,9,9,9,9,9,9,9,9,9,9,9
72,9,9,9,9,9,9,9,9,7,12,17,34,145,33,14,33,39,46,54,35,38,25,36,64,55,72,61,29,71,66,48,95,128,120,119,60,23,35,30,47,115,165,185,168,105,71,8,92,71,57,24,38,38,54,36,42,32,70,31,59,44,41,42,47,32,31,29,35,145,171,19,174,193,119,101,192,153,9,94,188,162,157,183,188,189,127,131,183,183,157,115,187,116,141,159,75,159,189,181,185,114,180,185,187,169,182,184,188,124,161,157,109,95,98,171,151,95,162,188,157,82,160,188,194,105,84,96,156,123,124,135,87,126,181,186,190,122,181,187,116,80,158,185,172,177,171,188,125,89,101,182,193,102,186,181,106,101,186,182,194,142,8,6,5,9,9,9,9,9,9,9,9,9,9
73,9,9,8,8,9,9,9,9,10,5,24,22,29,30,40,52,46,58,43,83,60,44,62,43,51,52,45,67,64,56,46,94,152,118,103,57,33,21,32,40,67,125,141,163,134,85,27,142,68,57,44,45,40,21,28,35,30,61,94,79,54,27,36,45,44,37,43,42,172,149,62,158,192,91,125,187,177,84,154,193,130,82,181,188,190,142,143,189,185,166,159,185,131,157,180,119,101,186,175,189,108,153,186,182,177,185,181,189,100,106,172,101,120,167,160,133,110,175,186,180,104,151,185,184,181,98,115,185,126,178,192,119,96,182,190,173,119,183,160,116,109,170,186,184,172,182,185,162,112,135,191,184,133,179,163,142,157,179,195,146,176,5,6,4,9,9,9,9,9,9,9,9,9,9
74,9,9,9,9,9,9,8,9,2,10,17,30,37,42,58,35,25,45,53,62,42,70,78,76,65,49,36,55,55,26,30,85,156,117,111,44,41,50,39,59,59,102,106,125,132,76,33,125,50,56,61,36,31,51,48,49,35,71,129,82,84,29,43,60,40,54,38,87,197,169,155,136,186,71,172,189,195,168,197,188,195,119,195,188,187,152,187,184,186,193,184,186,156,191,184,182,99,186,185,192,82,97,187,185,180,184,194,131,90,68,121,110,181,187,174,90,126,195,188,193,123,135,192,185,178,88,153,186,190,168,183,193,194,189,183,108,172,186,193,193,151,191,189,186,182,185,181,190,191,186,188,184,190,164,182,185,185,187,155,137,157,5,5,11,9,9,9,9,9,9,9,9,9,9
75,9,9,9,9,9,8,9,9,5,6,25,31,34,27,25,29,47,49,51,73,69,49,71,77,73,51,46,37,29,38,30,102,172,144,82,31,60,33,50,61,50,70,114,108,101,52,27,133,78,74,48,33,26,31,28,27,9,82,102,44,31,85,30,30,54,48,34,51,102,102,94,81,105,53,113,113,95,100,99,98,92,62,111,105,94,107,108,109,112,107,124,117,129,140,122,134,107,114,141,123,93,94,94,194,190,176,105,88,108,109,104,108,119,125,108,94,120,141,138,130,112,87,135,160,103,102,110,139,133,133,104,120,136,142,109,39,126,125,105,133,127,144,129,114,151,151,171,154,158,157,128,150,144,130,138,126,121,134,88,91,120,5,0,6,9,9,9,9,9,9,9,9,9,9
76,9,9,9,9,9,9,9,9,13,9,24,41,13,25,36,69,52,30,68,62,35,54,52,21,30,23,35,56,48,27,29,82,146,138,38,32,46,73,77,40,36,22,95,112,86,72,34,178,120,113,18,63,30,32,21,42,16,32,60,68,16,54,26,43,43,32,37,48,27,41,23,49,19,43,61,53,47,50,48,48,25,52,35,115,205,247,245,127,59,62,77,76,90,101,68,76,86,90,95,81,79,84,83,115,125,114,81,93,116,102,105,74,89,88,99,84,84,90,87,99,103,113,103,91,91,113,108,106,116,96,87,107,97,95,106,100,78,102,102,97,115,87,88,113,112,110,108,97,103,110,107,106,84,93,86,65,101,106,121,105,113,4,9,9,9,9,9,9,9,9,9,9,9,9
77,9,9,9,9,9,9,8,9,6,5,25,25,49,65,67,37,29,48,35,25,28,26,37,30,23,27,18,23,13,26,45,47,158,107,22,23,43,40,33,38,36,36,34,102,84,102,57,180,59,123,47,36,38,37,37,20,31,18,44,51,43,39,41,25,67,71,51,37,45,45,51,53,48,54,52,42,55,58,74,78,44,84,226,252,255,251,254,255,220,125,84,103,93,105,107,86,84,61,54,81,67,91,96,70,75,86,89,59,61,68,90,101,101,100,108,102,78,86,100,111,88,108,106,98,104,97,95,106,108,104,80,83,103,100,106,93,117,98,89,72,79,106,125,115,102,102,102,106,97,123,119,128,67,109,79,114,114,104,118,115,116,6,8,11,9,9,9,9,9,9,9,9,9,9
78,9,9,8,9,9,9,9,9,5,3,21,47,57,65,50,31,21,32,34,34,26,23,31,23,53,18,47,45,24,37,42,17,166,111,29,15,36,28,29,65,46,34,23,129,120,100,84,100,19,108,38,7,15,40,30,23,28,47,30,28,31,43,48,37,52,49,52,44,41,49,49,50,47,58,67,74,66,80,67,68,144,241,253,250,215,243,248,250,252,255,182,70,65,92,81,92,103,86,61,89,112,104,78,95,98,88,104,74,115,108,86,101,100,113,104,90,105,103,104,96,80,92,111,105,96,93,80,105,103,100,108,105,107,118,126,126,105,113,92,81,106,112,117,77,95,96,108,102,111,107,109,120,118,106,113,76,92,80,105,117,93,6,10,10,9,9,9,9,9,9,9,9,9,9
79,9,9,9,9,8,9,9,9,6,7,0,48,69,41,35,24,15,16,33,24,18,15,44,29,13,47,43,23,36,24,16,31,160,100,55,32,41,73,63,43,42,27,25,83,146,102,100,69,20,86,40,26,39,44,36,17,36,32,47,40,42,42,39,45,38,30,50,61,78,48,68,76,80,52,60,86,67,83,53,107,255,253,231,232,168,231,243,237,244,252,254,193,83,73,89,86,95,106,110,89,96,57,36,92,110,112,190,235,192,224,121,59,74,114,107,87,101,105,77,69,81,87,99,84,92,100,93,120,137,94,103,89,162,238,206,225,229,205,222,140,113,100,94,93,108,103,106,107,104,104,110,98,93,108,105,102,91,102,97,100,111,8,4,10,9,9,9,9,9,9,9,9,9,9
80,9,9,9,9,8,9,9,9,7,7,13,20,45,15,26,28,20,18,19,25,34,36,21,36,30,42,32,29,36,11,47,34,119,111,80,27,20,30,40,45,52,38,27,48,147,116,96,42,23,28,14,59,61,47,44,53,48,33,36,46,42,33,27,38,43,38,55,57,65,70,65,69,77,75,88,80,74,67,101,231,251,238,227,206,238,212,219,190,235,232,245,255,202,70,91,115,113,105,122,103,82,69,89,80,78,75,163,239,100,204,204,93,81,85,113,88,100,103,68,77,84,60,87,81,83,106,101,137,94,61,92,80,115,239,96,171,236,80,203,230,74,98,102,95,101,116,110,100,76,83,79,103,112,112,110,93,103,106,118,110,137,8,4,9,9,9,9,9,9,9,9,9,9,9
81,9,8,9,9,9,9,9,9,7,1,25,27,11,30,29,17,24,22,30,25,29,30,43,50,14,49,37,42,38,24,48,36,125,127,73,41,34,25,21,43,44,33,28,40,120,116,101,47,53,59,78,57,51,58,55,60,72,55,44,43,45,39,36,61,26,25,33,34,49,76,52,67,75,101,73,54,80,86,215,254,250,180,201,245,193,180,167,208,213,193,213,238,252,150,65,81,91,93,92,39,72,75,81,78,87,70,154,226,61,206,169,68,128,170,186,152,145,182,183,167,126,99,105,163,186,116,117,181,165,94,104,93,128,239,65,183,225,74,211,207,73,149,189,173,182,149,179,107,159,176,107,100,114,113,101,94,100,92,72,133,86,7,7,7,9,9,9,9,9,9,9,9,9,9
82,9,9,9,8,9,9,9,9,5,10,6,5,40,13,16,11,40,40,10,2,29,30,11,29,41,32,2,32,26,28,31,35,88,167,72,56,65,51,46,34,54,33,31,14,97,133,106,80,45,32,38,39,47,36,40,50,51,44,47,58,56,35,29,31,54,54,40,44,46,51,73,76,70,55,67,74,63,136,255,247,247,234,181,190,175,139,158,156,217,211,188,211,253,235,67,82,67,72,92,95,73,87,64,76,83,82,178,225,172,222,120,174,219,120,209,218,75,234,158,180,225,100,224,170,99,104,225,182,145,170,67,96,147,240,76,199,212,81,221,176,178,227,74,203,237,107,236,66,212,239,93,104,94,97,91,97,88,125,139,120,109,6,1,12,9,9,9,9,9,9,9,9,9,9
83,9,9,9,8,9,9,9,9,5,9,12,20,22,18,8,33,90,32,15,11,32,9,16,20,17,9,33,21,16,42,51,64,81,129,91,36,44,32,47,53,53,34,38,41,78,135,96,98,30,48,57,48,47,57,66,38,44,28,63,48,48,42,34,26,35,44,48,59,57,59,72,51,39,48,72,70,48,214,252,252,250,238,161,178,204,203,151,152,209,211,213,199,217,252,177,65,67,88,95,110,100,108,50,80,97,70,190,205,114,231,117,193,194,96,215,190,82,237,122,150,231,102,233,121,88,110,226,99,69,88,97,92,167,235,57,208,209,98,226,156,214,194,92,212,213,124,237,99,221,215,84,117,120,110,108,114,99,129,98,92,113,5,8,9,9,9,9,9,9,9,9,9,9,9
84,9,9,9,9,9,9,9,9,7,8,15,23,17,27,15,18,25,27,30,32,23,30,56,15,35,28,44,38,14,33,50,26,52,120,104,39,44,45,59,49,37,51,41,55,75,149,121,99,62,61,67,59,52,61,63,51,49,59,45,44,39,22,31,46,57,47,50,79,46,48,71,53,50,51,58,73,212,253,249,249,246,231,175,212,150,131,184,187,177,179,238,177,167,241,247,120,51,100,107,99,89,82,81,92,105,91,208,185,111,233,130,215,174,118,219,164,99,237,115,174,217,117,232,115,78,79,214,196,176,87,96,92,192,233,60,206,191,95,227,124,210,184,89,220,192,153,236,113,230,178,77,101,119,108,116,99,98,142,145,136,129,4,5,9,9,9,9,9,9,9,9,9,9,9
85,9,9,9,9,9,9,8,9,6,6,23,38,8,9,22,4,13,13,7,21,29,30,30,37,44,58,40,23,32,55,45,23,47,121,90,37,56,64,42,29,59,56,50,50,47,150,141,91,73,35,55,31,58,34,58,87,64,37,23,40,36,46,55,50,58,47,69,61,52,31,40,57,66,65,35,160,255,252,245,250,245,205,214,227,159,133,106,214,207,164,225,194,201,218,251,247,116,38,51,71,81,71,77,94,90,72,214,178,98,229,140,221,194,116,224,160,133,238,117,195,211,136,240,88,124,166,233,68,89,151,137,72,207,223,61,220,163,87,233,124,223,172,87,226,157,177,235,106,231,157,61,82,88,55,74,91,101,124,163,133,121,3,5,8,9,9,9,9,9,9,9,9,9,9
86,9,8,9,9,9,9,8,9,6,7,23,37,23,24,17,12,13,11,15,41,42,33,50,34,39,34,28,43,35,28,47,42,48,114,88,43,30,33,54,31,56,59,52,28,35,147,112,98,73,49,32,53,53,50,53,74,52,59,56,18,57,87,51,55,45,33,41,52,35,44,54,31,54,31,128,246,250,246,248,250,232,181,216,207,231,169,148,153,223,206,187,203,220,206,206,249,243,115,34,62,101,91,57,69,79,96,231,133,76,230,149,127,236,210,212,207,141,242,63,167,236,102,207,209,197,83,203,205,209,118,88,64,214,191,30,232,148,55,226,179,170,227,195,212,218,83,224,208,234,120,36,53,75,80,71,99,103,112,126,131,151,10,5,9,9,9,9,9,9,9,9,9,9,9
87,9,8,9,9,8,9,9,9,7,9,15,19,27,12,32,11,28,53,60,37,19,30,29,23,39,48,50,66,55,75,74,79,62,121,74,48,55,49,44,32,53,15,35,44,65,148,93,65,60,36,32,66,78,63,49,57,60,23,23,13,22,39,36,30,31,33,29,46,49,34,64,38,14,83,250,248,245,250,245,215,207,191,194,237,249,230,174,214,182,206,216,129,186,213,179,187,252,250,166,57,75,77,69,77,46,67,73,61,74,79,45,74,172,122,72,41,53,71,80,61,19,42,58,62,45,57,73,97,64,75,68,93,62,68,42,73,58,73,85,92,99,102,111,88,92,71,96,73,232,124,55,60,86,104,99,96,123,99,131,140,135,4,4,11,9,9,9,9,9,9,9,9,9,9
88,9,9,9,9,9,8,9,8,7,7,22,36,54,45,21,18,46,62,60,52,57,44,35,64,83,76,71,57,78,46,32,32,28,134,74,47,34,34,43,52,22,45,42,43,39,77,120,76,75,30,70,69,36,44,85,66,27,34,12,68,102,13,40,34,35,58,47,35,30,60,33,57,120,238,249,248,248,240,227,191,188,226,201,212,252,249,238,234,195,190,243,155,69,165,235,195,149,248,255,221,85,46,58,81,81,47,9,38,76,55,35,166,154,109,67,18,59,39,82,43,40,53,53,43,37,40,63,61,51,74,51,20,36,52,39,40,57,51,90,75,79,97,85,114,97,127,128,160,225,79,97,60,57,94,113,98,147,115,114,118,118,5,4,7,9,9,9,9,9,9,9,9,9,9
89,9,8,9,9,9,9,9,9,8,5,40,61,52,38,31,44,28,40,31,46,55,56,32,26,50,53,49,45,39,25,37,25,32,126,35,50,62,12,39,25,44,60,58,28,24,62,160,119,114,72,26,39,29,74,45,43,35,38,22,68,51,46,35,36,52,43,41,33,52,59,28,136,252,253,250,246,242,248,235,202,184,201,213,202,227,247,250,235,223,197,216,243,70,36,156,235,218,247,248,250,244,180,106,51,53,61,57,41,39,26,90,189,153,93,64,52,96,58,47,31,33,12,26,64,58,43,50,59,25,17,17,24,40,43,72,54,47,108,54,80,67,73,76,77,81,82,160,175,114,90,97,126,122,104,95,96,88,118,142,93,110,4,6,10,9,9,9,9,9,9,9,9,9,9
90,9,9,9,8,9,9,9,9,6,9,19,42,67,45,37,19,34,28,46,36,26,26,14,29,58,41,50,31,53,20,43,44,39,123,49,43,108,100,17,41,53,49,61,54,32,84,157,139,97,98,56,67,71,43,27,22,19,25,28,42,33,56,47,45,44,41,35,49,63,35,121,247,253,241,245,240,251,242,189,193,210,202,225,219,213,241,246,235,231,217,196,227,217,86,16,92,247,246,248,247,250,255,255,210,91,33,39,33,48,17,174,171,141,94,43,51,73,47,17,73,55,33,44,45,23,34,53,46,35,23,24,39,59,54,34,37,61,51,83,55,67,102,99,90,77,92,78,76,99,77,117,101,102,74,76,72,102,89,122,79,83,7,3,12,9,9,9,9,9,9,9,9,9,9
91,9,9,9,8,9,9,9,8,10,8,27,23,36,10,27,41,29,53,46,39,35,48,48,46,47,38,59,34,47,29,39,52,53,20,126,119,102,171,53,36,36,61,58,29,42,59,94,100,81,57,96,55,28,29,35,16,43,55,47,14,30,20,34,58,45,33,34,65,49,80,239,251,244,231,227,245,231,237,214,200,233,245,245,237,229,235,249,240,239,243,200,175,230,182,68,19,124,251,247,247,244,247,250,255,224,64,43,44,26,112,182,161,122,93,63,62,86,26,12,79,38,41,57,10,49,59,52,34,28,1,27,50,63,44,41,57,27,54,70,70,75,91,85,78,57,41,50,94,105,98,106,98,108,124,69,90,95,114,113,88,91,4,5,9,9,9,9,9,9,9,9,9,9,9
92,9,9,9,9,9,9,9,9,8,5,17,34,28,45,43,66,45,37,37,59,35,36,31,50,71,92,79,77,49,60,43,37,26,3,53,151,128,110,106,30,35,43,42,6,48,48,69,72,70,39,55,29,30,65,106,44,48,62,57,65,61,61,59,39,40,43,60,57,107,253,251,235,240,218,220,240,215,240,254,248,243,248,242,251,242,244,240,246,243,240,244,184,163,175,137,87,20,144,255,232,249,245,250,244,253,240,81,57,67,173,177,154,109,69,71,66,74,32,37,112,58,54,60,53,72,18,7,92,105,31,32,66,29,46,44,36,69,44,47,49,84,71,93,103,90,98,114,98,98,120,86,124,110,100,120,65,92,182,52,110,86,1,5,8,9,9,9,9,9,9,9,9,9,9
93,9,9,8,9,9,9,8,9,6,3,32,70,33,46,48,57,32,26,48,48,51,51,58,54,80,73,85,86,64,41,31,56,36,47,59,110,73,94,93,59,21,67,86,59,35,26,43,82,77,44,35,20,70,129,110,105,54,48,67,60,56,58,65,46,74,67,61,63,228,249,225,230,239,232,244,243,251,249,248,249,247,249,247,250,250,247,243,242,239,240,224,229,166,143,148,123,59,16,176,250,247,246,246,245,244,253,159,34,125,168,164,155,94,28,18,34,39,46,47,89,68,52,25,33,37,65,52,22,66,103,69,41,53,35,48,68,51,31,44,43,60,94,119,94,104,101,122,115,128,88,105,109,115,85,96,120,125,136,121,100,100,11,1,7,9,9,9,9,9,9,9,9,9,9
94,9,9,9,9,9,9,8,9,5,2,41,60,43,29,22,40,38,54,63,18,32,61,69,57,75,39,29,56,81,50,31,62,39,45,51,23,46,51,59,20,35,32,19,91,64,44,38,20,26,28,49,58,87,99,122,69,37,47,49,48,79,75,42,31,53,57,51,170,254,225,241,240,220,243,244,244,245,245,246,248,249,249,184,210,252,247,243,245,240,248,228,208,223,164,124,130,108,57,48,205,254,244,251,246,236,242,245,127,248,175,129,144,65,7,60,47,64,76,36,88,33,40,21,35,34,53,67,51,17,5,27,76,71,48,60,42,43,75,84,75,90,87,66,99,114,116,127,123,136,119,117,118,123,122,108,118,105,112,158,145,106,1,8,8,9,9,9,9,9,9,9,9,9,9
95,9,9,9,9,9,9,9,9,11,4,21,42,37,50,43,60,63,54,51,52,60,26,30,57,41,45,29,71,55,66,62,78,52,44,54,47,35,37,38,55,26,46,60,95,93,75,60,45,5,35,52,49,37,37,24,4,13,53,38,41,31,44,60,65,90,56,82,246,241,233,245,235,241,245,241,250,247,248,249,249,247,252,211,122,240,252,248,245,242,241,242,205,210,182,122,129,107,93,61,80,244,250,248,249,242,243,237,242,253,250,180,134,48,56,80,74,44,36,40,102,42,83,9,40,63,77,53,46,47,16,38,51,15,44,56,38,71,49,68,61,86,89,82,98,52,79,93,102,109,68,74,96,107,121,141,125,132,123,121,165,130,5,6,7,9,9,9,9,9,9,9,9,9,9
96,9,9,9,9,9,9,8,9,4,6,8,38,55,68,54,57,45,41,48,58,40,52,68,47,30,40,47,70,44,52,90,73,58,75,79,63,43,64,39,28,54,51,70,93,56,45,58,55,47,47,33,27,37,10,10,31,34,46,43,47,46,29,36,64,72,42,211,255,235,242,244,235,247,247,247,247,246,247,247,247,246,251,250,100,160,255,249,243,246,243,232,223,186,186,147,137,113,82,71,67,173,251,251,248,252,231,185,254,250,249,255,154,75,101,77,73,43,54,92,86,49,58,66,84,53,67,64,45,128,108,48,100,90,57,51,72,33,44,74,111,96,77,86,98,115,101,114,110,94,95,107,116,103,114,142,101,110,108,134,142,127,9,4,10,9,9,9,9,9,9,9,9,9,9
97,9,9,9,9,9,9,9,9,5,3,33,44,58,33,66,45,61,45,72,45,38,54,90,48,48,59,40,80,89,56,68,59,63,72,53,60,75,57,43,45,68,44,20,34,47,53,31,43,55,25,33,49,26,23,61,45,28,43,53,53,59,63,51,57,59,137,255,244,247,241,238,239,247,247,247,247,246,247,247,247,248,251,255,164,68,195,255,247,245,244,243,243,203,180,148,155,119,98,80,90,135,245,251,253,229,167,213,255,247,244,251,244,75,47,68,79,57,61,115,77,52,50,29,32,78,46,38,91,39,44,75,66,58,34,59,25,38,64,98,67,98,81,88,100,99,125,86,120,111,110,88,102,121,102,89,93,88,144,122,132,110,3,5,14,9,9,9,9,9,9,9,9,9,9
98,9,9,9,9,9,9,9,8,8,0,39,50,40,55,83,55,57,61,68,46,58,65,57,72,76,48,41,83,82,67,116,78,55,91,94,70,62,65,67,56,63,44,24,45,60,45,34,21,46,43,58,74,39,52,64,39,43,85,71,81,80,78,62,65,79,241,248,246,245,241,241,248,247,247,247,247,247,247,247,247,244,246,251,239,80,81,188,245,251,245,241,242,231,172,146,145,111,110,96,72,131,242,241,179,164,156,250,252,248,246,243,228,46,9,17,69,74,44,125,77,58,52,56,45,53,33,39,79,32,37,53,49,32,14,53,61,56,81,76,79,76,32,44,114,111,88,99,82,98,93,83,75,85,102,94,126,92,144,105,117,128,7,7,9,9,9,9,9,9,9,9,9,9,9
99,9,9,9,8,9,8,9,9,7,4,34,67,67,48,56,51,53,75,84,64,60,48,56,52,74,60,69,61,31,53,76,41,68,49,60,65,33,53,66,64,79,44,61,61,55,53,61,74,47,35,31,70,70,45,39,70,57,69,68,26,56,64,97,68,193,251,252,245,242,245,247,247,247,247,247,247,247,247,247,247,248,248,247,252,187,54,88,122,196,233,251,237,233,184,144,118,106,74,81,57,138,190,148,142,128,176,252,249,242,249,251,166,60,56,48,69,74,68,76,61,35,51,39,47,102,118,69,66,75,62,28,51,31,17,28,61,68,97,86,105,97,73,55,104,129,101,118,79,78,110,95,78,109,77,92,94,155,140,104,109,137,4,3,7,9,9,9,9,9,9,9,9,9,9
100,9,9,9,9,9,9,9,9,12,5,50,34,45,64,57,67,42,42,61,86,68,55,66,59,65,37,78,64,62,62,31,25,57,54,76,56,52,74,64,98,67,52,54,70,69,77,59,62,52,55,78,88,43,8,41,73,68,54,59,47,56,97,63,77,255,251,247,245,246,247,247,248,248,249,244,247,247,242,245,247,247,247,246,249,249,123,42,83,95,110,152,183,203,195,152,125,122,119,157,127,152,131,139,114,125,240,247,250,244,249,252,161,83,94,82,62,36,69,77,69,43,49,45,39,25,46,71,62,63,26,60,65,84,47,63,34,37,50,82,104,63,96,107,53,116,87,107,107,105,68,75,117,114,88,153,148,150,109,158,118,101,8,7,8,9,9,9,9,9,9,9,9,9,9
101,9,9,9,9,9,9,8,9,5,9,26,61,84,67,87,73,94,67,50,48,52,34,44,28,28,56,38,63,57,92,66,67,33,69,56,71,91,96,87,92,71,82,76,63,59,59,47,57,56,62,60,59,64,94,79,59,68,62,72,39,51,79,69,226,253,249,246,246,249,248,246,245,246,245,244,250,245,246,244,248,247,242,243,246,253,246,131,39,71,91,120,132,133,150,153,165,170,188,225,247,231,230,233,216,241,243,244,224,245,247,253,186,57,109,102,52,50,52,36,30,83,62,61,59,23,17,59,40,75,68,61,104,40,41,40,10,43,42,52,12,27,63,51,103,103,114,122,54,109,124,89,98,135,84,188,139,151,120,119,113,171,11,7,10,9,9,9,9,9,9,9,9,9,9
102,9,9,9,9,9,9,9,9,10,5,22,48,49,70,70,26,31,27,38,60,36,57,50,56,69,78,92,82,92,82,79,79,52,74,60,78,64,74,82,59,56,58,58,55,71,67,101,72,73,53,22,29,81,90,83,46,60,83,66,56,70,47,194,254,250,247,246,246,245,246,248,249,249,240,232,247,242,246,245,246,249,237,232,245,245,248,254,163,27,52,72,95,110,120,121,138,146,147,213,253,249,248,253,250,246,248,201,180,246,242,254,235,24,51,99,86,131,116,45,53,78,66,45,50,72,71,33,55,46,66,49,17,31,88,47,15,58,63,66,87,70,71,58,81,83,96,129,158,158,103,106,127,106,133,108,75,84,148,113,110,130,6,3,12,9,9,9,9,9,9,9,9,9,9
103,9,9,9,9,8,9,9,9,5,6,28,58,75,112,29,19,6,30,56,82,85,45,51,70,79,57,33,60,75,66,63,83,67,67,57,74,81,76,57,39,79,48,34,81,51,95,59,61,57,57,64,62,62,67,51,39,52,57,67,88,94,137,255,248,248,246,245,247,248,247,246,246,247,246,226,232,250,246,241,230,250,249,237,246,250,246,248,239,151,43,27,51,42,58,79,117,126,124,237,249,246,245,242,245,248,246,232,244,232,206,253,254,77,11,57,73,58,94,94,87,71,82,66,54,49,80,34,3,1,52,16,27,90,120,121,124,112,91,86,82,109,112,125,127,114,98,75,94,106,43,53,76,112,96,96,72,79,105,97,156,158,4,4,8,9,9,9,9,9,9,9,9,9,9
104,9,9,9,9,8,8,9,9,7,5,29,100,76,124,54,7,49,19,50,39,11,23,37,38,49,76,53,45,83,68,51,26,33,52,27,33,62,45,63,27,56,73,40,70,63,31,59,67,59,38,57,75,73,59,49,65,63,68,56,54,51,238,253,245,247,246,246,248,241,241,243,247,243,242,234,232,249,246,226,215,247,250,245,235,248,249,244,247,245,190,116,86,75,54,36,61,89,113,224,248,244,244,247,240,243,243,248,249,221,221,252,255,72,45,43,96,60,49,72,83,50,35,39,3,42,25,59,53,41,11,46,115,102,88,66,74,104,87,68,96,88,128,136,106,140,120,85,88,151,141,137,126,99,86,95,87,66,102,73,134,118,4,2,4,9,9,9,9,9,9,9,9,9,9
105,9,9,9,9,9,9,9,9,3,4,47,41,21,77,11,53,47,12,44,68,48,82,84,22,38,45,39,86,73,49,52,56,42,61,67,42,37,73,66,53,54,42,43,39,50,57,67,89,72,73,70,66,66,71,56,77,82,69,58,68,141,254,244,248,246,245,244,242,246,247,247,245,239,238,230,237,246,250,241,227,239,244,245,241,248,245,243,248,254,224,189,167,173,164,139,103,78,74,220,248,245,249,244,247,236,246,245,241,244,245,251,253,90,61,74,60,56,82,98,97,64,13,30,41,26,18,61,72,31,71,90,80,72,55,76,62,110,112,113,83,110,138,108,77,79,69,117,127,65,95,96,83,59,98,75,109,63,146,92,142,144,4,0,5,9,9,9,9,9,9,9,9,9,9
106,9,9,9,9,8,9,9,9,8,7,37,72,29,12,11,19,17,57,60,65,65,69,46,57,64,67,57,46,48,71,52,62,60,54,60,66,59,25,59,71,72,45,31,50,60,31,59,87,56,52,60,34,65,70,80,74,63,76,57,60,234,250,249,248,239,243,245,243,239,243,246,248,243,249,221,231,247,245,246,249,237,242,245,246,245,242,242,240,247,234,220,203,146,138,153,121,121,100,151,213,252,245,245,245,244,247,245,246,240,242,245,251,74,52,58,88,75,69,84,98,71,105,41,48,30,41,49,53,46,85,33,102,39,69,92,78,116,116,107,126,128,113,69,85,85,85,93,124,112,104,106,93,83,115,81,51,105,164,130,134,77,6,8,13,9,9,9,9,9,9,9,9,9,9
107,9,9,9,9,9,8,9,9,6,5,26,74,68,53,52,63,53,42,75,70,84,58,64,56,62,81,89,53,46,59,59,46,58,33,36,49,30,74,69,66,55,60,45,34,53,36,34,22,20,56,55,57,60,59,68,74,74,40,24,96,253,251,243,237,242,246,247,241,221,242,252,244,238,244,235,236,236,246,242,244,243,244,245,246,231,237,244,238,246,241,238,234,202,140,132,121,119,128,93,21,171,254,246,241,245,244,246,243,242,244,250,243,38,45,34,68,57,70,87,84,103,89,94,101,99,59,43,67,56,18,79,60,56,40,48,63,90,113,117,113,99,115,96,99,107,101,114,136,105,119,114,92,105,110,105,83,121,91,114,64,91,3,7,13,9,9,9,9,9,9,9,9,9,9
108,9,9,9,8,9,9,9,9,7,7,31,30,44,60,60,37,44,60,68,28,31,80,51,80,107,93,66,87,70,70,63,55,58,61,55,37,62,74,42,50,56,72,17,21,73,47,32,33,28,62,46,86,78,61,57,63,67,61,74,184,251,248,228,243,250,238,235,233,245,247,247,244,244,239,234,233,237,242,248,242,244,237,245,245,234,242,240,238,237,247,238,226,212,154,135,116,114,130,85,6,21,166,254,246,248,242,248,244,243,245,249,251,36,30,26,39,89,69,81,79,106,102,101,105,93,64,46,61,44,74,74,51,57,110,137,129,104,110,115,98,89,116,116,90,121,99,82,109,116,120,96,116,88,115,130,120,139,116,80,56,53,8,4,13,9,9,9,9,9,9,9,9,9,9
109,9,9,9,9,9,8,8,8,6,3,41,42,56,70,48,48,72,63,30,50,42,76,63,90,64,90,60,60,52,51,29,45,47,70,40,53,63,22,27,64,84,79,66,34,22,4,11,43,68,35,70,70,43,83,82,61,74,65,40,227,250,246,234,201,237,233,238,244,250,246,243,244,245,237,240,234,232,234,241,243,240,243,239,245,242,240,237,243,230,235,247,231,227,139,169,114,103,113,71,7,5,27,171,252,252,248,241,239,244,244,248,253,39,18,7,70,82,103,83,119,106,108,109,82,98,111,72,48,75,54,46,87,45,72,91,101,111,113,102,96,85,116,117,132,112,124,115,104,92,115,106,121,116,99,139,157,123,96,88,66,110,3,7,5,9,9,9,9,9,9,9,9,9,9
110,9,9,9,9,9,9,9,9,9,3,46,85,60,65,44,67,68,51,92,53,73,55,63,61,47,29,40,28,48,59,43,61,37,57,77,38,54,45,52,48,43,60,33,49,48,67,69,84,48,52,80,44,45,73,45,70,79,57,138,255,248,246,212,90,239,246,248,242,249,246,243,244,244,242,243,219,236,228,236,245,242,240,244,235,242,248,248,249,244,233,242,231,222,169,158,118,88,107,32,8,6,2,22,81,219,252,246,246,245,242,246,254,79,9,4,74,78,85,84,95,107,116,117,78,88,82,71,37,80,46,30,84,59,41,64,127,127,90,87,99,120,106,106,110,110,103,85,94,102,107,113,120,79,80,85,148,130,112,111,102,88,4,4,9,9,9,9,9,9,9,9,9,9,9
111,9,9,9,9,9,9,8,9,7,1,55,87,55,37,48,52,39,52,32,27,87,48,117,70,73,52,59,54,46,49,36,34,61,49,57,38,53,43,61,44,59,55,55,36,77,77,63,70,32,52,53,45,56,73,61,50,69,88,247,251,245,243,245,246,247,245,241,241,244,247,247,244,246,240,245,238,244,230,235,248,248,244,229,237,245,250,248,248,251,242,239,229,209,208,157,124,79,85,25,9,4,3,28,39,47,215,252,246,245,241,246,254,146,4,14,73,99,90,127,98,106,130,109,110,113,70,52,54,81,73,66,5,60,123,118,108,117,115,115,102,102,115,91,111,137,90,105,118,105,102,126,119,89,103,88,121,97,138,105,124,85,4,11,8,9,9,9,9,9,9,9,9,9,9
112,9,9,9,9,8,9,9,9,8,7,36,67,61,90,85,84,70,50,50,50,56,77,54,75,54,52,21,40,60,64,28,25,79,44,68,26,36,35,63,49,39,40,59,56,61,45,69,47,67,68,53,71,48,59,95,95,54,103,255,249,245,242,247,248,235,237,246,243,236,242,251,247,245,245,246,242,245,242,240,241,244,244,237,246,246,248,248,246,244,247,243,239,217,196,159,143,71,37,16,7,4,3,25,61,34,48,227,247,241,245,239,252,211,14,32,83,81,83,72,114,105,95,86,91,104,93,93,75,46,53,101,104,95,106,110,98,88,101,102,88,84,120,128,113,111,97,76,89,109,106,121,92,103,135,109,105,96,130,121,113,143,4,4,12,9,9,9,9,9,9,9,9,9,9
113,9,9,9,9,9,9,9,9,10,3,30,52,77,61,68,48,80,91,68,47,87,55,15,20,37,41,31,27,19,36,50,61,52,19,59,60,32,59,64,58,92,60,60,84,92,87,55,30,51,75,76,78,73,82,62,78,22,151,255,251,249,243,243,241,244,245,245,235,210,211,227,252,246,247,245,246,244,244,243,242,244,248,250,248,246,248,248,246,242,242,244,242,213,203,135,158,65,21,10,7,4,2,25,28,30,14,91,252,246,243,245,248,249,25,44,85,59,106,23,72,122,106,99,98,93,80,100,106,87,76,106,106,108,90,100,125,96,102,107,79,105,136,106,91,102,93,69,113,104,109,116,120,171,117,125,115,121,128,106,118,143,6,4,11,9,9,9,9,9,9,9,9,9,9
114,9,9,9,9,9,9,9,9,6,7,36,58,31,21,65,28,48,78,64,50,92,93,56,83,81,52,57,24,21,39,45,57,6,36,37,42,32,34,22,64,56,61,55,58,79,96,62,46,76,69,77,77,64,33,44,53,77,221,253,244,248,242,243,242,237,244,245,164,213,197,205,220,241,250,246,247,243,239,240,245,250,243,245,244,246,248,248,246,244,245,227,208,238,208,154,143,70,18,10,5,9,7,24,13,6,26,7,204,251,248,241,252,255,73,27,58,100,90,74,46,108,118,101,96,104,95,99,107,128,97,109,122,113,97,104,102,115,102,106,102,107,123,114,103,108,124,108,109,98,103,98,70,79,93,47,55,107,100,107,137,127,4,3,10,9,9,9,9,9,9,9,9,9,9
115,9,9,9,9,8,9,9,9,2,5,46,80,99,95,56,42,58,84,100,106,39,63,66,49,17,35,30,33,41,34,31,20,36,52,26,35,21,35,73,34,73,68,60,55,94,68,56,39,30,65,55,81,46,77,103,81,59,247,253,247,244,242,247,249,197,212,217,205,222,211,224,187,215,239,243,246,245,246,248,249,248,245,247,250,246,248,248,246,240,244,197,152,209,217,170,135,65,17,12,9,6,4,12,10,6,3,9,32,225,249,244,248,253,147,26,47,68,82,85,101,93,102,99,71,107,106,80,109,79,95,100,100,93,91,129,88,93,111,75,103,92,113,109,105,74,96,112,124,127,102,103,83,72,109,71,80,104,80,121,122,131,7,3,10,9,9,9,9,9,9,9,9,9,9
116,9,9,9,9,9,9,9,9,12,8,36,36,33,70,56,69,80,50,49,71,71,71,67,89,28,24,69,66,73,50,59,37,41,66,38,31,28,69,62,49,51,36,31,37,71,71,50,65,73,51,39,46,75,97,103,48,116,255,247,246,242,244,244,247,194,207,185,196,202,236,228,216,223,229,241,248,246,246,245,245,246,246,246,246,247,243,246,245,245,238,184,110,154,222,191,131,66,36,29,26,10,1,14,18,20,11,4,8,57,219,245,244,250,232,24,39,57,65,96,88,109,104,94,98,87,106,74,98,101,95,89,98,109,87,102,43,103,138,121,103,123,125,132,112,117,121,116,112,104,74,77,91,90,83,66,87,95,109,110,116,116,7,8,7,9,9,9,9,9,9,9,9,9,9
117,9,9,9,8,9,9,9,9,8,3,48,28,71,35,45,84,59,50,87,76,62,64,67,61,67,73,71,47,34,43,52,48,69,67,80,57,65,72,38,52,22,45,109,78,79,50,61,39,18,54,66,51,97,103,68,66,199,249,253,245,246,242,247,239,197,175,195,219,192,239,241,235,225,237,243,242,246,246,247,247,246,246,246,246,247,245,248,245,243,226,174,135,125,188,206,147,68,36,49,36,7,9,21,38,19,12,16,11,4,111,254,249,246,253,72,31,65,95,83,89,104,109,93,106,98,90,69,96,99,92,81,95,94,96,72,68,111,91,114,118,113,115,109,114,125,98,85,94,110,120,99,92,93,100,115,91,106,114,99,120,125,5,6,10,9,9,9,9,9,9,9,9,9,9
118,9,9,9,9,9,9,9,9,4,6,49,78,91,72,52,89,76,46,69,49,48,80,72,74,59,47,57,41,50,58,35,71,65,79,84,61,61,81,40,44,43,52,78,62,39,26,38,52,59,44,72,66,71,43,62,53,234,250,244,247,243,241,240,222,203,207,236,193,166,197,244,235,226,227,229,245,242,244,245,247,246,246,246,246,247,246,246,239,245,215,149,130,139,169,219,169,60,36,51,16,30,23,36,14,21,8,27,31,9,36,239,251,239,255,196,35,48,84,65,77,99,92,86,100,107,71,81,78,75,94,97,63,74,100,80,88,107,67,92,103,122,112,106,104,125,91,68,79,113,91,97,104,116,104,117,133,120,142,100,136,128,6,6,10,9,9,9,9,9,9,9,9,9,9
119,9,8,8,9,9,9,9,9,9,6,39,91,76,73,103,73,75,76,55,92,48,32,47,84,67,71,69,45,87,28,53,12,43,67,76,84,57,52,71,51,67,90,38,8,21,51,46,32,77,36,55,64,11,43,73,94,255,251,244,237,244,248,238,216,233,195,181,159,158,154,237,239,234,232,228,243,238,240,243,245,246,246,246,246,248,247,243,230,232,190,145,99,120,177,187,237,124,23,25,42,74,32,7,4,28,28,9,18,12,3,133,252,249,249,252,83,36,74,73,70,81,103,78,38,84,101,91,110,58,60,98,97,75,110,86,116,90,72,99,105,92,134,116,117,115,111,126,97,73,116,119,123,122,130,104,109,110,124,131,145,125,6,7,10,9,9,9,9,9,9,9,9,9,9
120,9,9,9,9,8,8,9,9,14,3,35,53,19,71,52,56,56,69,111,67,30,44,98,63,40,57,45,92,63,42,40,54,67,63,36,55,68,40,68,61,35,42,23,66,80,50,32,68,92,62,29,40,82,68,56,132,254,250,248,248,239,239,231,216,238,220,109,78,139,173,249,247,240,243,229,246,243,244,245,242,247,247,247,247,247,244,242,250,226,145,174,143,130,168,191,216,246,98,5,55,76,29,3,4,28,32,9,2,13,5,36,224,251,239,252,211,41,66,89,105,95,96,75,74,92,89,95,94,102,76,55,103,100,70,102,117,94,113,113,83,78,82,120,128,121,125,104,101,97,104,105,110,108,102,105,79,120,147,72,93,99,4,7,9,9,9,9,9,9,9,9,9,9,9
121,9,9,9,9,9,9,9,9,9,6,49,25,46,45,94,60,60,70,30,17,56,91,82,84,69,37,72,55,45,53,63,97,61,79,66,39,58,27,78,28,81,58,46,78,56,50,72,81,45,19,59,54,72,72,47,183,253,246,248,243,240,243,237,220,230,225,123,162,181,160,234,244,231,223,227,244,243,247,247,250,247,247,247,247,248,242,250,243,187,135,154,151,145,164,188,210,239,243,74,26,42,17,1,3,18,43,40,12,7,6,3,66,254,247,247,254,139,37,67,122,113,61,84,91,88,100,84,114,122,86,93,82,96,70,82,95,113,111,109,115,113,97,112,113,133,102,108,107,93,119,126,109,91,109,115,96,82,87,112,102,119,4,8,5,9,9,9,9,9,9,9,9,9,9
122,9,9,9,8,9,9,9,9,4,8,36,59,93,79,81,54,70,71,67,59,74,107,82,86,69,48,54,59,34,29,88,73,86,72,60,52,49,61,33,62,87,29,67,55,76,80,73,48,42,84,80,103,59,77,89,231,254,248,247,238,244,245,238,193,210,175,178,155,165,178,204,215,233,217,222,250,242,241,240,241,247,247,247,247,245,249,237,226,155,124,145,157,150,176,193,219,230,243,230,30,4,5,11,10,8,33,46,37,2,6,4,7,230,250,246,243,244,177,44,98,107,73,49,74,96,93,113,108,110,83,56,96,85,93,107,103,109,115,106,105,98,90,98,128,141,98,84,83,101,108,110,129,105,108,69,58,56,108,126,116,113,4,5,11,9,9,9,9,9,9,9,9,9,9
123,9,9,9,9,9,9,9,8,10,2,19,69,80,58,61,44,40,56,57,54,50,86,95,78,64,78,67,45,19,52,39,88,53,61,47,42,47,52,50,47,40,63,56,59,85,50,43,79,75,80,68,17,79,87,130,253,247,250,249,244,241,232,236,184,201,191,162,137,169,178,216,224,242,248,233,242,244,245,237,241,247,247,247,247,244,247,242,197,136,167,176,171,187,204,221,216,207,236,249,185,1,12,30,19,12,27,24,53,12,4,2,6,232,251,239,246,252,255,140,78,86,87,88,91,78,64,79,81,68,79,76,69,107,117,111,75,95,124,106,113,105,107,127,123,102,113,103,117,100,85,111,121,124,133,107,86,109,116,127,115,128,3,7,5,9,9,9,9,9,9,9,9,9,9
124,9,9,9,9,8,9,9,9,5,9,43,97,85,54,41,67,81,74,71,74,104,68,76,88,43,67,60,78,42,76,79,43,61,53,46,49,27,48,31,44,71,84,72,67,68,78,108,80,112,95,62,85,85,64,202,253,244,252,204,231,237,233,205,187,190,175,178,171,177,173,216,230,247,247,243,242,246,246,248,249,247,247,247,247,249,231,231,168,164,190,198,204,223,226,225,216,204,221,238,254,101,4,28,21,24,15,29,18,14,8,4,3,197,228,249,246,243,252,247,78,40,71,88,75,81,45,26,32,20,87,120,73,100,107,103,58,67,76,91,104,129,112,133,124,124,116,122,119,91,94,89,101,102,119,121,124,109,114,113,121,91,5,4,10,9,9,9,9,9,9,9,9,9,9
125,9,8,9,9,9,9,8,9,8,2,59,85,85,94,53,75,95,73,97,65,58,76,47,48,73,53,85,47,77,72,53,61,52,28,55,39,77,66,71,66,47,81,99,104,43,82,90,113,106,99,79,72,68,123,255,248,253,236,184,241,212,221,213,182,159,226,203,184,193,227,204,221,235,247,246,245,246,246,248,249,247,247,247,247,248,219,161,157,184,197,201,211,222,230,218,183,198,199,207,230,244,149,16,25,17,21,13,17,23,5,17,2,163,255,246,243,248,248,253,161,54,81,85,91,87,74,8,36,62,53,90,78,79,126,109,103,117,120,65,51,68,72,82,95,95,118,128,105,99,100,106,134,102,123,105,111,100,93,103,115,118,4,6,4,9,9,9,9,9,9,9,9,9,9
126,9,9,9,9,9,9,9,8,2,2,60,111,108,25,37,73,56,74,65,63,69,102,48,64,62,34,26,30,65,50,70,86,66,41,75,68,49,74,77,57,69,66,60,77,58,107,105,104,84,82,80,69,64,235,252,253,248,242,246,248,241,209,209,211,223,229,199,173,203,205,222,221,222,251,250,245,246,246,248,249,247,247,247,247,237,226,135,171,202,193,216,216,216,234,204,177,191,188,177,164,220,247,195,58,17,30,107,166,53,6,2,122,220,242,248,248,247,250,249,249,112,112,74,95,90,90,79,24,27,62,82,92,107,86,94,100,97,124,129,118,101,103,107,128,107,116,108,109,110,115,96,101,125,109,100,92,111,109,122,111,108,12,4,12,9,9,9,9,9,9,9,9,9,9
127,9,9,8,9,9,9,9,9,9,2,64,101,45,59,36,37,97,56,53,111,120,50,45,60,57,38,67,89,73,58,27,68,50,64,52,45,66,93,86,80,82,80,44,95,81,110,78,91,109,66,32,95,61,255,246,240,248,248,246,221,215,221,242,244,248,229,228,205,191,215,220,224,223,248,245,248,246,246,248,249,247,247,247,247,231,189,138,202,209,216,214,205,216,225,197,206,200,155,190,179,207,208,231,236,240,232,224,177,108,19,3,26,248,225,242,245,245,244,253,243,124,61,76,95,77,77,93,106,101,79,112,116,115,110,85,67,109,106,94,83,134,127,124,139,127,103,51,94,114,124,114,112,102,106,65,105,121,109,115,113,115,6,4,6,9,9,9,9,9,9,9,9,9,9
128,9,9,9,9,9,9,9,9,10,8,45,70,89,99,109,92,93,90,98,78,42,54,43,41,34,105,114,79,64,106,65,29,89,78,66,70,78,52,76,72,74,57,31,72,70,106,71,74,83,89,88,63,71,243,224,240,219,246,237,218,231,242,217,233,239,234,222,210,216,234,205,205,229,246,244,249,248,248,248,248,249,244,251,241,210,156,161,208,215,210,211,229,223,221,195,207,208,155,195,200,204,200,209,214,211,183,199,162,114,56,13,3,158,245,240,247,254,253,193,74,36,54,65,82,105,87,104,72,52,82,93,108,88,87,100,75,85,116,121,112,111,109,103,99,115,123,81,95,106,123,130,110,117,123,102,83,82,107,86,123,111,3,6,9,9,9,9,9,9,9,9,9,9,9
129,9,9,9,9,9,9,9,9,7,1,55,109,108,98,121,91,78,86,90,32,51,113,79,76,89,62,110,81,72,105,89,82,95,46,24,68,78,48,7,69,58,58,46,81,73,86,104,102,68,70,98,96,93,181,233,193,190,247,243,243,230,199,246,222,243,237,211,184,221,215,229,235,237,242,247,248,248,248,248,248,247,249,252,230,183,130,181,211,220,216,220,224,229,222,233,228,215,209,237,216,197,216,179,185,152,133,144,148,115,115,10,41,68,242,251,179,141,223,51,74,44,53,64,86,94,70,90,112,104,110,100,104,114,69,46,48,60,97,113,100,116,99,81,117,110,104,88,114,106,94,82,124,102,116,103,122,118,103,108,113,124,8,3,8,9,9,9,9,9,9,9,9,9,9
130,9,9,9,9,9,9,9,9,5,4,42,68,53,62,91,52,26,74,69,75,80,56,92,57,90,103,76,83,124,112,96,88,4,25,69,50,24,9,4,98,58,35,54,39,68,52,60,68,94,110,60,59,84,128,194,190,172,246,251,242,216,232,224,239,241,226,200,190,198,184,207,187,190,244,253,241,248,248,248,248,247,249,237,192,153,142,210,222,226,219,230,227,220,214,224,234,243,241,245,219,217,239,189,166,119,95,109,101,104,36,87,71,30,165,237,65,16,66,94,90,26,39,68,82,103,90,94,115,110,72,109,102,101,86,28,25,47,46,62,101,72,91,101,83,74,123,102,92,116,106,100,62,117,119,146,108,97,130,128,93,116,6,7,12,9,9,9,9,9,9,9,9,9,9
131,9,9,9,8,9,9,9,9,7,1,33,77,86,70,92,90,91,43,88,83,66,80,98,101,113,102,107,81,64,100,52,12,38,39,46,14,30,57,57,57,35,84,10,14,26,17,35,92,65,83,97,83,94,89,93,151,176,226,185,243,237,224,224,248,246,232,199,193,181,171,198,202,217,249,249,246,248,248,248,248,247,246,218,154,102,150,240,239,232,237,223,222,202,178,190,207,185,202,240,250,222,202,248,213,157,105,100,80,84,170,130,82,64,17,78,43,71,89,73,25,27,43,59,76,85,58,89,56,81,96,107,117,82,94,104,105,121,83,27,128,127,68,93,102,74,111,117,114,119,125,123,92,110,92,119,86,81,131,106,145,124,5,2,9,9,9,9,9,9,9,9,9,9,9
132,9,9,9,9,9,9,9,9,6,1,67,102,87,84,83,87,65,109,71,90,98,95,17,90,96,83,102,127,113,90,75,57,45,72,92,88,76,62,67,49,58,69,69,76,55,48,80,75,98,100,104,99,80,65,65,87,145,211,201,252,234,230,222,236,217,221,222,221,178,186,193,199,234,243,247,245,250,245,249,236,238,212,209,163,95,173,227,244,244,229,220,206,142,128,107,98,107,142,162,193,230,221,195,217,201,111,117,126,135,128,102,100,63,15,29,20,53,58,30,16,20,44,62,75,76,93,100,79,47,102,104,99,108,93,103,108,110,105,102,128,138,135,85,137,109,104,119,125,57,110,119,114,144,126,81,55,93,90,124,123,122,5,4,10,9,9,9,9,9,9,9,9,9,9
133,9,9,9,8,9,9,9,9,3,11,41,60,75,67,91,53,78,87,85,62,57,13,40,105,87,67,71,110,93,73,76,80,92,97,100,81,64,39,40,35,56,75,53,76,93,113,86,41,79,82,72,70,62,68,83,88,82,164,228,189,234,157,226,224,215,226,211,210,204,186,191,198,242,247,238,245,250,248,250,252,156,154,181,121,124,208,206,242,225,211,179,160,153,97,66,53,57,56,110,162,157,168,185,212,195,177,209,167,168,160,98,80,35,5,15,43,8,10,10,12,21,65,73,87,32,41,56,35,53,96,113,120,115,102,103,95,106,102,100,96,99,115,119,86,114,124,95,114,123,102,75,113,128,104,129,119,113,127,128,143,132,4,5,9,9,9,9,9,9,9,9,9,9,9
134,9,9,9,9,9,9,9,9,12,2,49,56,53,61,79,46,75,72,88,90,70,61,80,66,110,115,52,12,72,62,61,70,113,124,91,60,25,65,59,54,97,85,59,61,85,103,89,61,47,85,100,84,95,117,91,105,92,95,238,194,239,159,184,183,226,198,153,224,208,187,179,201,229,220,195,237,250,248,248,253,147,128,143,101,178,228,198,225,216,196,162,112,50,57,89,121,129,168,183,118,100,94,108,174,186,139,145,151,146,145,105,38,7,8,31,29,8,1,11,37,43,81,83,62,40,47,85,86,84,84,100,110,105,110,97,77,99,97,115,97,100,124,113,92,99,128,103,124,113,108,125,121,107,118,111,111,115,116,109,109,126,4,7,7,9,9,9,9,9,9,9,9,9,9
135,9,9,9,9,9,9,9,9,9,4,53,81,59,55,46,95,90,106,97,104,97,32,57,93,92,92,86,88,88,86,83,80,62,94,92,68,65,68,86,104,50,86,95,81,82,96,73,92,89,73,96,91,40,29,70,87,91,77,80,255,247,226,177,201,192,216,249,233,163,164,176,202,225,199,204,247,250,247,247,245,198,146,122,108,194,223,201,197,207,146,29,32,34,40,60,60,67,51,21,13,22,26,46,44,68,113,130,121,128,125,27,21,27,44,23,8,9,18,30,66,65,64,89,90,105,111,105,95,89,81,105,105,95,102,68,85,123,116,118,127,95,131,134,125,132,117,91,91,119,97,81,92,95,91,100,96,104,121,138,125,128,6,2,7,9,9,9,9,9,9,9,9,9,9
136,9,9,9,9,9,8,9,9,10,5,27,61,40,67,90,54,84,102,122,91,42,76,94,84,97,118,52,79,96,85,82,19,75,62,101,68,86,99,125,59,24,21,57,67,98,79,46,81,57,97,88,86,73,63,89,114,75,80,63,179,250,230,214,240,220,232,248,187,151,179,158,191,225,211,199,241,232,242,242,239,201,133,112,118,171,171,161,190,164,77,59,31,29,49,27,14,7,9,3,13,8,10,20,32,42,60,91,106,107,30,57,58,26,31,52,61,40,42,76,100,83,81,81,107,110,106,103,121,53,80,118,123,121,94,91,118,111,62,107,103,127,97,82,89,124,107,72,89,102,88,93,96,86,87,98,117,121,114,117,121,119,5,10,9,9,9,9,9,9,9,9,9,9,9
137,9,9,8,9,9,9,9,9,8,5,36,63,60,54,87,75,98,93,112,33,82,110,77,70,98,118,120,117,107,75,61,53,63,75,18,57,102,56,82,67,76,83,99,106,89,49,61,61,83,64,54,105,117,116,53,101,83,82,80,79,253,229,235,190,171,218,222,213,175,168,191,196,201,211,246,240,238,245,241,236,189,127,125,158,184,138,129,125,64,68,53,15,47,58,77,43,38,18,33,10,15,16,30,45,54,50,55,69,41,61,87,97,111,117,116,132,126,110,126,121,101,101,109,105,115,99,113,116,89,99,114,110,113,124,120,130,112,82,45,77,78,82,27,78,120,128,86,135,100,98,91,79,99,98,110,108,127,131,118,106,120,9,7,10,9,9,9,9,9,9,9,9,9,9
138,9,9,9,9,9,8,9,9,6,0,60,85,71,96,92,87,85,107,13,101,82,105,69,83,106,84,60,62,81,87,87,108,108,70,68,114,78,91,67,102,110,93,109,109,100,62,89,89,106,84,72,101,94,82,87,118,106,77,72,57,196,250,248,226,211,233,197,183,173,181,171,196,198,144,226,249,241,238,233,237,197,143,134,175,179,145,108,63,89,100,25,41,57,137,214,200,183,146,90,28,6,13,20,25,32,50,59,50,64,90,81,112,71,85,118,124,128,111,109,113,120,119,92,93,126,115,121,103,95,108,120,121,128,142,129,135,118,116,118,131,111,93,90,68,103,112,112,49,82,115,109,88,96,120,118,121,115,113,99,114,128,8,5,9,9,9,9,9,9,9,9,9,9,9
139,9,9,8,9,9,9,9,9,3,7,52,96,76,41,67,97,65,86,65,40,80,103,63,63,66,47,97,112,83,97,98,96,63,84,86,62,65,75,72,38,43,52,90,103,74,106,80,81,91,86,113,85,44,45,90,100,79,58,68,72,107,249,234,228,224,210,206,164,185,214,185,205,179,201,221,235,245,230,223,236,173,154,157,170,172,105,73,63,109,61,13,38,63,92,98,99,123,148,141,140,111,58,20,32,33,32,38,55,57,63,92,108,96,121,120,119,88,112,106,106,79,114,120,130,114,123,85,94,79,104,99,100,64,113,98,91,116,113,126,130,90,41,113,92,89,67,61,99,85,119,89,104,129,87,115,132,96,96,86,119,105,3,10,10,9,9,9,9,9,9,9,9,9,9
140,9,9,9,9,9,9,9,9,6,0,42,60,89,67,62,69,87,85,83,87,101,84,54,47,92,78,99,97,92,91,94,92,84,101,81,103,63,100,121,77,68,87,79,61,88,108,75,50,81,110,109,66,50,63,70,54,98,48,57,72,68,246,227,228,221,241,221,187,210,185,183,182,207,215,230,239,243,238,229,213,172,165,190,207,131,80,82,95,104,24,43,68,58,84,73,66,68,69,76,115,131,166,88,34,31,40,26,24,36,58,76,92,95,63,101,77,108,107,100,115,63,87,90,72,78,94,121,99,81,115,92,80,50,92,124,89,106,107,103,102,86,132,134,135,105,118,113,124,126,122,123,100,100,105,111,89,66,83,54,103,115,8,6,8,9,9,9,9,9,9,9,9,9,9
141,9,9,9,9,9,8,8,9,8,12,14,33,39,110,81,49,82,95,71,92,97,63,70,107,31,72,74,103,93,100,106,91,88,78,81,56,53,82,118,61,39,74,88,73,58,100,108,94,66,87,77,87,70,86,87,98,57,54,44,76,9,207,251,255,246,226,192,223,167,192,220,220,206,180,239,245,244,233,227,212,195,187,203,164,77,80,82,112,37,22,57,48,64,77,86,94,75,44,40,75,108,132,85,11,25,38,42,53,32,38,57,92,92,91,96,109,113,108,122,123,102,117,92,82,106,107,93,100,126,108,116,84,109,133,114,113,84,106,81,88,78,111,114,105,82,115,104,127,121,120,116,96,116,112,99,44,76,96,46,84,119,7,6,8,9,9,9,9,9,9,9,9,9,9
142,9,9,9,9,9,9,9,9,5,0,60,101,82,86,74,82,86,83,63,73,62,66,53,28,73,121,85,69,82,73,75,73,50,99,74,60,30,60,77,82,99,74,84,110,102,115,110,105,96,115,126,84,78,46,76,83,80,40,103,30,32,152,138,139,188,230,192,163,193,244,243,229,248,238,244,244,242,243,238,230,207,197,199,87,60,94,102,56,29,49,45,50,57,88,91,88,91,112,84,27,37,52,33,69,31,19,20,19,52,51,39,37,39,52,68,87,116,116,136,121,134,115,116,129,114,116,132,128,134,125,65,103,110,107,114,56,78,106,71,39,92,92,102,98,107,92,122,101,90,113,112,117,122,64,35,87,81,104,108,97,97,3,7,13,9,9,9,9,9,9,9,9,9,9
143,9,9,9,9,9,9,9,9,12,0,58,78,86,94,91,87,63,87,84,80,66,63,75,51,70,105,64,60,76,92,52,49,83,75,77,57,89,127,96,100,68,92,107,87,107,108,118,109,68,63,110,74,50,72,59,99,107,65,40,52,78,84,72,63,68,247,186,207,201,245,240,248,251,253,247,245,232,242,249,238,187,200,86,70,90,107,49,18,52,50,41,64,57,80,81,93,95,109,110,113,109,122,89,56,54,62,28,24,4,44,57,32,45,48,63,64,82,114,122,126,123,122,113,120,129,125,110,80,123,127,99,72,131,165,175,102,84,96,82,32,75,78,81,100,99,119,104,102,90,104,111,84,114,118,119,111,128,111,92,85,98,5,9,7,9,9,9,9,9,9,9,9,9,9
144,9,9,9,9,9,9,9,9,9,2,51,86,79,93,92,87,81,75,68,58,92,84,69,84,113,77,85,102,111,70,104,72,77,87,91,91,88,88,81,103,95,109,78,57,76,128,109,102,85,84,87,92,67,84,85,88,96,107,84,71,60,63,81,70,47,135,224,118,125,236,254,246,245,248,247,244,247,248,237,246,201,84,90,110,93,29,18,40,59,54,67,67,58,55,71,78,95,65,70,83,114,100,105,107,117,84,65,79,66,56,40,40,69,80,68,68,95,115,127,128,119,121,119,111,105,136,120,116,104,140,99,59,116,124,130,64,33,70,101,40,116,76,45,85,99,120,128,108,64,117,115,96,100,113,123,92,122,89,97,115,90,5,10,9,9,9,9,9,9,9,9,9,9,9
145,9,9,9,9,9,9,9,9,4,5,40,32,82,95,95,58,94,62,77,19,64,68,48,52,87,49,69,103,57,70,78,25,138,79,61,112,73,90,111,114,47,90,87,100,119,101,72,79,88,73,81,91,81,81,91,83,83,105,100,96,78,45,77,78,61,65,143,61,12,127,251,253,233,246,249,251,233,242,252,193,87,93,132,109,38,10,39,59,38,69,34,61,53,83,88,76,97,99,51,26,59,90,110,116,101,93,103,113,108,95,114,89,60,67,87,58,89,113,122,122,110,115,134,86,111,128,137,118,113,95,79,92,81,89,48,51,76,99,43,109,130,96,48,83,106,98,115,127,142,100,115,100,115,123,116,104,113,103,78,89,111,9,6,12,9,9,9,9,9,9,9,9,9,9
146,9,9,9,9,8,8,9,9,6,3,37,69,108,77,73,89,47,87,105,69,51,55,46,46,77,87,80,81,62,94,69,95,57,28,77,66,84,42,96,97,78,111,87,102,96,109,80,54,22,98,72,84,91,85,77,81,74,88,93,78,97,64,97,91,58,58,77,47,40,22,160,240,247,234,232,248,214,253,200,71,91,83,69,26,12,38,67,40,57,66,62,46,79,109,111,105,116,75,51,57,93,96,99,113,110,113,109,119,120,125,135,109,119,120,109,112,141,137,124,105,73,79,88,139,120,123,123,127,102,79,108,109,103,85,68,111,102,102,119,82,112,86,82,106,128,88,80,111,120,78,73,106,135,110,114,96,106,126,124,124,119,9,7,9,9,9,9,9,9,9,9,9,9,9
147,9,9,9,8,9,9,9,9,8,5,37,90,47,57,95,75,79,37,20,74,68,91,61,42,51,67,95,91,82,75,86,13,44,91,74,45,96,77,104,45,83,92,67,89,73,87,93,77,94,116,107,95,62,85,57,94,56,89,88,88,104,67,101,68,73,59,30,53,61,26,80,159,234,235,234,235,198,184,63,68,55,17,6,10,41,73,50,46,68,50,10,60,116,99,103,114,99,79,84,74,83,72,112,96,123,117,117,91,121,122,110,126,115,121,144,139,140,131,132,119,102,80,125,101,51,79,126,123,109,108,106,109,112,121,130,86,135,105,70,115,125,103,97,96,107,81,77,111,59,11,48,100,113,111,124,102,116,115,120,117,133,5,9,10,9,9,9,9,9,9,9,9,9,9
148,9,9,9,9,9,9,9,9,8,3,32,72,69,51,66,59,74,52,88,44,102,97,58,38,78,74,79,77,100,81,78,105,44,78,53,86,62,68,70,77,68,70,59,80,80,97,90,105,107,98,67,32,30,60,86,71,43,60,86,88,99,74,78,69,64,52,30,71,79,55,19,108,192,235,254,236,190,82,65,39,4,8,21,48,76,36,18,45,65,76,90,88,71,98,82,104,106,90,79,67,93,99,101,98,91,94,121,115,101,117,132,118,106,139,144,123,105,106,92,102,96,115,113,99,107,122,124,121,111,121,113,116,102,101,130,120,105,103,135,111,78,102,109,98,99,71,108,103,96,87,59,119,113,109,122,134,126,138,130,118,112,8,6,10,9,9,9,9,9,9,9,9,9,9
149,9,9,8,9,9,9,8,9,2,3,19,66,80,82,78,42,53,54,30,88,104,39,10,47,88,108,38,66,105,83,74,94,30,59,54,56,64,101,70,74,14,52,107,97,80,56,70,124,86,83,44,77,54,78,103,83,70,92,91,72,40,8,47,62,60,55,41,50,25,43,29,14,132,215,208,240,94,53,10,8,12,24,67,56,32,40,93,75,98,104,82,95,104,113,117,112,93,71,84,94,107,115,67,62,99,90,86,100,119,114,113,90,103,116,103,114,98,103,99,109,128,91,110,133,115,90,61,59,124,130,123,128,115,95,114,135,107,129,132,135,85,68,87,48,99,111,114,129,90,124,125,82,86,128,105,127,119,91,113,124,121,5,7,11,9,9,9,9,9,9,9,9,9,9
150,9,9,9,9,9,9,9,9,6,7,18,46,68,53,69,19,16,42,70,37,23,30,54,94,77,66,27,51,83,85,53,70,79,10,69,97,98,68,52,44,49,97,106,81,85,89,82,113,95,106,129,73,102,75,65,110,48,63,68,39,62,75,76,47,64,56,55,41,58,50,46,42,51,153,146,213,57,7,5,13,44,66,50,40,57,96,81,91,86,89,85,69,70,79,95,93,86,63,91,79,104,110,117,122,119,72,62,117,120,110,110,90,99,115,117,102,101,99,111,112,116,113,66,44,128,138,83,88,99,94,106,106,103,101,111,109,118,127,120,133,124,64,46,70,91,82,99,107,139,120,133,108,90,117,136,115,99,108,102,106,105,3,7,11,9,9,9,9,9,9,9,9,9,9
151,9,9,9,9,9,8,9,9,9,2,23,65,55,65,22,10,33,78,12,16,45,96,59,75,82,44,92,80,60,72,65,48,3,51,85,84,93,68,36,85,87,90,74,105,92,79,39,108,115,81,64,50,97,66,65,100,91,89,86,78,78,81,69,57,54,62,56,44,25,52,49,61,42,96,110,83,2,10,17,54,74,45,57,76,88,84,104,72,75,87,63,43,88,74,63,58,60,117,101,75,106,92,108,80,95,106,123,123,116,94,110,103,123,114,84,75,104,115,117,116,110,102,118,121,84,30,45,91,82,60,105,93,114,118,107,126,107,154,87,90,70,99,87,79,86,71,116,112,100,121,106,108,115,118,111,132,121,94,109,98,96,7,7,7,9,9,9,9,9,9,9,9,9,9
152,9,9,9,9,9,9,9,9,7,4,21,84,41,70,59,104,64,23,74,59,62,49,34,49,46,57,66,88,14,56,49,57,83,66,82,100,70,21,91,89,100,109,96,68,77,104,135,109,115,61,79,108,68,28,42,67,42,74,96,62,72,80,89,59,60,53,59,57,18,21,67,79,56,22,27,64,13,33,56,47,26,45,61,95,93,95,68,25,46,62,74,47,84,103,61,77,61,81,80,89,78,95,108,117,117,97,127,121,102,82,89,103,109,108,64,93,80,78,96,95,122,108,120,105,91,91,73,109,111,105,111,135,149,100,134,137,107,93,107,69,80,89,56,115,70,97,80,95,103,89,78,139,124,116,123,101,128,103,113,119,116,3,8,11,9,9,9,9,9,9,9,9,9,9
153,9,9,9,9,9,9,9,9,12,8,31,71,41,76,85,44,23,60,73,75,54,72,85,60,95,45,56,39,63,70,81,94,76,101,121,100,53,63,94,92,15,70,80,75,53,72,109,94,94,69,87,86,73,51,94,78,67,84,52,77,106,97,64,43,55,45,59,52,42,23,9,11,7,6,15,69,41,49,45,45,59,66,86,89,86,63,66,70,71,58,99,73,64,82,70,69,100,86,82,85,107,109,100,76,104,97,85,60,65,86,89,103,115,97,91,84,84,64,115,151,120,130,128,119,87,128,122,101,108,70,106,81,105,74,50,106,129,104,132,110,62,12,63,106,111,96,119,134,85,113,133,101,59,86,87,90,79,108,107,100,122,4,5,10,9,9,9,9,9,9,9,9,9,9
154,9,8,9,8,9,9,9,8,1,4,52,33,29,54,61,85,78,106,75,53,79,106,13,37,76,59,74,88,88,66,85,94,90,112,63,26,32,98,111,68,92,44,79,97,47,92,89,72,133,101,67,71,119,71,101,73,65,82,58,81,104,104,70,40,36,15,30,41,45,50,43,37,17,20,23,46,43,30,31,49,71,73,76,82,61,79,76,93,71,81,89,61,109,101,130,109,102,123,101,103,114,105,117,58,81,73,54,53,91,106,116,122,130,94,57,60,97,86,106,129,129,123,117,106,87,128,131,96,92,68,77,86,75,102,114,75,105,100,96,113,100,106,112,99,122,100,118,134,105,113,75,62,69,100,110,125,115,105,102,123,117,4,7,9,9,9,9,9,9,9,9,9,9,9
155,9,9,9,9,9,9,9,9,11,7,10,5,80,30,70,79,85,77,63,44,71,31,44,66,47,54,97,34,17,64,56,67,37,81,14,65,64,92,110,101,96,103,88,68,34,74,107,99,82,106,108,88,87,56,66,98,104,75,27,96,44,51,84,94,36,25,5,25,49,47,37,43,32,41,48,30,15,26,50,43,74,79,70,72,78,97,94,69,83,116,87,97,79,97,70,87,87,80,99,107,88,100,77,72,78,53,36,90,77,103,113,95,80,48,102,84,58,59,104,86,111,98,84,101,115,26,47,23,21,69,86,111,127,118,63,49,70,85,96,114,140,145,116,75,97,128,108,136,102,120,95,102,108,96,128,106,106,39,97,120,123,4,3,8,9,9,9,9,9,9,9,9,9,9
156,9,9,9,9,9,8,9,9,9,4,48,76,22,4,88,64,24,73,118,96,55,84,36,36,55,17,35,36,69,70,84,29,98,75,121,94,96,97,78,77,97,110,90,74,113,71,88,65,129,106,110,94,92,79,77,95,116,97,109,94,97,75,100,59,65,70,13,17,19,27,14,12,55,55,12,29,63,66,54,45,67,94,79,88,117,85,97,72,122,103,101,83,92,92,77,49,56,86,75,71,75,73,118,109,67,69,43,48,76,86,66,69,74,80,57,63,58,77,75,107,122,60,98,101,54,79,62,50,93,102,106,100,48,100,114,70,61,113,94,113,123,130,113,114,110,100,115,119,114,120,104,112,100,100,101,57,80,128,122,110,98,4,9,12,9,9,9,9,9,9,9,9,9,9
157,9,9,9,9,9,9,9,9,5,7,27,62,104,85,45,59,57,72,38,65,48,22,44,45,49,25,56,81,62,117,98,68,105,56,69,60,88,121,56,66,96,83,70,54,121,135,88,109,65,86,94,84,104,92,103,92,82,74,97,96,94,118,76,56,55,77,38,2,9,3,19,95,68,59,46,66,76,68,87,78,89,77,73,89,89,91,57,87,78,88,102,83,85,103,62,81,71,83,73,103,105,119,103,99,84,51,30,31,81,72,86,120,70,79,87,93,45,50,53,106,103,100,113,100,92,114,80,102,73,55,98,113,108,104,106,95,95,81,116,136,129,110,93,109,118,81,66,107,123,121,106,114,89,98,83,98,87,103,107,106,103,4,9,11,9,9,9,9,9,9,9,9,9,9
158,9,9,9,9,9,9,9,9,8,2,34,66,38,56,65,85,69,64,43,41,83,68,47,48,69,100,108,92,59,92,85,61,76,90,127,104,133,85,59,95,71,115,76,95,91,102,106,76,69,92,90,116,62,75,76,102,102,106,100,93,119,120,95,99,107,52,35,27,42,27,83,81,42,45,15,61,70,87,103,71,86,94,106,83,64,64,95,104,106,97,55,103,73,102,71,60,91,100,105,94,83,96,98,86,99,115,95,52,56,80,76,62,69,87,97,102,93,98,81,107,119,94,115,140,97,51,84,133,94,81,91,122,127,125,119,117,66,68,59,115,100,74,106,122,124,103,73,108,87,104,99,103,123,123,85,98,58,68,57,89,78,2,8,9,9,9,9,9,9,9,9,9,9,9
159,9,9,9,9,8,9,9,9,3,9,31,79,53,75,74,87,77,79,79,120,80,92,85,108,68,95,109,82,113,110,100,84,95,78,82,57,69,99,89,74,94,90,46,73,104,85,106,100,104,109,97,125,110,91,111,81,111,76,82,110,85,50,45,84,89,79,90,80,91,74,22,14,27,9,27,72,107,91,57,56,114,106,106,63,76,84,106,72,47,73,106,103,103,76,59,73,83,120,90,94,102,103,100,68,118,108,78,82,86,71,46,67,109,117,105,83,116,88,110,89,97,112,126,79,105,117,141,102,88,63,61,117,129,128,109,109,73,97,98,80,100,110,112,133,109,91,114,114,115,93,110,74,108,73,75,111,21,55,96,107,80,7,5,10,9,9,9,9,9,9,9,9,9,9
160,9,9,9,9,9,9,9,9,6,9,38,78,60,60,123,36,79,123,68,56,53,58,98,57,62,63,71,98,98,87,78,94,93,72,72,77,100,98,61,82,69,90,83,119,95,63,59,73,103,69,98,83,105,128,98,35,80,69,152,93,51,52,87,91,107,97,78,97,71,68,91,93,84,103,76,108,123,109,130,120,54,51,78,25,80,89,53,55,103,98,77,120,63,70,110,120,116,130,88,147,95,123,100,127,118,87,109,104,126,99,50,90,137,31,17,87,112,117,98,84,34,103,105,82,87,118,131,102,77,126,121,94,95,115,118,104,110,104,86,96,105,92,101,105,86,103,116,96,117,112,108,72,20,48,100,88,68,110,110,96,93,3,5,8,9,9,9,9,9,9,9,9,9,9
161,9,9,9,9,9,9,9,9,13,0,56,58,33,73,62,68,90,79,106,65,112,88,12,20,56,47,101,53,103,81,70,92,90,79,52,16,32,74,141,87,89,95,108,56,86,81,84,84,99,100,112,55,63,86,60,102,95,67,95,63,84,76,97,97,60,84,66,64,108,96,109,116,98,71,15,71,67,81,73,60,74,55,57,52,74,87,73,69,129,83,102,100,126,116,112,121,121,122,112,84,108,77,63,92,100,89,128,93,74,70,78,56,56,86,115,108,130,141,96,64,117,112,94,118,111,123,116,101,111,111,122,115,38,64,111,109,104,120,116,119,104,112,96,82,134,107,97,137,116,96,76,120,60,89,96,52,65,108,81,118,114,3,4,10,9,9,9,9,9,9,9,9,9,9
162,9,9,8,9,9,9,9,9,5,5,46,55,34,87,91,72,108,95,73,70,49,14,61,125,107,86,40,53,73,88,94,97,64,95,87,71,79,79,77,70,86,103,107,112,112,94,87,111,144,116,91,77,80,86,100,95,61,56,116,91,124,106,88,64,91,99,86,80,43,107,115,82,79,57,88,77,23,70,69,95,87,94,85,60,64,82,56,62,91,68,73,60,70,95,110,124,100,104,127,104,116,142,104,75,74,79,117,67,48,93,83,64,95,79,120,72,108,102,104,97,126,102,125,123,107,118,105,89,104,72,106,117,125,85,87,52,86,123,86,104,93,121,126,102,103,50,125,104,116,127,123,80,77,59,109,75,102,59,95,132,113,8,4,8,9,9,9,9,9,9,9,9,9,9
163,9,9,9,8,9,9,9,9,8,6,16,15,41,34,40,39,46,46,33,31,23,13,25,46,50,9,29,54,41,41,52,42,31,39,54,47,27,42,28,40,48,65,50,50,40,49,37,41,59,45,34,49,52,51,48,59,42,56,51,57,62,51,37,61,32,38,52,39,47,69,44,27,35,43,54,26,55,39,40,51,31,42,38,47,42,37,19,36,43,31,47,49,39,29,40,55,57,47,60,59,57,37,19,50,58,66,50,61,42,56,58,52,26,36,33,26,36,40,51,60,62,54,58,55,52,58,59,53,62,42,47,55,53,41,59,52,43,38,30,32,46,41,49,57,56,46,57,31,53,66,56,33,29,59,65,62,11,45,57,45,55,1,11,5,9,9,9,9,9,9,8,9,9,8
164,9,9,9,9,9,9,9,8,9,9,9,9,3,3,3,3,3,3,3,3,5,5,5,5,5,5,5,5,2,2,2,2,2,2,2,2,2,2,2,2,2,2,2,2,2,2,2,2,2,2,2,2,2,2,2,2,2,2,2,2,2,2,2,2,2,2,2,2,2,2,2,2,5,5,5,5,3,3,3,3,3,3,3,3,5,5,5,5,3,3,3,3,2,2,2,2,2,2,2,2,2,2,2,2,2,2,2,2,2,2,2,2,2,2,2,2,2,2,2,2,1,1,1,1,2,2,2,2,2,2,2,2,2,2,2,2,2,2,2,2,2,2,2,2,2,2,2,2,2,2,2,2,2,2,2,2,2,2,2,2,3,6,8,10,9,9,9,9,9,9,9,9,9,9
165,9,9,9,9,9,9,9,9,8,9,9,9,7,7,7,7,7,7,7,7,8,8,8,8,8,8,8,8,6,6,6,6,6,6,6,6,6,6,6,6,6,6,6,6,6,6,6,6,6,6,6,6,6,6,6,6,6,6,6,6,6,6,6,6,6,6,6,6,6,6,6,6,8,8,8,8,7,7,7,7,7,7,7,7,8,8,8,8,7,7,7,7,6,6,6,6,6,6,6,6,6,6,6,6,6,6,6,6,6,6,6,6,6,6,6,6,6,6,6,6,7,7,7,7,6,6,6,6,6,6,6,6,6,6,6,6,6,6,6,6,6,6,6,6,6,6,6,6,6,6,6,6,6,6,6,6,6,6,6,6,6,7,9,10,9,9,9,8,9,9,9,9,9,9
166,9,9,9,9,9,9,8,9,9,9,9,9,10,10,10,10,10,10,10,10,9,9,9,9,9,9,9,9,9,9,9,9,9,9,9,9,9,9,9,9,9,9,9,9,9,9,9,9,9,9,9,9,9,9,9,9,9,9,9,9,9,9,9,9,9,9,9,9,9,9,9,9,9,9,9,9,10,10,10,10,10,10,10,10,9,9,9,9,10,10,10,10,9,9,9,9,9,9,9,9,9,9,9,9,9,9,9,9,9,9,9,9,9,9,9,9,9,9,9,9,10,10,10,10,9,9,9,9,9,9,9,9,9,9,9,9,9,9,9,9,9,9,9,9,9,9,9,9,9,9,9,9,9,9,9,9,9,9,9,9,9,9,9,10,9,9,9,9,9,9,9,9,9,9
167,9,9,9,9,9,9,9,9,9,9,9,9,10,10,10,10,10,10,10,10,8,8,8,8,8,8,8,8,9,9,9,9,9,9,9,9,9,9,9,9,9,9,9,9,9,9,9,9,9,9,9,9,9,9,9,9,9,9,9,9,9,9,9,9,9,9,9,9,9,9,9,9,8,8,8,8,10,10,10,10,10,10,10,10,8,8,8,8,10,10,10,10,9,9,9,9,9,9,9,9,9,9,9,9,9,9,9,9,9,9,9,9,9,9,9,9,9,9,9,9,7,7,7,7,9,9,9,9,9,9,9,9,9,9,9,9,9,9,9,9,9,9,9,9,9,9,9,9,9,9,9,9,9,9,9,9,9,9,9,9,11,10,10,10,9,9,9,9,9,9,9,9,9,9
168,9,9,9,9,9,9,9,9,9,9,9,9,9,9,9,9,9,8,9,9,9,9,9,9,9,9,9,9,9,9,9,9,9,9,9,9,9,9,9,9,9,9,9,9,9,9,9,9,9,9,9,9,9,9,9,9,9,9,9,9,9,9,9,9,9,9,9,9,9,9,9,9,9,9,9,9,9,9,9,9,9,9,9,9,9,9,9,9,9,9,9,9,9,9,9,9,9,9,9,9,9,9,9,9,9,9,9,9,9,9,9,9,9,9,9,9,9,9,9,9,9,9,9,9,9,9,9,9,9,9,9,9,9,9,9,9,9,9,9,9,9,9,9,9,9,9,9,9,9,9,9,9,9,9,9,9,9,9,9,9,9,9,9,9,9,9,9,9,9,9,9,9,9,9
169,9,9,9,9,9,9,9,9,9,9,9,9,9,9,9,9,9,9,9,9,9,9,9,9,9,9,9,9,9,9,9,9,9,9,9,9,9,9,9,9,9,9,9,9,9,9,9,9,9,9,9,9,9,9,9,9,9,9,9,9,9,9,9,9,9,9,9,9,9,9,9,9,9,9,9,9,9,9,9,9,9,9,9,9,9,9,9,9,9,9,9,9,9,9,9,9,9,9,9,9,9,9,9,9,9,9,9,9,9,9,9,9,9,9,9,9,9,9,9,9,9,9,9,9,9,9,9,9,9,9,9,9,9,9,9,9,9,9,9,9,9,9,9,9,9,9,9,9,9,9,9,9,9,9,9,9,9,9,9,9,9,9,9,9,9,8,8,9,9,9,9,9,9,9
170,9,9,9,9,9,9,9,9,9,9,9,9,9,9,9,9,9,9,9,9,9,9,9,9,9,9,9,9,9,9,9,9,9,9,9,9,9,9,9,9,9,9,9,9,9,9,9,9,9,9,9,9,9,9,9,9,9,9,9,9,9,9,9,9,9,9,9,9,9,9,9,9,9,9,9,9,9,9,9,9,9,9,9,9,9,9,9,9,9,9,9,9,9,9,9,9,9,9,9,9,9,9,9,9,9,9,9,9,9,9,9,9,9,9,9,9,9,9,9,9,9,9,9,9,9,9,9,9,9,9,9,9,9,9,9,9,9,9,9,9,9,9,9,9,9,9,9,9,9,9,9,9,9,9,9,9,9,9,9,9,9,9,9,9,9,9,9,9,9,9,9,9,9,9
171,9,8,9,9,9,9,9,9,9,9,9,9,9,9,9,9,9,9,8,9,9,9,9,9,9,9,9,9,9,9,9,9,9,9,9,9,9,9,9,9,9,9,9,9,9,9,9,9,9,9,9,9,9,9,9,9,9,9,9,9,9,9,9,9,9,9,9,9,9,9,9,9,9,9,9,9,9,9,9,9,9,9,9,9,9,9,9,9,9,9,9,9,9,9,9,9,9,9,9,9,9,9,9,9,9,9,9,9,9,9,9,9,9,9,9,9,9,9,9,9,9,9,9,9,9,9,9,9,9,9,9,9,9,9,9,9,9,9,9,9,9,9,9,9,9,9,9,9,9,9,9,9,9,9,9,9,9,9,9,9,9,9,9,9,9,9,9,8,9,9,9,9,9,9
172,9,9,9,9,9,9,9,9,9,9,8,9,9,9,9,9,9,9,9,9,9,9,9,9,9,9,9,9,9,9,9,9,9,9,9,9,9,9,9,9,9,9,9,9,9,9,9,9,9,9,9,9,9,9,9,9,9,9,9,9,9,9,9,9,9,9,9,9,9,9,9,9,9,9,9,9,9,9,9,9,9,9,9,9,9,9,9,9,9,9,9,9,9,9,9,9,9,9,9,9,9,9,9,9,9,9,9,9,9,9,9,9,9,9,9,9,9,9,9,9,9,9,9,9,9,9,9,9,9,9,9,9,9,9,9,9,9,9,9,9,9,9,9,9,9,9,9,9,9,9,9,9,9,9,9,9,9,9,9,9,9,9,9,9,9,9,9,9,9,9,9,9,9,9
173,9,9,9,9,8,8,9,9,9,9,9,9,9,9,9,9,8,9,9,9,9,9,9,9,9,9,9,9,9,9,9,9,9,9,9,9,9,9,9,9,9,9,9,9,9,9,9,9,9,9,9,9,9,9,9,9,9,9,9,9,9,9,9,9,9,9,9,9,9,9,9,9,9,9,9,9,9,9,9,9,9,9,9,9,9,9,9,9,9,9,9,9,9,9,9,9,9,9,9,9,9,9,9,9,9,9,9,9,9,9,9,9,9,9,9,9,9,9,9,9,9,9,9,9,9,9,9,9,9,9,9,9,9,9,9,9,9,9,9,9,9,9,9,9,9,9,9,9,9,9,9,9,9,9,9,9,9,9,9,9,9,9,9,9,9,9,9,9,9,9,9,9,9,9
174,9,9,9,9,9,9,9,8,9,9,9,9,9,9,9,9,9,9,9,9,9,9,9,9,9,9,9,9,9,9,9,9,9,9,9,9,9,9,9,9,9,9,9,9,9,9,9,9,9,9,9,9,9,9,9,9,9,9,9,9,9,9,9,9,9,9,9,9,9,9,9,9,9,9,9,9,9,9,9,9,9,9,9,9,9,9,9,9,9,9,9,9,9,9,9,9,9,9,9,9,9,9,9,9,9,9,9,9,9,9,9,9,9,9,9,9,9,9,9,9,9,9,9,9,9,9,9,9,9,9,9,9,9,9,9,9,9,9,9,9,9,9,9,9,9,9,9,9,9,9,9,9,9,9,9,9,9,9,9,9,9,9,9,9,9,9,9,9,9,9,9,8,9,8
175,9,9,9,9,9,9,9,9,8,9,9,9,9,9,9,9,9,8,9,9,9,9,9,9,9,9,9,9,9,9,9,9,9,9,9,9,9,9,9,9,9,9,9,9,9,9,9,9,9,9,9,9,9,9,9,9,9,9,9,9,9,9,9,9,9,9,9,9,9,9,9,9,9,9,9,9,9,9,9,9,9,9,9,9,9,9,9,9,9,9,9,9,9,9,9,9,9,9,9,9,9,9,9,9,9,9,9,9,9,9,9,9,9,9,9,9,9,9,9,9,9,9,9,9,9,9,9,9,9,9,9,9,9,9,9,9,9,9,9,9,9,9,9,9,9,9,9,9,9,9,9,9,9,9,9,9,9,8,9,9,9,9,9,9,9,9,9,9,9,9,9,9,9,9
176,9,9,9,9,9,9,9,9,9,9,9,9,9,9,9,9,8,9,9,9,9,9,9,9,9,9,9,9,9,9,9,9,9,9,9,9,9,9,9,9,9,9,9,9,9,9,9,9,9,9,9,9,9,9,9,9,9,9,9,9,9,9,9,9,9,9,9,9,9,9,9,9,9,9,9,9,9,9,9,9,9,9,9,9,9,9,9,9,9,9,9,9,9,9,9,9,9,9,9,9,9,9,9,9,9,9,9,9,9,9,9,9,9,9,9,9,9,9,9,9,9,9,9,9,9,9,9,9,9,9,9,9,9,9,9,9,9,9,9,9,9,9,9,9,9,9,9,9,9,9,9,9,9,9,9,9,9,9,9,9,9,9,9,9,9,8,9,9,9,9,9,8,9,9
