0,77,77,77,77,77,77,77,77,77,77,78,78,78,79,79,78,79,79,79,79,79,79,80,80,81,80,80,81,80,81,81,80,81,81,81,81,82,82,82,82,81,80,81,82,84,82,83,83,84,84,84,84,83,83,84,84,84,84,84,84,84,84,84,84,85,85,85,85,84,86,86,85,84,84,84,84,85,84,84,85,84,84,84,84,85,85,85,85,84,84,84,84,84,84,84,84,85,85,85,85,85,84,84,85,84,84,85,86,84,83,83,84,84,84,83,83,83,83,83,83,83,83,82,83,82,83,83,83,83,82,82,81,82,82,82,82,82,82,81,81,81,81,80,80,80,80,80,79,79,80
1,77,77,77,77,78,78,78,78,78,78,78,79,78,79,80,79,80,80,80,80,80,80,81,81,82,81,81,82,81,82,82,81,82,82,82,82,83,83,83,83,84,83,83,85,84,82,84,84,85,85,85,85,84,84,84,85,85,85,85,85,84,84,84,84,86,86,86,86,86,85,85,86,85,85,85,85,86,85,84,85,85,85,85,85,86,86,86,86,85,85,85,85,84,84,84,84,86,86,86,86,85,84,84,85,86,86,85,85,85,84,84,85,85,85,84,84,84,84,84,84,84,83,83,84,83,84,84,83,83,83,83,82,82,82,82,82,82,82,82,81,82,81,81,80,81,81,80,80,79,79
2,78,78,78,78,79,79,79,79,79,79,80,80,80,81,81,80,81,81,81,81,81,81,82,82,83,82,82,83,82,83,83,82,83,83,83,83,83,83,83,83,83,83,83,84,86,84,85,85,85,85,85,85,85,85,86,86,86,86,86,86,86,86,86,86,86,86,86,86,87,86,85,87,86,86,86,86,87,86,86,87,86,86,86,86,86,86,86,86,86,86,86,86,86,86,86,86,86,86,86,86,86,85,85,86,87,87,86,85,86,85,85,86,86,86,85,85,85,85,85,85,85,85,84,85,84,85,85,85,85,84,84,84,82,82,82,82,83,83,82,82,82,82,82,81,83,82,82,81,79,80
3,79,79,79,79,80,80,80,80,80,80,81,81,81,82,82,81,82,82,82,82,82,83,83,84,84,83,83,84,83,84,84,83,84,84,84,84,84,84,84,84,85,84,84,86,87,85,87,86,86,86,86,86,86,86,87,87,87,87,87,87,87,87,87,87,87,87,87,87,86,87,87,87,87,87,87,87,88,87,87,88,87,87,87,87,87,87,87,87,87,87,87,87,87,87,87,87,87,87,87,87,87,86,85,86,86,86,87,87,87,86,86,87,87,87,87,86,86,86,86,86,87,86,85,86,85,86,87,86,86,86,85,85,85,85,85,85,84,83,83,82,83,83,82,82,84,83,83,82,82,82
4,81,81,81,81,81,81,81,81,81,81,81,81,81,81,82,83,82,82,83,84,82,82,83,83,84,85,85,84,84,84,84,85,84,85,86,85,85,86,87,85,86,86,87,87,89,88,88,88,87,87,87,87,87,88,89,88,88,88,88,88,88,88,89,89,86,87,88,87,88,88,88,88,88,87,87,86,87,87,88,89,89,89,89,89,89,89,90,90,90,89,89,90,90,87,89,89,89,89,89,89,88,88,87,88,88,88,88,90,88,88,88,88,84,89,91,86,86,86,86,86,87,87,87,87,88,86,85,87,87,86,86,85,85,85,85,85,85,85,84,84,85,85,85,85,84,84,83,83,82,83
5,81,81,81,81,82,82,82,82,84,84,84,84,83,82,82,84,84,84,83,83,83,83,84,84,84,85,86,85,84,85,85,86,85,86,86,86,87,86,86,87,87,87,87,88,87,88,89,89,88,88,88,88,87,88,89,89,89,89,89,89,89,89,89,90,89,89,90,89,89,89,89,89,90,90,89,89,88,88,89,89,89,89,89,89,89,90,90,91,91,90,89,90,92,88,88,91,89,89,89,89,93,91,89,88,89,89,89,90,90,90,90,90,87,88,89,88,88,88,88,88,87,87,87,87,87,88,88,87,87,87,86,86,87,87,87,87,86,85,85,84,86,86,86,86,85,85,84,84,85,85
6,83,83,83,83,82,82,82,82,84,84,84,84,85,84,83,84,86,85,85,84,84,84,85,85,86,87,87,86,86,86,86,87,86,87,88,87,89,87,87,88,88,88,89,89,87,88,90,91,89,89,89,89,88,89,90,90,90,90,90,90,89,90,90,91,90,91,92,91,90,90,90,90,92,91,91,90,90,90,90,90,90,90,90,90,90,90,91,91,91,90,90,91,93,89,90,92,90,90,90,90,89,88,89,90,91,90,89,90,89,89,89,89,90,89,88,90,90,90,90,90,89,89,89,89,87,89,90,88,88,88,88,88,86,86,86,86,87,87,86,86,86,86,86,86,86,86,85,85,85,84
7,84,84,84,84,83,83,83,83,85,85,85,85,87,86,84,85,85,86,86,86,85,86,86,87,87,88,88,87,87,87,88,88,88,88,89,88,88,89,89,89,89,89,90,90,90,90,90,90,90,90,90,90,88,90,91,90,91,91,91,91,90,90,91,91,90,91,91,91,91,91,91,91,92,91,91,90,92,92,91,90,91,91,91,91,91,91,91,92,92,91,91,92,92,91,94,92,91,91,91,91,91,90,91,93,92,91,90,90,90,90,90,90,90,90,91,90,90,90,90,90,90,90,90,90,90,89,89,90,88,88,89,90,87,87,87,87,88,88,87,87,87,87,87,87,87,87,87,86,86,86
8,83,84,85,85,86,85,83,84,86,91,104,97,91,84,85,86,87,87,82,86,86,86,86,86,87,87,88,89,89,89,90,90,87,90,92,89,97,89,86,94,89,89,90,90,91,91,91,91,89,89,89,89,92,92,92,92,92,91,91,90,91,91,91,91,92,91,91,90,93,93,93,93,91,93,91,92,93,93,93,93,92,92,92,92,91,91,91,91,93,93,93,93,93,93,93,93,90,91,92,91,92,92,92,92,92,92,92,92,92,91,90,91,91,91,91,91,90,90,90,90,90,90,90,90,90,90,89,89,90,90,90,90,89,89,89,89,89,89,89,89,87,88,89,88,88,88,87,87,86,86
9,84,85,86,85,85,84,84,86,89,87,58,146,124,89,81,90,86,84,89,87,88,88,88,88,90,90,90,89,89,90,90,91,89,88,89,91,91,96,82,124,90,90,90,91,92,92,92,92,91,91,91,91,92,92,92,92,92,92,92,91,94,94,94,94,94,94,93,93,92,92,92,92,92,94,92,92,93,93,93,93,93,93,93,93,92,92,92,92,92,92,92,92,93,93,93,93,91,92,92,92,91,91,91,91,91,91,91,91,92,92,91,92,92,92,92,92,91,91,91,91,91,91,91,91,91,91,90,90,91,91,91,91,90,90,90,90,89,89,89,89,88,89,89,89,89,88,88,87,87,87
10,85,86,87,87,86,85,86,88,80,82,82,87,151,167,121,87,91,93,90,88,90,90,90,90,92,92,91,90,90,90,91,91,91,92,92,90,89,84,97,123,91,91,92,92,92,92,92,92,93,93,93,93,93,93,93,93,94,93,93,93,93,93,93,93,94,94,93,93,93,93,93,93,93,95,93,94,94,94,94,94,95,95,95,95,93,93,93,93,93,93,93,93,94,94,94,94,92,93,94,93,92,92,92,92,92,92,92,92,94,93,92,93,93,93,93,93,92,92,92,92,92,92,92,92,92,92,91,91,91,91,91,91,91,91,91,91,90,90,90,90,89,90,91,90,90,90,89,89,88,88
11,86,87,88,88,89,87,87,87,87,88,88,73,131,161,197,180,120,92,87,90,90,90,90,90,90,90,90,90,91,91,91,92,92,89,90,98,105,89,115,100,92,92,93,93,93,93,93,93,93,93,93,93,94,94,94,94,95,95,94,94,95,95,95,95,95,95,95,94,95,95,95,95,94,96,94,95,94,94,94,94,96,96,96,96,94,94,94,94,95,95,95,95,94,94,94,94,94,94,95,94,95,95,95,95,95,95,95,95,95,94,94,94,94,94,94,94,93,93,93,93,93,93,93,93,93,93,93,92,92,92,92,92,92,92,92,92,91,91,91,91,91,91,92,91,91,91,90,90,89,89
12,86,87,88,90,89,89,89,89,90,90,90,90,99,153,175,192,198,187,138,126,109,109,89,93,92,112,107,91,95,88,94,93,100,90,109,117,98,118,136,95,92,93,93,94,95,94,93,94,95,95,95,95,89,98,94,93,97,96,97,98,95,99,90,99,96,106,92,100,98,96,98,97,98,96,94,96,95,95,96,95,95,93,98,98,97,98,98,98,98,97,95,95,94,95,96,95,94,94,95,96,97,97,97,97,96,96,97,99,97,96,99,94,93,94,94,93,96,95,94,94,96,95,94,94,94,93,92,93,94,92,93,94,93,93,92,92,92,91,93,92,92,91,91,90,90,91,91,92,89,89
13,87,88,89,90,90,90,90,90,92,92,92,92,91,112,143,168,156,173,189,167,186,194,203,200,178,196,204,205,172,189,180,172,158,146,145,128,125,133,106,91,94,94,94,95,95,94,95,96,97,97,97,97,94,97,102,93,96,96,97,98,103,93,99,106,107,97,109,96,100,99,99,98,99,98,98,99,99,99,98,97,100,96,98,101,97,96,96,97,97,101,102,98,97,98,99,98,99,100,100,97,98,98,99,100,98,97,97,98,100,97,98,96,96,97,98,97,99,98,97,97,95,96,96,96,97,96,95,96,97,94,94,94,94,94,93,93,93,92,94,92,92,92,92,91,91,91,91,90,91,92
14,90,90,90,90,91,91,91,91,91,91,91,91,90,96,114,138,164,150,146,159,169,187,202,199,189,195,200,205,194,181,164,197,168,162,145,136,144,115,92,98,96,96,96,97,96,96,97,99,97,97,97,97,96,103,99,99,89,93,92,95,98,93,97,104,110,113,105,105,105,102,101,99,100,100,101,101,102,100,99,99,97,102,103,100,104,101,99,101,101,100,99,101,100,101,100,99,99,100,102,101,99,99,100,101,100,99,98,99,101,96,98,96,97,98,99,98,99,98,97,98,97,97,98,99,98,96,95,96,100,96,96,95,96,96,95,95,94,93,95,94,94,93,93,93,93,92,91,90,93,93
15,92,91,91,91,92,92,92,92,92,92,92,92,92,92,93,95,120,114,138,166,184,194,211,200,182,173,180,196,198,185,155,178,208,153,130,144,119,90,103,92,97,98,98,99,99,98,98,99,99,99,99,99,109,98,106,149,196,218,230,230,217,220,194,130,107,103,106,110,108,105,103,100,107,107,106,103,105,103,103,107,105,107,104,105,108,103,101,103,106,103,101,103,106,106,105,103,105,103,102,105,107,107,106,105,102,102,102,104,103,101,103,99,100,101,101,100,101,100,99,100,100,100,99,99,101,100,99,99,100,97,98,98,98,98,97,97,95,94,96,95,95,95,94,94,93,94,94,94,93,93
16,92,93,93,92,92,93,94,94,91,92,93,93,95,92,96,93,100,106,135,167,195,191,214,218,174,190,158,191,194,207,194,195,221,153,114,113,96,98,99,98,100,103,102,102,99,101,104,97,96,105,105,102,141,212,219,217,220,218,215,211,212,218,224,225,224,164,94,117,102,110,117,104,114,110,111,114,104,107,112,108,108,105,104,109,110,113,107,103,107,108,107,103,107,109,110,107,111,111,110,108,109,106,103,105,103,106,107,105,102,105,104,106,105,109,103,102,100,106,100,101,101,102,102,101,103,101,100,98,98,99,98,101,97,99,99,97,97,98,99,102,95,97,96,96,98,96,95,95,94,94
17,93,94,94,93,92,93,94,93,92,93,94,94,91,99,92,98,104,125,154,183,192,210,215,201,188,170,181,184,198,200,211,184,196,174,124,102,103,103,101,99,100,102,101,102,103,101,106,105,110,108,116,198,222,218,220,219,218,217,215,215,216,216,216,215,226,219,216,136,111,116,113,122,117,117,118,113,111,111,113,111,111,111,111,111,112,111,107,110,112,112,111,111,112,112,111,111,112,111,110,111,113,111,109,110,113,110,108,111,109,110,107,106,107,110,105,105,104,109,106,105,107,105,103,103,105,104,104,103,103,103,102,103,101,102,102,100,97,97,96,95,95,97,96,96,98,96,95,95,94,94
18,94,95,95,94,93,94,95,95,93,94,95,95,95,99,100,98,106,157,182,187,179,207,201,197,163,179,184,187,178,187,201,217,203,192,217,90,103,103,104,105,104,105,103,105,109,108,112,112,109,162,209,207,212,207,220,219,223,221,217,215,216,213,210,210,216,218,223,219,162,117,124,132,132,126,125,123,117,113,112,111,110,114,118,118,113,116,119,116,115,114,114,114,114,112,112,112,114,114,114,114,114,113,112,113,111,112,113,111,110,112,111,112,111,111,110,109,111,113,112,111,112,109,106,107,109,108,108,108,106,106,103,104,106,105,105,105,101,102,103,103,98,100,98,98,100,99,97,97,98,98
19,95,96,96,95,96,98,98,98,94,96,97,96,95,95,97,99,144,179,190,193,179,212,199,174,174,168,178,162,166,196,215,209,227,196,207,217,105,104,104,107,112,112,110,113,109,114,117,119,196,197,213,206,208,220,222,219,224,226,224,219,212,209,206,203,202,220,213,219,240,175,122,136,133,130,132,131,129,125,123,119,121,122,124,124,123,123,126,121,117,118,118,115,114,116,116,114,114,116,117,113,114,115,115,115,110,112,114,115,112,114,113,113,114,113,113,113,113,109,109,110,112,112,111,111,112,111,110,109,107,108,107,109,108,106,105,106,103,106,106,103,101,103,102,102,102,101,99,99,99,99
20,97,98,98,97,105,94,106,98,97,96,96,97,96,93,93,136,161,188,195,214,192,215,214,193,186,162,175,162,181,193,215,231,220,219,218,217,206,97,113,116,110,109,109,118,121,119,121,171,192,198,203,210,210,218,218,226,230,230,230,224,214,211,200,200,199,210,219,223,225,244,132,135,139,140,143,140,137,133,129,129,128,128,126,125,127,127,127,126,125,122,118,118,118,117,117,118,114,120,121,114,116,117,118,118,111,114,115,113,116,114,116,115,117,116,113,113,119,115,117,114,110,113,115,113,114,117,113,115,107,111,108,109,108,110,106,108,106,107,108,105,108,110,111,108,107,103,102,107,108,102
21,97,99,100,100,93,106,98,103,104,114,131,153,158,115,95,132,153,180,194,218,193,214,212,196,172,176,162,167,184,200,222,245,219,221,209,214,236,170,106,120,114,120,115,124,126,120,155,192,193,199,205,212,216,223,222,227,229,228,229,226,221,212,207,207,207,212,217,222,223,222,212,147,145,144,145,142,141,140,137,134,132,129,127,129,128,128,127,126,128,127,125,125,122,120,119,119,121,119,120,123,120,121,122,122,117,119,121,120,120,118,120,120,118,118,119,121,119,117,120,120,115,116,116,117,114,114,116,114,114,112,114,114,112,114,110,112,110,109,109,109,108,110,110,108,104,107,109,106,109,106
22,101,102,103,103,110,102,100,108,140,137,106,48,87,90,90,106,131,173,189,213,188,217,213,187,173,166,168,173,187,207,223,238,234,206,181,198,210,230,197,133,116,119,134,130,123,147,190,186,193,199,205,212,217,223,221,226,228,227,229,228,223,215,214,213,217,218,218,223,228,227,231,145,147,144,144,140,141,142,141,137,137,133,131,134,134,134,133,130,130,129,125,122,127,125,124,123,127,126,125,125,123,123,124,123,122,122,123,123,123,121,122,122,124,120,120,120,119,118,115,116,121,120,119,120,119,118,122,119,118,113,117,116,114,116,113,114,113,111,110,111,112,112,111,110,110,110,110,110,108,108
23,106,107,106,104,103,107,124,166,173,74,30,9,23,48,72,81,102,150,184,200,183,217,215,192,168,172,159,171,187,210,232,226,230,162,148,155,154,204,218,242,219,169,136,128,136,198,188,196,198,204,208,213,216,222,221,226,230,227,228,227,223,223,219,218,223,225,224,227,228,242,235,167,148,144,144,142,142,140,139,138,138,137,137,138,138,138,136,133,129,131,132,131,130,129,128,129,128,128,127,127,127,127,127,125,128,126,125,125,126,124,126,126,127,121,124,123,124,124,120,123,121,123,123,120,119,121,119,119,119,120,119,119,118,120,116,118,116,117,116,115,116,115,114,114,115,113,112,112,112,113
24,110,110,108,110,107,138,173,164,100,18,16,15,21,27,23,13,31,119,170,193,194,217,213,198,187,161,168,180,201,206,230,212,215,99,124,109,78,86,188,201,223,207,226,205,200,188,205,201,202,210,212,216,216,223,225,223,224,228,225,229,227,224,225,225,224,225,224,228,233,236,235,212,145,146,143,143,142,142,141,140,141,141,140,138,140,138,135,132,132,131,131,132,133,132,131,130,132,130,130,132,129,128,128,128,122,130,131,125,133,128,116,123,126,138,154,168,177,177,175,169,145,118,120,128,126,121,126,126,123,126,124,120,122,120,121,120,115,122,119,116,115,115,115,115,118,114,118,116,117,116
25,111,110,122,104,141,193,159,134,105,64,37,20,11,11,5,8,29,111,137,189,196,215,214,199,191,163,169,183,192,215,215,95,78,90,52,73,55,21,106,190,219,195,224,199,214,198,207,205,208,213,214,220,219,225,227,228,221,223,221,223,225,225,230,232,229,227,224,228,234,236,240,228,146,147,145,144,143,143,143,142,146,146,145,144,141,140,137,135,134,133,133,134,134,134,133,132,136,132,131,135,126,131,134,134,124,126,125,139,167,189,208,220,213,220,227,233,235,238,241,242,239,253,222,149,123,118,126,130,121,134,133,123,123,121,122,122,127,121,125,124,122,121,120,120,120,116,120,117,116,116
26,112,118,115,133,188,161,171,117,137,78,53,15,25,13,4,24,116,115,129,174,190,212,214,200,194,174,178,176,176,174,99,29,137,75,42,23,23,15,25,151,222,189,232,202,212,195,201,204,211,214,214,220,217,224,226,227,221,221,222,223,227,227,231,231,230,230,230,235,243,242,245,235,149,150,147,147,146,146,146,146,148,148,148,146,143,143,141,140,141,140,139,139,137,137,136,136,128,138,141,131,131,129,138,159,197,208,208,207,211,206,201,204,208,213,216,219,222,225,234,243,242,246,255,255,255,204,136,123,124,129,133,132,127,126,128,128,124,125,122,123,125,124,123,122,125,120,123,120,121,121
27,112,121,117,189,168,186,155,154,154,95,56,50,34,3,35,46,136,112,119,166,175,210,210,202,202,183,186,178,162,156,144,165,130,100,48,34,17,18,10,94,184,192,226,201,208,195,198,202,205,211,211,214,215,224,228,224,220,219,226,226,230,231,235,232,233,237,238,240,242,245,248,231,151,152,150,149,148,148,149,150,150,150,149,148,145,145,145,145,143,141,139,139,139,139,139,139,141,133,137,160,189,209,223,215,219,214,212,207,207,205,202,198,198,204,209,213,221,222,230,243,246,255,253,252,255,244,250,242,192,143,120,130,128,126,129,130,128,130,129,127,126,126,126,126,127,122,125,121,123,123
28,117,108,176,178,186,190,178,176,174,92,81,71,40,31,53,57,130,127,118,148,163,205,214,207,206,195,203,194,156,178,223,219,136,114,65,44,41,17,31,68,135,211,219,209,208,207,213,202,206,211,207,211,216,221,229,228,214,219,220,227,229,234,234,233,234,243,241,241,245,251,247,233,158,152,155,145,149,149,149,150,154,154,154,154,149,150,149,146,145,148,145,142,143,138,138,156,187,209,215,213,215,215,217,217,219,216,218,214,208,199,194,189,197,197,203,213,215,223,228,239,245,245,251,255,255,253,251,244,238,248,253,247,215,153,124,132,127,134,128,129,129,128,127,126,130,127,127,127,125,125
29,125,133,201,185,196,185,186,181,183,98,90,95,69,50,68,62,135,136,125,129,154,202,215,212,204,202,208,202,217,218,222,223,125,94,66,59,49,45,47,86,105,173,210,226,211,213,216,208,207,209,208,215,219,218,224,228,214,215,217,225,231,231,228,231,240,239,241,245,245,242,244,253,255,208,157,148,154,152,155,151,159,160,160,158,151,152,152,150,144,149,159,175,196,206,209,204,210,213,215,224,220,219,220,219,217,214,216,211,206,195,190,187,194,194,198,207,214,219,221,229,243,245,244,252,255,254,255,254,240,241,242,244,255,243,248,189,117,141,127,131,130,131,132,133,129,129,131,128,127,127
30,125,155,183,190,180,185,178,188,172,105,96,112,80,80,79,120,130,136,137,126,159,209,218,217,207,210,211,204,208,224,221,194,127,67,55,52,71,63,67,100,88,122,209,216,202,211,215,214,215,212,210,215,218,221,228,227,218,217,220,226,230,227,224,229,234,237,243,240,238,245,249,244,247,249,251,255,245,224,215,208,207,207,209,212,214,213,213,213,209,214,213,209,210,214,219,226,220,221,223,223,224,222,221,217,216,215,218,212,203,193,189,186,193,192,196,205,209,215,217,224,230,242,243,245,251,254,255,254,254,246,240,240,241,255,239,242,250,164,122,138,132,131,131,130,131,132,134,131,130,130
31,126,155,168,170,172,187,185,184,173,118,120,115,106,110,130,139,137,134,141,133,168,215,218,221,223,222,227,217,221,218,215,170,127,54,61,47,104,92,76,119,98,122,180,222,197,210,211,213,217,214,215,217,216,218,224,224,220,219,225,227,223,227,228,229,233,241,240,237,244,244,243,238,252,242,240,239,230,216,230,234,231,224,218,221,222,218,214,212,210,212,213,219,219,226,231,232,233,235,227,229,229,226,223,218,211,213,219,214,201,196,194,188,190,190,195,205,209,213,213,218,224,233,242,243,246,252,253,254,255,253,248,241,244,248,242,242,245,237,234,138,138,137,137,137,135,133,135,134,133,133
32,129,140,156,153,166,187,194,174,157,138,136,137,131,137,141,138,130,142,144,134,182,216,219,229,223,226,226,219,214,211,213,158,118,40,58,86,165,100,107,108,96,121,127,213,195,204,208,212,218,214,216,216,215,219,219,222,219,223,226,219,225,226,227,228,229,241,234,237,240,245,246,246,246,245,243,230,222,222,235,227,212,208,212,216,215,225,219,225,220,224,226,225,219,223,222,232,237,242,239,231,230,232,224,221,209,213,218,216,202,198,202,192,195,192,192,203,210,213,209,212,221,232,236,243,243,240,246,248,255,254,253,247,237,240,236,241,243,241,240,241,172,131,144,137,139,139,133,137,135,135
33,137,132,137,148,146,140,133,139,131,141,137,138,138,137,144,140,114,138,152,146,179,225,228,230,226,229,228,216,215,204,212,147,69,125,69,90,217,150,119,117,121,95,123,194,192,205,207,212,220,215,217,219,222,222,217,218,223,220,220,219,226,225,223,223,226,228,229,239,239,244,245,244,245,241,237,227,230,220,228,233,221,211,220,222,220,228,222,225,220,222,224,228,224,225,222,229,237,245,245,236,228,233,232,233,217,206,218,219,208,201,202,197,201,201,202,208,208,213,210,210,215,225,231,238,240,235,235,237,247,253,255,251,247,236,236,238,241,239,239,241,248,223,135,144,143,137,143,142,138,138
34,133,137,138,135,139,141,138,134,140,140,138,138,142,136,143,138,107,118,115,94,117,160,204,229,238,219,230,223,208,212,206,123,86,67,80,89,223,184,201,171,139,118,109,174,187,204,201,212,219,216,220,220,223,219,217,219,224,219,218,222,228,224,220,220,226,219,223,230,237,242,243,242,245,241,238,229,231,223,228,234,227,214,222,222,222,227,223,223,222,220,223,229,229,227,224,226,231,240,243,238,226,230,238,240,234,200,214,219,212,204,201,200,202,207,208,210,208,214,210,209,213,219,226,232,240,236,231,233,233,242,252,248,244,241,232,233,234,234,234,235,238,240,246,161,137,149,135,146,139,139
35,141,139,133,136,143,143,140,142,145,142,144,144,145,142,143,138,77,65,63,70,93,118,116,124,202,237,222,221,206,209,174,84,79,63,69,78,204,169,211,220,180,155,132,162,183,200,191,211,214,216,223,219,223,216,218,222,220,220,224,225,229,225,223,225,225,226,227,226,236,240,241,241,242,241,241,232,230,225,227,230,229,219,219,217,223,226,226,225,222,222,223,227,229,226,226,227,228,235,239,241,231,232,241,240,248,201,208,215,209,204,199,198,204,209,212,215,213,215,210,211,218,221,227,231,230,232,227,228,229,232,240,243,240,239,235,233,232,236,236,230,233,229,241,237,164,136,143,143,142,142
36,140,141,141,142,142,142,143,143,144,144,144,145,146,147,148,132,49,121,141,159,212,232,168,114,131,129,222,222,215,221,103,90,147,177,193,218,210,153,208,208,168,228,206,186,187,196,186,216,208,218,221,220,221,213,220,223,219,222,221,227,226,226,224,227,225,232,228,232,238,238,242,240,238,242,235,235,233,226,228,232,229,223,221,219,227,229,230,229,224,222,222,226,225,225,226,227,229,232,233,237,237,236,240,242,247,217,191,214,210,200,199,199,207,210,216,216,219,215,213,214,212,218,221,223,230,231,227,225,227,225,233,237,238,236,233,230,236,236,238,231,223,225,230,232,235,139,140,140,141,142
37,143,143,144,144,143,143,144,144,144,145,145,146,143,146,145,146,78,124,164,180,214,231,241,239,206,105,102,165,158,122,121,140,172,213,226,223,204,160,202,206,158,224,197,175,188,189,198,217,205,224,218,218,209,211,219,219,220,221,226,228,224,228,228,228,230,234,230,234,237,237,241,239,239,243,235,233,235,227,229,233,226,221,222,222,227,230,232,231,229,226,223,223,224,224,224,223,229,231,230,231,235,235,238,246,246,234,200,209,215,201,201,202,210,215,218,218,218,220,219,215,211,214,214,219,226,227,222,219,221,225,228,233,237,236,234,230,230,231,236,237,230,226,225,230,245,214,149,149,148,148
38,143,143,144,144,144,144,145,145,146,146,146,147,150,145,149,146,152,122,168,206,218,223,241,231,232,240,142,106,100,111,115,167,214,213,222,233,195,168,201,197,155,225,202,164,187,184,210,214,216,222,220,211,198,210,218,216,221,222,229,227,223,230,232,230,234,233,230,234,233,234,237,236,238,242,234,233,238,225,230,235,225,220,222,223,227,230,233,233,233,230,225,222,223,223,222,221,226,231,231,232,236,236,235,242,244,248,217,207,217,205,200,205,211,220,221,222,219,217,214,215,210,209,208,214,217,221,221,219,218,224,224,230,234,235,235,232,232,233,234,238,241,235,227,231,234,240,139,150,150,151
39,144,145,145,146,145,146,146,147,147,147,148,148,147,149,149,152,149,138,180,215,213,223,244,240,239,228,241,213,112,126,169,185,227,223,222,236,174,189,197,178,173,221,205,158,190,195,217,215,223,225,216,198,200,213,215,218,221,225,224,223,225,231,233,232,235,229,226,229,229,229,233,231,235,240,234,234,239,222,228,234,228,222,221,220,227,230,231,230,232,231,228,225,222,222,222,223,224,228,228,227,230,234,233,239,242,243,234,213,213,210,195,205,209,221,222,225,217,215,214,213,209,209,206,210,212,217,216,212,215,215,221,225,229,234,237,235,234,238,237,238,241,241,232,230,237,231,172,151,152,152
40,145,145,146,146,147,148,148,149,149,147,148,149,155,148,153,150,156,162,205,215,218,226,240,235,236,238,239,237,74,105,189,198,216,229,211,222,152,199,207,152,199,220,196,188,194,210,221,220,227,226,215,188,206,214,217,216,224,224,225,223,229,231,228,230,233,225,224,226,228,228,231,232,233,242,235,234,236,221,229,233,230,220,221,221,226,227,228,228,228,233,231,225,223,218,220,227,231,233,229,225,222,227,232,238,235,242,236,220,215,212,200,207,213,222,228,223,215,213,211,213,208,207,207,208,211,213,209,205,208,210,217,221,226,232,236,234,234,239,237,237,238,238,229,231,231,229,210,155,159,157
41,146,146,147,147,147,147,148,148,151,150,150,152,149,155,154,150,152,189,225,236,219,225,235,233,243,247,240,240,84,136,183,217,222,206,220,224,164,197,187,146,209,218,186,196,207,219,223,224,233,230,210,193,210,215,217,219,221,221,220,226,231,232,227,232,229,223,223,224,223,225,229,227,233,240,234,233,234,220,225,228,229,220,221,221,224,225,226,226,226,233,233,228,227,220,220,225,233,236,232,225,221,225,229,234,236,242,240,227,215,219,206,208,219,224,227,224,217,216,214,216,211,209,206,203,207,209,205,201,203,204,210,217,226,234,241,239,236,239,237,237,235,235,229,233,236,230,194,162,163,161
42,148,148,149,149,149,149,149,150,152,154,152,154,153,155,155,156,171,161,181,196,183,185,205,228,231,245,237,235,74,165,198,203,222,188,227,221,185,197,167,157,219,210,175,193,206,220,223,229,238,233,211,206,214,216,215,216,214,215,215,228,233,233,222,232,229,227,224,225,223,225,230,227,234,237,233,233,232,219,220,223,227,220,223,222,224,225,225,224,223,231,234,231,228,220,219,226,237,243,240,231,224,225,226,231,233,236,239,230,224,219,220,216,224,225,225,223,215,215,213,216,209,209,208,205,201,204,202,199,194,200,206,215,224,233,242,242,236,236,236,234,232,231,229,234,233,234,180,178,166,165
43,150,150,151,151,152,152,153,153,151,156,152,154,159,160,150,142,56,58,62,99,89,88,109,133,116,242,249,197,94,210,226,216,211,195,223,212,197,195,157,180,217,199,183,188,202,220,224,230,232,225,215,214,213,216,212,208,205,212,212,229,235,233,216,228,229,230,224,222,225,225,229,229,235,234,231,232,229,219,219,223,225,220,224,222,228,227,225,222,220,226,230,233,234,223,218,223,232,243,244,236,230,229,227,232,233,233,238,231,224,226,225,224,224,225,224,219,215,214,213,217,210,212,212,208,202,202,193,186,179,193,202,211,222,227,234,238,239,237,238,236,232,228,229,233,234,232,172,201,171,170
44,149,151,153,154,152,152,154,156,156,155,158,158,161,155,158,123,41,44,111,93,92,69,145,83,69,238,237,185,167,224,232,225,185,205,229,201,192,183,151,189,195,187,193,187,207,218,221,230,229,225,211,222,214,217,210,202,203,209,212,231,236,224,208,225,223,229,224,222,225,225,226,228,234,229,227,228,226,219,221,226,223,222,222,223,225,226,223,223,222,221,227,231,240,230,217,217,226,240,242,240,232,232,229,229,228,235,235,234,225,231,226,228,233,223,223,215,210,209,213,214,213,215,215,212,209,202,189,179,175,188,201,210,217,230,232,235,241,243,244,240,234,231,230,232,236,235,165,192,178,178
45,154,155,156,156,154,157,158,157,158,156,159,159,160,162,156,137,13,3,60,102,67,64,74,43,122,210,233,216,202,237,224,240,179,211,224,202,184,162,149,209,167,196,190,197,210,213,221,220,219,217,217,215,215,217,208,196,202,210,217,231,240,224,203,215,222,228,222,220,222,223,225,226,229,226,226,226,222,216,217,222,222,222,223,223,226,226,222,222,219,219,226,227,237,231,216,212,223,236,241,241,238,238,234,233,230,236,229,227,226,233,231,228,229,222,221,216,213,212,215,216,213,216,218,217,216,212,201,188,181,190,201,207,222,226,233,238,240,241,242,242,237,233,234,234,237,240,172,176,186,182
46,154,156,156,155,155,158,159,157,160,158,161,161,158,159,163,136,72,39,21,62,51,34,81,114,165,216,231,218,220,239,215,232,177,221,220,202,168,146,157,192,162,196,188,198,208,209,219,212,217,211,220,206,216,215,204,190,200,208,219,229,240,227,206,210,218,225,220,219,218,220,222,222,227,224,225,226,221,214,215,220,221,222,224,223,227,226,221,223,219,217,222,221,234,237,223,213,218,227,235,237,239,241,237,233,230,237,229,229,222,228,228,220,218,217,216,213,212,210,213,213,214,218,222,223,221,223,220,213,207,207,211,211,221,227,237,238,241,242,244,246,239,235,239,236,232,239,195,168,198,190
47,156,158,160,160,159,159,159,159,161,160,163,163,165,156,166,143,118,28,39,66,65,43,45,99,190,226,233,195,214,236,220,190,174,224,215,193,160,148,170,147,167,186,181,195,201,211,214,213,220,208,216,214,217,212,201,192,204,209,222,231,239,231,211,205,213,221,218,219,214,218,220,219,223,217,218,224,217,211,212,217,220,223,224,222,225,224,221,225,225,218,217,218,227,240,229,218,219,224,233,235,238,241,239,235,231,239,228,230,227,229,228,221,213,216,215,215,213,211,213,213,215,219,223,224,222,223,224,223,221,216,219,219,224,230,231,237,239,241,243,243,236,234,242,238,237,237,213,153,204,198
48,158,159,160,161,159,162,163,162,161,162,162,163,161,166,166,138,111,67,52,64,65,60,49,106,171,175,184,198,198,223,198,146,181,220,220,174,158,143,184,126,164,184,170,206,194,210,213,208,207,213,215,215,212,210,190,194,209,210,223,231,236,232,211,203,208,217,217,214,209,218,215,219,218,213,216,215,213,207,205,210,216,221,224,218,222,222,224,227,227,224,214,215,226,234,236,223,222,223,226,236,230,240,239,241,232,237,230,230,237,232,229,225,214,217,216,216,215,215,213,209,210,221,219,222,223,227,226,225,225,219,217,223,227,226,224,229,235,234,242,237,231,229,245,236,227,231,232,164,208,200
49,157,158,159,160,161,162,163,163,163,164,164,165,166,165,164,168,161,174,152,143,159,133,122,150,173,120,121,129,219,143,132,138,199,198,225,156,156,140,166,141,162,186,179,199,197,199,215,203,194,216,217,217,215,202,189,195,208,213,224,232,238,232,211,195,196,209,213,213,207,212,212,217,210,207,213,215,213,208,213,207,214,219,223,218,217,220,219,224,230,227,212,203,219,229,235,228,225,227,228,233,232,240,241,242,238,232,231,231,234,231,227,220,219,219,216,218,219,219,216,212,212,216,220,219,218,225,227,225,225,219,216,221,223,227,227,227,228,228,237,237,227,225,237,232,234,237,239,166,212,202
50,158,159,160,161,163,163,163,164,165,166,166,167,162,168,169,167,170,169,163,166,161,169,172,167,165,108,128,142,195,127,135,158,216,187,219,149,151,142,144,156,154,181,188,181,191,192,208,202,194,214,215,221,211,194,188,197,206,218,223,233,238,233,214,181,186,201,208,208,206,204,208,211,208,204,209,209,211,202,211,212,214,215,222,216,212,213,214,224,227,228,214,201,210,219,228,228,226,222,220,230,232,237,240,241,243,231,232,232,232,229,226,220,221,219,215,216,218,218,215,210,214,214,221,217,214,221,224,223,223,221,218,219,224,222,220,226,228,229,233,233,222,225,234,237,241,242,246,162,213,201
51,161,161,162,163,165,164,164,166,165,165,166,166,173,165,165,164,171,168,171,165,173,173,172,174,170,127,127,169,177,137,127,167,219,201,190,150,146,151,133,157,151,173,197,168,185,205,191,202,196,206,216,213,202,193,189,199,203,219,221,231,236,234,220,167,168,188,201,205,207,198,204,204,200,196,202,204,208,203,206,208,216,214,221,213,206,198,208,222,228,231,220,209,210,216,222,224,229,226,220,222,228,230,235,236,241,234,233,231,232,227,227,229,225,224,220,218,218,218,214,208,209,213,217,211,212,215,216,219,222,222,222,222,220,218,215,222,224,229,230,228,227,232,234,241,242,241,246,154,215,202
52,163,161,165,165,165,165,165,166,168,167,167,169,167,167,167,166,165,167,171,171,169,171,173,173,177,155,111,122,150,141,124,186,204,212,170,154,143,149,133,161,148,160,200,179,190,214,180,189,190,202,210,201,187,185,187,195,205,220,222,230,234,233,233,158,162,181,203,204,207,195,201,197,198,188,189,203,199,196,205,210,215,216,219,214,201,186,193,212,223,234,220,214,214,212,216,220,226,229,223,223,221,227,231,233,236,235,229,228,229,229,230,231,226,225,223,221,223,219,216,205,206,210,208,204,209,213,215,216,225,222,220,220,215,210,219,223,225,225,229,229,228,236,235,235,230,235,233,152,219,199
53,162,162,165,164,165,165,165,166,168,167,167,169,168,169,170,170,172,171,174,173,173,175,176,176,173,182,155,97,108,106,145,193,158,221,160,158,144,146,134,158,152,168,180,187,190,206,194,191,200,202,212,196,179,179,181,189,194,210,214,220,229,232,237,191,172,185,202,205,208,196,200,199,197,185,181,195,199,197,206,207,209,210,219,219,215,192,185,199,210,229,223,214,213,210,214,218,221,225,220,222,219,223,226,232,230,231,228,229,230,230,229,229,228,225,223,225,229,225,220,207,203,203,200,200,204,208,210,212,219,220,219,216,210,209,217,220,222,228,230,224,222,230,231,238,236,233,228,158,213,200
54,161,163,164,164,165,165,165,166,168,167,167,169,167,168,169,171,174,171,172,172,173,174,175,174,175,169,188,121,125,124,145,200,138,228,153,157,142,141,139,151,149,170,168,189,185,180,196,191,200,212,207,187,169,174,176,184,196,211,218,222,226,230,235,219,192,197,206,208,206,194,193,197,194,183,174,185,190,194,207,207,209,205,216,218,224,211,202,198,213,224,221,217,216,210,212,217,224,228,222,223,224,224,225,233,234,234,230,230,233,232,231,231,231,227,226,230,232,230,222,207,203,196,186,187,195,202,207,213,216,219,219,214,208,204,209,221,216,219,218,219,220,225,225,235,235,235,219,155,206,199
55,160,164,163,164,165,165,165,166,168,167,167,169,170,170,171,171,174,170,171,172,173,174,174,173,172,180,173,158,119,137,167,136,165,212,152,149,139,138,145,144,150,156,170,186,180,152,181,199,205,219,212,189,166,176,177,186,199,209,216,223,230,230,226,212,188,194,205,208,209,195,188,195,190,185,175,181,184,192,208,205,201,192,207,210,218,215,207,194,209,218,218,220,216,208,206,210,217,222,219,223,219,220,219,223,228,228,225,226,229,230,230,230,230,230,231,233,234,234,227,210,195,188,179,179,186,192,195,198,196,199,201,200,193,194,199,210,223,225,217,215,215,222,223,232,234,238,206,161,208,202
56,166,165,165,167,164,165,166,167,166,167,169,170,172,172,172,172,172,170,172,174,172,174,175,175,173,175,178,168,120,137,145,113,184,185,149,151,143,134,143,145,148,143,164,194,190,157,175,190,214,214,223,193,175,173,179,191,196,203,210,217,224,229,220,191,175,181,195,205,206,195,188,187,188,186,178,182,175,191,196,199,197,181,191,205,217,219,211,191,203,210,217,219,221,214,209,208,212,215,219,221,221,217,212,217,218,223,223,222,228,227,227,230,230,232,231,234,236,233,229,214,196,174,168,178,182,184,191,196,202,196,201,198,191,190,200,205,208,214,210,208,210,216,224,230,225,235,197,162,213,197
57,163,163,163,164,164,165,166,167,168,169,170,172,170,170,170,170,175,172,174,175,175,175,176,177,174,175,174,178,128,116,132,129,197,179,144,148,142,135,143,143,151,145,160,183,190,164,171,184,204,212,220,205,179,172,178,190,202,208,211,215,223,222,214,180,165,179,192,198,209,199,188,185,186,185,170,170,168,185,190,190,193,182,183,196,213,220,218,201,188,200,211,214,219,214,211,210,209,212,219,227,230,226,218,214,217,223,226,227,226,226,226,228,234,235,232,233,235,233,231,216,199,168,160,167,170,174,182,190,188,194,188,183,181,185,198,209,218,216,209,212,210,214,220,226,226,233,191,161,208,192
58,164,164,164,165,165,166,167,168,169,170,172,173,172,172,172,172,174,171,172,172,173,173,173,175,175,179,177,179,140,138,144,134,205,172,138,145,138,137,144,142,149,144,153,162,178,162,164,187,183,204,212,203,187,173,176,185,199,206,211,215,220,222,217,189,159,175,190,197,209,201,186,178,181,181,164,159,164,181,190,197,196,188,178,188,205,216,221,211,198,198,201,212,219,214,210,206,210,207,210,220,226,228,222,215,213,218,220,223,225,226,227,228,231,233,232,235,231,230,230,217,196,165,163,160,162,168,176,187,191,191,187,180,181,186,197,210,216,217,209,206,208,211,218,226,232,235,192,168,206,190
59,163,163,163,164,166,166,167,168,168,169,171,172,172,172,172,172,174,172,174,175,174,172,172,175,175,173,177,178,159,138,142,152,209,175,134,136,135,140,148,145,146,146,153,148,157,155,158,173,181,192,196,192,180,168,178,187,201,208,213,219,223,226,208,183,162,161,177,187,198,192,172,162,176,174,170,159,159,172,181,194,203,188,177,181,197,207,216,213,199,194,194,207,219,216,215,212,210,202,202,215,222,226,223,220,216,219,221,225,226,229,230,230,229,230,227,228,231,231,233,221,205,164,161,156,155,161,164,176,187,187,178,176,180,187,194,208,213,220,218,216,216,215,217,222,225,231,189,168,204,188
60,160,161,163,164,167,167,167,168,165,169,170,169,171,170,170,172,171,170,170,172,172,173,173,174,177,176,176,178,169,139,148,158,214,179,142,131,129,137,150,153,140,152,156,150,153,150,162,158,177,188,186,184,179,173,180,193,208,199,211,219,226,227,210,186,168,162,162,172,184,183,153,155,165,174,169,163,159,159,169,178,196,196,176,179,192,196,208,207,203,191,189,202,211,207,204,205,204,213,204,210,218,228,228,225,225,226,220,221,227,233,235,230,228,228,228,228,231,232,231,229,222,168,161,151,149,153,159,169,176,185,171,169,178,184,194,203,211,216,220,219,215,219,223,224,225,222,191,162,203,191
61,159,161,163,165,165,165,166,166,167,171,170,171,172,171,170,170,171,170,170,172,172,173,173,174,176,176,176,177,180,139,146,172,207,181,150,132,118,145,148,149,143,152,159,156,151,146,155,154,152,169,176,176,175,185,193,200,215,208,214,214,216,218,200,186,169,161,152,155,174,171,148,152,157,168,167,165,161,160,162,170,182,190,175,168,186,192,195,198,202,199,197,203,210,208,207,210,202,204,205,212,214,225,231,233,227,224,226,228,234,232,230,229,228,226,226,229,232,233,234,234,230,196,154,150,144,146,150,154,163,166,160,165,176,182,190,199,204,207,213,217,217,221,225,226,228,215,192,159,202,190
62,159,161,163,165,165,165,165,166,166,168,167,169,172,171,169,169,171,170,170,172,172,173,173,174,176,175,175,177,178,139,146,188,191,177,161,144,107,145,147,141,145,150,159,159,150,145,149,153,154,156,159,166,173,176,196,214,225,213,211,211,221,227,209,184,178,157,147,145,153,160,156,156,157,166,166,166,160,161,163,176,175,187,180,170,173,188,194,196,198,195,189,196,203,209,207,208,209,204,207,211,211,220,225,228,226,221,226,229,232,232,229,224,222,221,223,230,232,233,235,235,230,217,189,153,148,146,152,156,154,147,149,156,171,184,193,204,206,205,206,211,216,220,225,227,231,195,196,155,206,188
63,163,163,164,164,166,166,167,167,166,167,166,169,170,169,169,169,171,170,170,172,172,173,173,174,175,175,175,176,175,142,145,205,181,171,163,155,108,130,147,132,144,143,152,154,154,147,151,160,169,160,155,157,167,176,187,216,225,221,219,215,220,228,229,206,195,153,145,141,150,155,158,157,154,163,163,165,163,158,160,170,170,178,177,177,171,175,186,192,197,200,192,195,188,206,212,213,207,205,206,210,217,225,228,231,226,227,225,228,230,228,224,221,218,221,229,237,238,238,236,233,231,224,213,179,151,147,159,171,159,143,147,148,164,183,189,193,204,204,204,205,211,216,221,224,214,189,196,151,214,187
64,160,160,161,162,165,166,168,169,168,167,168,169,172,169,167,168,172,170,169,173,172,173,173,174,171,175,180,183,191,146,149,220,187,171,171,155,123,112,137,133,138,139,145,150,154,149,151,159,163,159,166,163,164,183,187,207,223,222,227,224,216,222,235,225,229,163,151,159,149,150,153,155,155,156,161,162,164,161,157,166,175,174,174,182,182,178,180,183,190,194,197,195,190,180,200,207,209,210,205,202,210,213,218,224,220,220,225,225,224,221,220,223,220,221,227,238,244,243,237,229,229,225,219,204,165,146,150,174,158,144,147,147,150,168,188,198,200,200,201,201,203,213,220,222,190,184,197,155,220,187
65,159,160,161,162,162,163,163,164,165,167,168,167,168,170,171,172,175,171,168,169,171,172,173,174,178,180,183,185,185,156,151,213,193,173,173,163,136,110,117,128,140,139,140,145,150,151,150,146,151,163,169,175,176,180,200,220,227,232,231,227,228,220,230,234,240,193,158,163,159,158,155,153,156,156,160,160,161,160,163,162,171,173,172,179,178,181,176,172,179,186,188,192,196,191,199,206,209,211,208,206,205,207,210,213,216,214,218,217,220,217,216,219,225,223,228,240,245,243,235,234,235,229,220,203,171,144,143,160,152,150,147,145,148,157,174,199,201,200,193,199,204,212,223,219,189,189,188,157,215,185
66,158,158,159,160,160,160,160,160,163,166,167,165,164,165,165,163,162,163,167,170,169,170,172,173,177,179,181,182,181,157,156,202,206,179,174,168,152,118,117,128,144,145,142,146,147,149,151,155,152,156,166,175,185,195,208,224,230,239,236,231,229,220,225,234,236,224,166,159,160,159,157,156,154,155,161,163,162,156,158,160,161,165,160,169,166,173,173,167,173,178,179,182,191,192,198,207,208,209,205,201,204,206,207,206,209,203,208,216,223,221,219,222,223,219,222,235,241,245,235,231,221,219,221,215,178,142,136,148,151,150,141,143,144,165,182,196,206,212,200,197,205,210,223,196,189,192,177,168,211,186
67,157,157,158,159,159,160,161,163,161,162,162,163,164,163,163,163,167,168,168,167,167,168,171,173,173,175,178,179,179,166,149,181,210,182,176,171,154,118,123,127,141,149,147,149,152,153,156,163,160,160,160,174,191,209,219,230,239,242,245,237,231,226,217,233,240,237,170,164,160,160,161,161,160,160,163,163,157,156,154,160,156,159,152,168,167,165,171,162,170,171,180,180,182,183,194,199,209,211,209,207,205,207,209,206,204,205,213,215,223,220,219,221,217,215,218,227,232,234,220,223,219,214,213,205,193,148,135,141,147,149,143,139,135,147,160,190,200,205,202,195,201,212,207,184,191,190,173,183,206,185
68,157,157,157,157,161,158,165,161,166,160,167,164,166,161,165,160,162,165,163,167,171,175,167,173,174,175,174,178,178,174,142,176,214,180,178,171,153,122,129,127,136,144,151,149,155,155,149,150,156,171,165,176,192,211,228,228,233,238,242,247,237,223,216,229,226,231,163,167,169,161,163,165,164,164,168,164,156,156,156,156,157,157,152,148,157,150,159,167,172,172,180,186,171,175,186,195,199,197,200,199,203,204,205,207,205,203,214,209,216,213,208,210,216,211,213,220,221,213,230,232,222,226,227,217,207,155,132,132,139,148,145,137,125,125,143,163,192,203,200,204,205,217,188,190,187,191,160,193,195,179
69,150,152,154,156,150,165,158,159,177,157,159,145,152,155,152,162,166,159,168,169,173,176,174,166,176,169,175,177,176,186,136,160,211,169,178,168,157,126,136,134,131,139,151,147,147,149,144,141,146,170,175,177,184,199,224,229,239,236,232,241,244,229,234,217,232,204,159,148,150,159,158,157,160,156,157,159,155,154,152,151,147,149,147,147,145,147,153,161,160,180,176,180,180,174,166,182,190,190,194,197,201,205,207,204,198,201,207,209,208,219,201,198,197,197,199,185,126,103,98,133,188,216,238,217,205,184,152,122,129,141,147,147,137,132,136,147,179,195,192,204,206,214,183,185,184,186,158,198,189,177
70,151,151,152,152,160,147,153,158,106,77,80,66,67,67,83,102,89,64,87,83,81,76,95,61,171,174,174,172,175,179,139,154,208,159,177,163,164,132,144,137,138,135,142,145,140,140,139,131,129,151,169,178,188,187,208,223,238,243,239,243,239,223,222,199,241,161,150,147,149,146,152,159,157,156,153,150,150,149,146,144,140,142,143,147,149,154,155,157,149,164,172,175,169,177,174,181,181,183,184,193,197,203,207,201,196,201,199,203,198,196,197,197,180,136,99,89,89,99,105,94,73,74,110,193,231,179,165,133,124,130,144,155,153,149,143,146,170,192,192,197,212,212,178,182,179,179,156,204,178,173
71,147,148,149,149,148,160,156,88,60,79,71,68,61,65,86,89,78,74,74,74,73,77,44,10,67,179,168,171,176,172,142,154,208,160,177,160,167,135,154,145,142,143,136,140,149,145,141,132,122,137,159,172,197,199,210,228,236,245,240,241,237,237,202,195,239,136,145,155,149,140,137,144,147,147,142,143,144,143,141,139,139,139,139,144,149,150,156,153,153,156,166,171,169,163,162,175,177,179,175,185,186,192,197,195,200,198,191,186,182,155,149,120,117,121,122,126,123,127,122,125,128,144,108,80,110,174,169,154,131,125,135,151,167,173,172,173,174,187,193,199,214,208,171,175,174,175,156,207,172,174
72,143,143,150,147,148,154,46,77,71,65,68,70,71,78,75,73,79,73,80,69,85,41,37,26,3,127,166,165,173,173,151,163,213,173,181,147,166,134,154,152,149,156,147,137,138,133,135,133,131,138,158,168,188,200,203,223,237,241,236,238,232,234,208,200,229,145,147,143,143,135,128,128,134,139,142,137,141,148,145,141,141,140,141,140,139,149,143,152,148,155,154,154,165,162,173,173,173,176,176,173,177,188,185,191,190,186,178,161,133,120,117,121,130,142,137,134,139,121,172,206,211,178,165,112,94,74,101,155,156,140,127,148,169,180,185,197,200,197,196,203,216,202,171,170,169,170,161,213,171,164
73,140,139,139,146,133,57,49,42,50,58,57,59,67,66,64,69,61,85,74,73,37,30,41,36,24,0,164,172,165,169,151,173,191,194,184,150,164,157,160,162,163,158,159,151,145,132,129,131,127,133,155,167,181,197,204,222,235,241,241,239,236,229,217,195,201,138,149,136,127,122,119,122,120,121,129,143,139,142,148,147,144,141,141,140,142,137,126,143,144,142,152,156,149,158,159,170,179,175,174,164,171,175,179,181,173,163,142,125,119,121,127,128,127,137,130,130,119,193,232,203,189,175,147,114,124,118,94,69,121,117,133,135,163,173,180,199,206,206,204,205,214,192,169,170,172,165,168,211,169,164
74,136,138,134,135,142,150,74,46,54,40,48,45,55,54,57,47,40,34,41,44,29,35,34,34,29,60,80,153,159,163,151,171,154,205,170,158,148,172,164,165,168,167,158,153,152,144,140,133,123,126,157,155,179,188,192,218,233,238,246,239,239,232,213,206,182,126,125,133,128,124,121,121,122,121,123,129,145,142,147,145,142,134,135,134,132,139,137,141,137,140,140,145,155,150,152,161,159,159,162,154,162,149,148,150,150,138,122,119,122,122,122,123,124,133,130,126,184,226,189,191,180,159,134,126,136,159,153,116,82,120,122,142,161,175,181,200,210,216,212,211,217,186,165,167,168,163,165,213,163,164
75,115,115,119,120,130,125,76,50,61,66,78,105,98,85,94,96,85,88,109,35,33,38,32,40,33,81,124,133,140,140,141,148,149,209,153,174,130,164,168,161,173,171,165,159,157,152,148,137,124,110,153,149,182,188,188,213,232,233,245,239,235,238,220,212,149,143,132,128,127,125,122,121,120,121,123,122,128,133,138,144,137,126,130,131,134,131,129,136,133,135,134,134,149,143,154,156,145,153,146,136,144,140,144,151,153,130,119,117,115,118,116,117,119,117,127,137,217,198,192,181,167,137,121,132,168,164,167,155,65,74,123,132,152,178,187,202,208,217,213,217,226,193,162,161,164,154,161,204,158,164
76,91,127,145,136,136,129,136,117,111,103,127,126,114,107,96,116,131,137,126,36,32,28,32,28,26,105,115,130,130,125,127,132,165,208,139,176,136,161,167,161,172,174,165,157,155,153,149,138,127,111,142,151,175,184,190,209,224,229,239,238,230,234,240,221,122,121,119,124,128,130,129,122,123,123,121,118,120,123,131,139,138,134,130,130,133,133,130,132,132,126,129,132,130,136,136,134,141,136,138,142,142,146,149,159,148,131,114,112,109,103,102,105,107,104,109,162,219,207,202,175,146,122,102,154,162,164,151,123,113,73,119,134,138,169,190,201,210,209,215,212,233,223,155,161,164,139,141,179,148,154
77,53,63,67,69,71,69,146,133,131,131,133,120,124,108,103,122,126,99,144,32,29,23,33,27,30,96,107,104,96,101,111,136,163,190,140,158,151,168,161,167,175,176,170,161,156,154,150,138,130,107,128,150,174,174,169,203,221,228,237,234,235,241,242,194,127,129,125,122,125,127,128,124,114,110,108,113,112,112,117,125,127,129,130,127,130,131,129,132,126,127,128,122,123,126,125,124,132,130,135,141,144,148,157,170,150,126,102,76,90,87,88,92,100,109,118,215,207,205,210,164,146,128,163,145,150,149,126,108,97,145,127,124,137,158,177,195,206,209,215,207,226,243,120,101,153,101,86,153,149,150
78,58,59,60,65,69,60,150,134,135,140,132,127,124,110,104,127,132,163,160,25,31,20,28,28,21,100,97,104,106,103,96,115,157,139,170,134,154,171,160,174,172,174,172,162,154,153,150,139,127,112,125,148,168,196,169,195,208,221,234,234,232,240,241,161,137,134,127,127,123,125,125,123,123,120,114,110,103,101,100,102,108,109,112,116,122,122,119,121,127,128,125,124,120,118,111,110,108,110,119,127,132,144,175,168,140,100,79,65,53,53,61,83,97,107,141,226,221,209,180,143,132,131,153,118,99,141,124,107,87,145,148,118,132,151,174,193,203,202,203,195,212,222,158,100,132,80,62,124,137,142
79,60,59,58,53,50,57,158,142,131,131,125,121,117,106,120,123,124,186,198,21,15,16,17,14,13,78,80,79,81,85,86,86,89,133,134,116,138,162,162,161,165,166,167,157,144,144,143,134,123,118,124,147,162,204,183,184,199,218,230,231,232,233,228,124,127,128,125,126,127,125,121,118,114,113,112,114,114,111,103,94,92,90,88,88,80,82,81,85,89,96,96,95,95,90,83,84,96,100,114,124,124,153,163,136,110,120,133,85,64,66,62,68,87,102,180,216,204,173,154,172,136,115,93,70,87,144,88,77,133,148,152,119,125,139,165,191,211,217,224,212,221,224,240,122,137,75,47,91,102,123
80,47,42,53,66,63,58,108,108,131,119,106,96,135,122,167,143,119,172,168,2,8,3,7,7,4,35,46,52,47,66,67,70,78,86,85,111,126,154,151,157,158,155,149,143,137,131,132,132,128,119,118,149,160,196,189,184,201,211,231,230,234,237,171,112,112,123,124,122,121,119,117,116,111,112,109,113,110,111,106,108,100,101,101,98,84,76,68,59,75,84,78,87,84,98,100,100,112,113,121,126,128,139,127,124,138,150,154,154,116,61,83,69,66,81,162,196,188,170,144,153,137,80,73,61,73,61,69,82,129,114,107,127,116,135,154,187,205,219,236,225,215,213,225,189,112,63,55,64,88,136
81,91,83,86,90,87,87,82,82,80,74,84,80,79,83,87,88,93,72,87,71,83,87,90,97,101,93,97,99,107,93,92,96,100,101,99,108,111,146,146,154,155,155,151,145,137,131,131,127,123,114,104,148,158,192,194,182,198,214,226,227,229,240,107,83,112,121,120,125,132,129,128,130,126,112,95,99,117,147,149,150,143,148,144,141,148,145,109,91,84,81,93,89,96,100,98,98,113,115,119,138,153,151,150,143,145,143,146,149,150,131,73,78,79,70,91,144,147,116,110,111,94,70,51,42,43,32,37,197,146,140,149,151,114,130,150,185,202,215,228,232,201,209,210,233,129,50,55,73,70,133
82,62,57,53,50,47,41,32,26,35,44,39,29,35,39,27,28,35,38,44,48,59,64,64,69,73,75,89,106,106,111,111,107,107,110,116,118,109,140,144,149,154,156,154,149,143,134,129,122,110,100,92,149,155,188,201,191,200,219,226,228,234,250,84,88,128,135,119,113,96,97,106,121,141,149,148,144,156,151,146,143,139,143,140,137,137,142,150,142,90,82,88,93,118,112,113,118,110,132,153,174,182,189,158,141,146,148,154,149,155,148,132,80,80,67,68,96,164,154,124,71,62,37,22,16,23,36,87,140,173,141,142,146,124,128,143,174,202,221,223,233,197,211,209,223,217,43,46,55,68,145
83,51,55,58,59,52,52,56,59,70,68,62,71,61,65,73,71,75,63,72,79,85,84,89,93,89,83,78,80,88,90,88,96,98,105,106,104,104,123,137,145,149,152,152,145,139,124,114,108,101,100,110,145,156,189,198,194,203,217,225,226,232,220,105,114,126,142,144,166,143,147,151,151,151,146,137,141,138,132,147,138,150,147,150,146,149,135,145,138,152,112,81,94,72,81,126,172,165,165,167,174,186,154,134,145,140,141,142,146,145,136,138,142,82,61,53,90,162,135,75,49,34,16,26,31,46,54,72,137,183,141,134,142,133,128,140,170,198,221,219,245,191,207,215,218,243,59,31,62,68,138
84,62,62,60,62,63,65,65,67,66,72,81,86,84,80,73,75,80,77,81,79,77,82,88,95,94,99,101,101,104,109,114,108,108,104,100,100,91,105,127,137,146,144,144,142,133,119,103,109,122,122,121,137,153,188,196,199,211,218,227,227,239,186,125,127,138,147,135,149,140,144,143,142,138,132,139,134,120,135,138,131,141,130,140,141,136,149,150,147,144,144,138,102,73,73,76,126,179,170,169,172,152,152,146,148,150,139,138,129,118,130,124,141,130,41,47,136,177,167,75,44,38,19,34,26,76,83,85,135,158,128,133,134,134,133,129,154,187,207,224,238,198,210,193,201,227,67,21,49,60,137
85,66,67,66,70,62,66,66,64,67,70,73,73,85,85,85,87,87,88,94,97,92,88,97,91,90,96,94,86,90,86,89,95,91,99,111,118,110,106,105,121,130,133,122,123,119,107,104,127,109,112,124,134,155,185,196,199,209,215,224,225,230,147,136,130,142,139,130,102,123,129,122,130,120,133,133,141,141,145,139,132,138,145,143,149,144,145,142,144,146,146,151,155,119,58,44,150,143,189,176,161,145,145,146,145,136,141,129,136,144,149,146,140,135,49,47,148,188,177,133,64,38,31,38,107,170,89,123,131,154,125,129,126,113,116,122,131,172,191,222,244,219,206,223,155,170,91,40,24,55,128
86,66,69,71,78,71,74,73,73,75,76,75,72,71,72,79,82,99,98,93,88,78,79,74,76,89,88,90,103,104,99,95,89,84,88,97,106,99,106,113,104,107,101,110,111,116,74,86,147,119,106,152,154,159,173,194,202,214,215,219,221,232,119,139,144,141,146,135,144,136,135,150,130,128,134,125,98,132,121,139,139,129,144,137,144,156,148,156,158,149,142,136,137,143,132,96,57,168,164,169,137,135,140,125,127,130,140,135,132,136,138,143,134,129,51,39,135,163,171,110,49,45,33,45,159,161,117,140,137,150,140,132,132,132,137,129,128,144,165,201,230,239,218,241,210,179,53,28,30,46,125
87,72,70,64,64,72,71,68,70,81,85,90,92,75,66,64,57,68,75,77,80,90,94,94,101,88,79,71,78,86,86,99,116,115,117,114,103,118,98,108,91,94,105,105,116,136,145,147,151,166,154,144,137,157,184,186,210,215,215,221,228,194,136,143,146,151,160,145,148,165,137,132,135,147,129,140,132,147,143,161,157,161,136,130,138,149,164,147,148,153,147,154,154,171,144,144,133,135,174,153,139,146,149,146,145,140,146,147,155,141,140,138,147,132,55,50,148,172,154,86,72,101,85,133,125,138,144,140,140,142,131,130,137,123,118,125,127,147,159,175,210,229,243,235,236,225,15,30,37,60,136
88,68,74,80,81,72,68,57,62,69,63,69,72,80,76,81,80,84,81,68,52,60,63,69,89,87,107,93,96,98,106,126,117,108,127,157,120,107,134,136,119,154,125,133,140,130,136,135,136,132,132,161,159,154,184,192,207,218,219,234,251,140,154,155,150,153,163,159,148,156,170,153,121,159,172,158,153,160,166,144,147,133,144,159,164,149,158,150,149,143,151,156,156,150,161,151,150,155,142,149,155,152,148,140,140,142,141,149,139,152,157,139,133,126,50,69,136,134,159,100,100,134,149,153,158,157,158,147,136,140,133,134,136,121,145,123,135,129,142,162,187,219,220,243,236,204,32,4,48,82,132
89,44,50,59,64,69,78,81,83,86,81,71,64,50,52,63,69,84,89,87,100,92,96,98,97,106,101,126,115,140,136,143,121,131,123,117,105,151,150,133,158,148,150,135,147,154,139,145,163,165,149,145,152,157,182,194,212,231,228,234,240,148,157,158,156,154,155,147,160,147,144,174,157,153,163,158,157,151,139,141,137,141,131,141,130,141,134,132,152,150,131,146,152,144,150,147,138,146,148,145,142,131,141,138,135,137,140,144,147,158,140,137,148,145,45,114,149,145,163,127,110,134,135,154,159,166,167,155,139,121,121,133,125,127,113,127,127,133,152,154,166,205,217,231,242,175,17,25,45,108,135
90,77,78,78,78,58,60,61,61,71,74,75,88,89,88,85,79,97,90,95,100,103,102,108,96,113,144,162,131,126,116,101,114,94,111,72,119,148,151,160,137,152,149,131,142,147,147,157,164,158,154,164,138,152,173,206,219,244,232,234,222,155,159,161,161,153,144,137,150,144,147,140,145,145,138,144,146,125,145,139,138,149,133,139,138,131,149,146,136,142,130,145,134,131,120,129,117,141,133,143,124,138,143,133,148,137,136,124,122,127,140,131,122,138,137,150,152,141,147,141,122,138,132,150,155,169,167,167,138,117,115,125,120,125,119,117,115,123,148,158,160,178,216,216,240,165,19,54,54,100,114
91,43,50,64,77,79,76,80,87,79,84,91,94,84,79,77,86,105,130,120,134,120,115,126,111,145,118,105,101,102,119,111,130,96,93,117,134,151,136,135,135,124,134,135,126,131,131,162,154,141,125,148,139,168,166,214,225,244,238,245,194,156,159,164,161,127,112,135,111,123,117,126,110,118,113,114,133,122,117,121,126,120,117,129,128,132,115,131,141,126,143,126,115,122,131,140,148,132,140,145,143,151,142,151,139,145,145,150,144,143,144,155,151,146,127,154,154,151,146,140,119,146,152,152,162,173,167,160,140,150,149,145,140,142,141,148,143,135,133,158,171,183,171,215,232,183,12,74,54,126,128
92,73,83,86,84,86,81,81,101,105,84,109,111,106,140,110,143,113,102,92,111,96,116,112,104,105,113,108,108,100,119,122,115,116,139,143,144,151,161,153,166,155,161,153,146,153,145,151,157,152,142,156,142,182,179,220,224,246,239,255,169,160,161,163,171,123,104,152,113,122,120,155,115,89,106,116,123,110,129,142,133,151,131,133,128,122,117,128,117,120,104,136,135,126,125,132,120,108,134,133,140,127,131,115,134,123,142,129,143,129,140,131,136,136,137,130,132,142,136,144,128,139,149,158,167,174,172,152,148,139,134,138,141,134,143,146,145,150,123,156,199,183,208,217,218,199,0,113,54,135,133
93,96,105,107,92,88,114,97,113,145,107,105,88,88,120,123,107,73,112,104,74,113,124,106,103,75,119,86,100,105,124,114,129,134,115,143,134,153,130,155,130,136,147,142,140,138,151,166,158,149,159,167,100,197,213,209,233,239,231,242,153,142,158,167,167,142,153,135,153,152,164,135,146,140,133,158,130,143,129,161,142,145,142,131,149,150,140,133,136,142,143,130,129,136,150,140,144,145,163,139,135,158,150,138,137,143,124,131,125,149,137,146,149,139,142,143,153,147,164,153,132,143,152,168,176,179,170,146,134,133,134,128,130,130,133,123,138,128,134,145,198,199,209,219,222,171,19,111,68,133,133
94,83,87,103,103,82,101,82,115,129,118,90,104,108,99,104,120,135,114,103,137,93,124,117,111,136,130,126,115,124,128,127,136,153,134,133,146,137,143,148,140,145,148,145,154,160,154,151,152,143,135,151,74,146,219,191,224,239,243,250,128,148,145,163,168,143,120,155,153,151,145,152,120,130,145,145,138,138,141,135,145,134,139,149,140,150,147,133,133,141,139,149,143,125,134,141,151,158,144,152,142,150,124,131,124,140,149,122,136,130,128,96,128,131,145,156,139,127,105,125,121,126,162,187,203,202,161,114,137,132,127,135,131,129,136,133,127,108,119,136,166,210,211,222,228,138,6,109,111,117,121
95,135,96,83,84,84,116,103,122,74,63,95,90,101,112,104,105,134,85,84,104,76,86,127,104,102,114,112,125,130,129,145,134,127,131,135,152,144,149,149,148,152,146,139,137,137,152,161,155,151,146,147,94,139,198,191,214,236,248,186,108,141,146,163,171,142,138,141,145,138,150,139,143,124,125,133,135,126,146,126,133,141,142,136,136,143,134,134,142,147,145,132,141,139,125,145,143,149,147,121,123,143,150,141,129,135,144,142,137,144,140,135,123,115,105,129,136,135,160,143,119,130,148,172,191,204,151,116,123,135,123,125,119,125,131,132,118,147,117,117,157,222,227,230,227,139,21,77,124,104,108
96,83,90,78,82,96,97,116,115,109,109,142,95,92,103,83,86,107,122,129,122,126,119,120,138,112,143,119,137,125,115,114,108,123,113,127,111,120,120,126,121,133,132,135,124,130,144,132,149,139,135,157,100,147,168,178,216,231,251,135,101,147,157,166,169,160,144,147,143,127,127,122,138,117,134,120,128,133,139,133,126,138,127,148,148,139,128,145,139,153,131,141,122,128,150,136,132,133,132,137,146,147,140,131,131,138,137,146,157,140,137,126,120,126,112,150,120,132,153,150,131,151,154,177,190,188,137,129,139,141,133,157,121,142,131,123,125,121,137,133,158,220,238,235,231,156,54,122,126,136,134
97,61,70,97,77,81,81,70,106,116,90,92,95,94,99,113,101,96,97,106,103,105,109,108,116,115,108,109,105,98,106,111,107,100,103,90,99,91,97,97,97,104,106,116,111,120,115,118,116,124,137,119,116,118,161,176,214,235,240,137,102,147,165,172,170,114,136,136,140,140,145,123,122,135,128,132,133,122,135,102,126,132,128,140,134,131,129,131,128,138,132,113,132,134,143,131,134,120,137,132,132,99,100,113,103,122,142,123,117,133,140,142,161,149,146,142,128,145,143,136,149,170,179,198,203,175,131,151,146,149,134,132,131,141,130,137,138,137,117,135,154,208,242,238,233,148,73,135,124,121,128
98,76,106,90,97,90,81,76,119,136,111,91,108,99,92,84,100,93,108,91,101,99,87,98,89,92,83,81,88,91,97,88,80,98,83,87,81,78,82,78,76,88,89,103,101,103,105,109,96,107,110,107,112,126,160,191,214,234,170,117,118,151,165,173,171,125,132,129,132,142,133,129,135,127,127,131,151,121,123,139,128,124,135,140,134,135,127,133,141,139,146,131,148,134,131,143,138,149,152,145,115,82,147,81,127,110,96,127,133,126,110,137,124,129,124,111,124,141,141,142,158,182,192,208,215,149,149,144,132,113,122,137,140,134,139,140,124,115,145,137,140,202,241,234,235,150,124,123,129,139,141
99,57,94,101,79,110,117,131,110,129,120,116,118,106,106,101,112,112,106,111,111,104,98,87,81,88,77,90,94,104,101,93,84,78,80,89,69,65,60,73,74,102,78,75,77,88,92,80,90,74,101,84,88,115,188,214,230,242,131,103,121,163,192,220,197,113,136,118,109,127,128,127,131,144,141,129,127,136,139,121,134,129,141,130,123,135,139,137,138,143,151,150,125,127,139,143,131,146,140,116,127,149,110,140,138,137,150,140,139,140,128,130,126,137,147,141,131,150,127,125,173,182,198,217,221,129,121,119,114,120,118,118,135,103,121,100,116,127,123,124,148,200,238,234,232,219,137,126,94,106,109
100,57,85,107,96,114,112,86,124,108,86,82,88,81,85,112,114,107,115,95,107,103,105,106,112,119,119,100,131,111,115,119,121,115,111,103,104,102,100,111,108,118,95,122,96,109,103,89,99,105,109,103,114,155,198,219,235,247,120,112,125,183,204,223,215,126,117,129,114,133,129,121,116,140,136,135,132,133,139,133,138,138,130,125,131,145,142,107,158,154,135,136,118,143,129,145,135,126,143,136,157,149,144,133,146,132,151,136,148,140,140,134,141,152,137,150,155,152,138,137,174,181,204,216,173,118,122,144,130,122,127,138,141,142,146,127,122,111,118,141,137,191,237,235,229,202,134,140,129,113,103
101,106,103,116,110,108,102,94,110,99,109,114,108,113,92,93,108,91,110,107,119,113,101,88,107,103,105,114,103,111,114,98,112,114,106,109,104,94,114,126,118,121,122,108,106,119,103,104,108,91,95,106,109,163,201,239,241,240,109,120,125,190,194,221,214,100,94,86,103,108,110,111,120,123,119,127,140,130,125,131,137,143,127,136,137,143,128,132,129,128,136,140,125,133,144,144,141,139,141,137,146,142,145,150,127,139,146,136,145,145,152,139,150,149,139,152,144,134,129,147,183,195,219,225,148,144,142,145,144,136,153,140,135,145,144,141,139,128,133,138,140,186,236,235,226,194,109,119,131,131,134
102,102,101,101,97,102,111,90,90,85,98,92,81,62,74,76,114,120,102,98,95,103,83,74,72,69,77,74,59,64,76,81,87,80,86,94,84,85,85,82,67,80,70,70,69,75,92,78,93,91,83,94,104,171,215,240,244,239,106,113,125,203,201,216,235,133,119,107,92,93,109,110,95,100,122,103,103,109,105,124,110,120,111,107,114,122,130,114,136,141,137,152,139,153,155,136,145,137,134,139,137,154,138,135,153,150,137,143,143,128,130,147,142,138,140,155,139,132,139,166,191,197,211,218,139,139,149,125,146,143,146,143,126,146,126,133,137,129,131,129,135,190,232,230,228,184,128,123,117,136,122
103,98,99,94,71,79,78,74,60,53,49,50,69,60,60,48,62,78,74,86,82,71,71,66,61,61,64,72,85,89,85,82,80,76,65,80,76,66,71,62,70,70,62,66,73,81,70,73,75,66,71,79,112,183,226,240,246,185,92,90,130,195,210,217,224,103,120,110,121,110,108,123,129,133,120,124,125,110,116,144,119,131,110,90,116,124,109,113,104,88,98,99,111,99,97,116,117,118,117,120,124,121,131,113,122,119,140,142,119,140,136,140,138,137,138,138,146,144,162,183,198,206,214,169,139,148,137,142,139,131,140,137,121,121,138,125,132,135,131,136,135,195,235,233,233,153,131,133,142,129,129
104,103,78,70,70,51,84,60,69,76,70,70,73,66,58,77,63,73,49,48,60,37,61,57,57,64,67,54,73,73,85,81,62,78,61,78,76,66,86,62,49,54,60,59,61,63,87,58,69,69,49,58,132,192,231,243,240,123,81,65,130,201,211,213,225,116,114,117,116,106,111,121,122,115,121,116,113,134,111,127,104,106,107,139,151,135,119,136,141,116,113,121,128,112,131,133,85,126,123,121,108,100,124,123,93,111,111,97,110,106,113,112,115,118,108,116,100,152,175,197,202,208,229,144,126,142,130,133,118,127,136,136,134,137,153,137,149,151,137,126,132,191,230,242,232,169,138,125,124,134,130
105,75,72,75,77,74,80,79,80,84,89,77,85,88,89,84,71,77,77,81,82,78,72,75,70,72,74,66,81,70,64,69,72,79,70,77,83,73,82,81,81,68,54,53,59,62,77,74,78,75,67,63,156,206,235,243,250,101,74,75,136,206,214,216,223,111,89,75,90,93,89,94,103,89,83,79,95,108,110,120,112,130,128,126,147,92,102,103,111,123,133,132,136,142,138,152,148,130,134,114,132,153,132,142,128,148,109,127,130,129,112,106,110,120,112,101,131,168,186,204,209,210,162,107,115,123,121,120,112,99,106,127,128,114,113,123,125,132,121,126,142,195,227,249,241,177,131,133,140,120,130
106,87,85,68,83,86,84,84,81,84,71,72,74,77,88,81,78,85,73,78,69,72,88,74,76,73,63,62,57,70,55,70,86,93,67,66,74,74,79,74,79,74,69,60,59,58,51,63,69,77,77,76,168,220,235,238,254,73,69,68,138,196,227,213,220,90,66,66,73,64,65,70,69,71,70,77,96,104,104,123,121,134,142,128,110,114,124,135,116,137,129,136,106,129,117,112,79,129,133,124,114,137,147,119,128,126,129,153,130,131,139,134,141,151,141,129,143,170,194,215,215,226,127,120,122,113,126,104,103,120,108,113,104,121,115,123,94,101,105,106,141,196,212,230,247,158,105,115,120,124,127
107,92,83,87,85,78,78,78,83,72,77,73,76,86,86,92,86,81,73,78,81,77,77,87,72,71,86,70,76,77,78,92,88,78,71,74,74,64,63,68,74,76,74,78,76,48,41,58,68,72,72,108,170,227,237,236,252,66,74,68,132,172,214,210,223,90,73,65,76,69,67,70,71,67,71,77,77,84,82,117,123,133,127,120,117,127,142,132,130,130,156,117,152,149,91,120,125,118,137,115,124,141,142,112,123,117,132,137,124,141,116,132,128,133,144,139,157,177,196,214,216,197,140,128,132,128,131,121,133,124,128,119,135,102,126,126,108,120,117,110,127,182,220,225,242,184,125,118,133,128,130
108,78,78,80,87,77,81,74,86,91,69,67,84,82,88,74,72,71,79,86,76,79,73,87,98,81,87,67,69,83,72,89,79,91,86,87,76,75,58,55,63,73,89,93,76,73,87,79,88,77,81,126,174,224,237,241,255,76,73,83,121,167,211,196,219,71,80,67,90,76,68,69,65,55,61,56,59,66,71,97,100,115,104,100,117,129,99,138,85,134,122,112,112,99,100,109,117,135,127,109,121,112,119,122,121,136,135,134,117,142,124,147,116,109,138,120,167,186,207,206,196,139,158,147,128,107,108,125,128,101,122,122,118,148,132,127,149,142,127,140,123,158,213,226,238,204,155,138,147,152,159
109,92,83,84,76,74,85,81,85,67,82,87,82,80,77,79,62,78,70,82,78,58,72,83,65,78,87,108,73,76,95,87,78,71,78,66,73,65,64,77,88,67,72,79,77,66,68,70,80,76,81,135,195,226,241,252,248,94,74,115,135,186,186,203,162,93,84,65,70,72,71,60,68,62,58,54,70,68,65,70,76,80,95,87,81,82,85,70,101,96,90,85,79,123,115,119,101,133,136,116,103,125,115,129,127,124,125,117,111,129,107,121,96,131,116,166,175,179,197,210,213,133,122,123,127,123,137,138,129,131,134,120,131,112,139,120,130,124,139,135,121,155,200,228,232,211,153,157,163,160,150
110,87,84,95,76,79,80,74,92,88,74,74,82,85,81,79,76,78,93,101,83,92,75,62,75,80,85,88,80,101,103,102,99,68,72,70,78,73,73,75,80,81,82,79,81,82,82,87,72,79,94,138,189,220,227,237,255,82,159,160,156,198,203,165,85,105,115,76,84,120,73,113,97,117,63,68,76,94,95,100,79,85,92,84,87,95,89,84,84,91,92,93,93,114,88,108,137,123,98,128,142,141,99,90,90,90,98,104,97,113,96,96,118,123,153,178,168,185,184,200,153,107,114,123,109,102,121,122,126,134,123,128,110,124,115,121,125,134,133,117,124,156,200,209,225,194,142,156,150,130,134
111,82,69,78,90,74,82,78,87,86,84,88,90,79,80,84,93,111,100,116,115,109,85,109,89,102,109,103,112,109,109,100,87,94,85,85,83,80,76,82,80,87,88,69,80,88,88,88,88,94,89,144,179,221,229,225,185,81,130,168,197,215,213,166,100,105,106,99,83,85,88,75,85,99,101,85,94,107,102,101,110,131,110,107,108,117,121,106,113,124,116,114,121,107,102,147,128,101,114,112,131,129,106,126,106,116,122,101,99,103,98,105,171,140,179,185,183,174,199,187,84,95,83,102,91,109,120,114,116,100,111,103,127,112,119,107,110,110,119,113,121,167,204,217,216,217,148,127,139,145,142
112,85,81,90,84,96,81,97,88,99,93,97,101,91,104,120,105,101,109,99,112,86,115,91,108,96,94,101,114,90,101,114,94,81,91,92,88,95,93,93,78,85,77,82,68,80,103,105,109,131,117,167,187,209,221,222,141,94,116,111,141,206,222,196,154,109,109,130,114,124,106,141,130,145,136,131,157,125,139,138,149,152,152,147,160,154,145,141,155,125,139,125,127,142,123,134,130,139,118,122,126,114,105,117,109,104,120,94,89,93,91,80,151,160,166,177,171,112,121,140,129,101,103,114,80,75,123,91,88,98,87,118,112,95,105,110,115,121,137,102,132,177,215,230,202,154,135,164,152,153,149
113,83,87,78,122,109,83,94,89,107,83,103,112,102,98,101,118,122,114,127,130,114,114,131,131,140,121,123,125,121,125,114,130,135,106,108,124,135,131,136,128,132,129,123,105,133,94,67,91,143,168,210,232,208,177,153,109,115,131,148,140,131,160,171,129,132,135,128,125,148,139,144,132,147,124,143,132,139,130,146,147,129,139,151,137,142,153,158,174,150,148,131,123,123,136,138,138,130,140,141,122,110,118,102,99,132,120,97,96,114,108,96,100,155,185,174,153,66,113,139,97,124,96,136,133,148,133,130,132,128,137,136,139,118,120,147,130,130,118,156,196,211,226,199,171,119,162,129,154,143,158
114,129,133,132,104,129,114,106,99,107,118,88,113,96,98,98,107,91,97,94,94,94,104,122,112,141,125,133,134,111,136,136,137,124,137,131,125,144,152,144,138,124,138,130,127,134,138,146,171,197,203,216,229,225,110,103,106,124,156,150,156,136,114,151,139,145,145,144,142,121,123,110,125,129,130,140,142,131,139,124,140,129,130,136,133,133,156,145,152,157,138,127,130,124,138,143,164,141,146,147,126,149,120,132,126,92,103,110,100,75,120,96,111,96,127,168,112,130,118,78,111,91,139,146,125,136,133,151,127,130,146,156,155,133,134,151,143,104,84,114,184,229,226,231,160,148,149,131,142,162,154
115,146,134,151,141,128,159,146,150,140,135,130,140,121,116,115,112,106,124,114,134,142,121,147,113,105,116,127,110,118,131,122,138,132,136,130,121,119,126,128,122,124,121,141,128,144,139,117,124,182,209,232,223,240,124,123,138,124,137,127,137,130,115,123,138,136,126,133,135,120,115,132,122,119,164,135,140,134,119,124,111,117,129,93,109,120,126,88,122,142,144,150,148,155,141,150,140,131,145,133,147,128,139,138,142,138,118,122,115,111,118,105,111,113,93,147,110,131,127,109,137,125,150,130,132,133,135,113,111,93,118,137,133,148,136,156,125,47,77,93,130,164,239,234,139,138,137,153,136,143,147
116,135,129,150,143,130,151,146,146,145,147,135,140,141,135,133,134,109,111,125,131,142,137,140,124,124,138,138,144,167,129,119,110,102,101,97,117,90,88,101,88,110,125,85,103,113,121,108,113,140,132,203,207,213,138,139,118,133,140,123,139,161,138,130,139,132,150,157,151,137,160,164,157,134,132,142,160,156,145,114,123,141,95,135,155,130,140,131,150,148,135,132,135,122,136,159,148,154,153,174,158,130,132,143,157,146,145,128,138,144,109,104,129,145,131,136,148,162,145,137,151,151,150,158,148,151,152,123,126,125,118,91,89,91,94,71,62,76,118,124,128,139,152,172,192,176,181,177,125,151,150
117,129,114,141,143,133,134,129,135,149,159,150,161,137,136,148,142,152,144,131,132,117,124,140,128,138,141,141,142,133,102,149,140,153,136,135,144,140,115,91,78,95,108,72,88,100,81,103,123,133,131,138,171,200,127,141,145,131,147,152,126,140,147,140,153,156,156,135,149,148,134,141,143,150,126,145,131,159,127,115,150,149,157,128,137,116,126,143,163,152,143,156,153,155,124,128,151,165,140,153,162,141,140,137,136,154,150,144,139,166,162,157,137,152,159,157,145,155,144,155,135,140,161,153,156,150,153,152,174,151,151,163,130,104,88,116,92,105,113,108,115,168,162,155,172,150,166,159,148,136,146
118,143,159,121,132,170,133,139,121,137,145,159,154,132,121,119,114,127,127,119,99,147,106,130,146,147,118,104,125,124,158,116,135,143,144,147,140,138,141,138,133,152,160,122,74,95,127,121,135,154,141,139,106,137,132,98,131,120,137,137,136,153,159,138,160,155,148,133,146,155,150,135,134,146,131,131,139,138,145,144,143,147,147,158,172,171,127,158,155,156,134,153,113,141,132,135,147,158,126,148,134,153,134,147,142,146,144,156,142,133,157,164,177,156,139,140,137,138,144,162,153,170,151,155,142,148,121,131,140,141,150,144,138,169,122,84,85,106,89,82,106,162,159,159,165,172,162,154,168,154,147
119,151,131,141,116,102,127,128,132,132,139,128,115,160,119,140,131,140,134,141,139,127,109,137,128,124,107,129,129,122,126,142,146,122,105,142,122,123,133,132,134,122,129,132,144,149,133,129,143,117,143,139,143,144,153,110,134,145,143,149,146,156,124,135,147,138,134,131,138,153,148,152,143,125,141,140,156,125,128,137,142,134,133,169,161,139,153,149,140,146,143,137,143,122,169,168,151,157,141,135,129,139,165,150,155,141,149,121,154,152,143,132,156,159,167,128,128,151,127,152,145,153,154,149,153,130,138,133,152,138,135,132,136,127,129,147,156,129,126,138,127,124,144,145,167,187,187,168,125,127,169
120,128,118,109,108,131,141,141,139,124,125,129,144,128,112,133,119,128,136,129,135,111,129,136,137,90,124,127,135,126,115,120,105,154,110,159,111,138,117,134,113,133,100,137,138,124,143,111,149,148,101,145,144,155,146,140,139,133,128,137,138,147,113,143,150,153,164,134,144,168,159,136,154,147,135,161,162,157,170,153,148,123,142,141,145,143,160,152,155,162,143,150,137,146,150,167,159,143,156,163,140,162,115,153,159,163,153,141,144,146,142,120,111,139,133,158,110,160,150,153,137,124,138,168,153,158,145,147,154,150,142,153,157,133,148,138,152,130,135,137,130,157,139,115,129,132,156,141,145,148,154
121,126,143,141,146,136,133,122,109,145,133,118,143,141,159,149,134,133,141,141,141,131,135,146,144,135,144,107,137,153,127,143,128,140,156,143,149,124,130,115,126,137,132,134,145,154,128,125,145,159,133,146,121,138,152,147,134,152,144,146,148,129,154,130,126,132,110,171,135,156,141,148,154,159,151,142,140,146,139,146,137,155,141,135,170,140,127,130,125,133,138,122,129,140,146,142,148,147,161,156,138,130,158,146,133,144,155,147,152,143,144,162,147,160,147,100,146,154,121,134,155,123,142,144,150,137,167,148,153,131,134,103,101,126,132,163,140,135,144,108,125,127,126,129,134,133,158,118,142,130,139
122,125,135,161,161,149,141,141,137,149,143,134,135,168,143,149,144,136,136,125,140,138,131,142,123,147,128,159,111,144,139,120,158,144,137,149,130,150,142,170,128,157,154,160,155,143,151,144,147,138,167,134,145,138,147,130,159,141,136,144,164,145,149,127,132,165,146,150,165,158,160,140,147,146,161,143,150,144,147,138,141,142,130,159,125,164,133,141,147,135,149,131,145,120,133,163,170,164,165,150,151,158,137,145,153,179,165,141,150,141,123,134,143,167,150,162,117,125,114,112,161,133,132,127,154,147,116,160,148,153,142,143,134,126,131,125,136,157,139,136,137,117,122,108,121,120,106,111,121,150,141
123,142,136,124,128,120,135,144,141,116,168,155,137,140,143,164,140,133,146,126,115,142,118,163,145,119,146,167,114,133,142,157,135,130,160,134,134,146,150,139,135,146,161,136,133,121,110,140,151,142,138,111,160,126,144,118,127,143,146,140,163,160,130,169,158,146,146,137,145,174,147,150,146,159,153,136,143,180,142,141,150,140,132,156,116,143,160,136,144,126,132,132,161,131,141,139,145,160,166,159,134,153,159,149,127,115,144,158,150,155,157,167,147,140,145,166,154,146,145,129,144,159,145,136,162,142,120,135,122,132,136,138,121,146,129,137,155,147,121,159,133,130,117,136,135,104,105,80,105,119,151
124,152,132,112,110,176,158,141,135,134,131,119,142,96,127,152,158,144,122,131,145,136,150,135,142,138,142,137,129,128,138,149,157,167,130,161,129,113,147,151,145,157,157,146,147,157,160,116,154,139,158,147,129,142,121,133,156,135,137,161,154,157,151,135,142,142,139,161,134,164,176,146,155,159,156,159,169,156,152,140,162,152,134,163,144,153,145,133,122,155,111,128,160,129,146,146,142,142,149,171,148,127,142,140,135,117,136,138,130,160,153,147,120,132,144,135,166,170,154,160,154,138,140,146,139,158,160,149,158,141,143,141,156,133,148,132,140,144,137,134,148,121,132,141,143,135,147,145,133,129,137
