0,90,106,123,107,114,28,110,119,120,120,98,103,98,103,96,153,132,43,119,80,101,114,101,109,118,130,126,82,110,84,114,105,112,118,39,92,123,112,123,115,115,125,89,101,106,92,96,95,101,89,92,82,115,99,122,114,61,95,128,116,133,164,118,136,114,127,114,110,140,130,124,124,115,117,117,124,110,115,114,107,102,102,141,119,103,90,92,106,85,112,99,107,127,93,116,132,136,119,99,127,139,93,126,132,122,98,85,132,140,154,126,111,136,147,106,131,129,110,147,124,137,103,122,115,111,116,96,142,84,120,102,92,102,139,112,98,105
1,74,56,76,90,120,89,39,125,98,110,95,105,89,119,98,90,127,117,70,95,143,118,127,139,123,111,120,92,109,84,115,90,143,128,92,46,133,102,124,126,111,87,78,99,89,93,66,111,98,102,124,117,139,133,105,114,107,96,99,125,142,145,132,141,148,111,119,116,132,116,107,116,112,148,131,130,123,117,130,119,99,110,112,116,98,85,112,112,89,99,115,128,119,132,127,122,109,122,112,127,153,124,125,101,128,167,122,119,146,107,98,102,123,135,141,151,149,132,110,102,114,136,93,99,107,115,141,111,112,111,82,114,122,89,127,99,125
2,107,90,114,137,70,114,34,112,96,92,90,95,85,103,82,95,114,133,34,140,103,103,142,127,119,114,95,130,132,149,105,110,123,123,124,34,43,115,119,96,111,117,78,99,103,114,105,142,107,103,126,122,109,138,132,98,124,123,133,123,125,105,114,128,119,96,119,118,151,137,110,122,131,123,127,136,120,135,105,126,123,125,127,127,148,119,125,111,106,152,123,131,118,117,123,116,130,119,127,143,131,144,126,129,144,114,157,147,111,125,116,136,154,138,118,141,114,144,132,96,130,111,76,106,107,116,118,117,107,115,134,119,117,139,107,116,103
3,39,82,109,116,103,125,56,82,102,61,80,64,66,82,72,87,103,126,87,101,110,114,132,123,134,129,90,103,109,76,99,99,133,131,139,114,99,141,119,105,102,125,87,107,105,118,123,107,101,92,118,122,123,142,119,119,103,120,130,126,103,127,140,135,106,143,146,103,111,126,127,119,125,118,139,132,122,136,132,114,129,124,120,156,125,134,137,110,116,130,125,118,120,128,150,141,140,142,137,127,133,136,127,134,135,109,122,150,122,132,137,133,127,152,125,132,123,132,111,129,109,135,106,99,107,111,123,131,138,123,125,101,126,109,114,120,114
4,123,76,34,87,46,101,92,39,76,92,92,130,78,92,103,106,102,95,111,72,102,114,112,99,128,114,84,123,107,139,103,124,103,114,142,118,43,68,123,106,102,109,107,118,120,116,107,138,118,110,135,142,127,133,129,118,136,109,129,122,130,131,126,128,136,116,119,131,138,122,129,133,125,129,132,116,131,131,112,134,123,129,131,118,144,137,139,117,130,127,118,124,132,137,147,133,123,118,156,146,135,143,119,146,154,112,135,122,145,106,137,117,110,146,111,129,112,99,114,123,117,110,82,95,106,84,120,123,124,110,131,135,144,118,93,93,118
5,115,74,68,64,21,72,130,84,74,56,50,90,111,99,114,156,105,124,118,66,115,101,98,112,111,84,103,127,150,111,110,92,122,126,138,98,101,50,98,102,87,101,112,107,131,112,109,105,109,123,131,120,118,110,120,115,136,130,137,127,119,112,120,125,125,134,123,130,130,131,128,117,128,117,138,142,131,122,134,133,132,137,106,140,132,130,119,120,146,130,133,136,135,122,147,111,142,139,134,148,143,107,118,122,137,130,115,122,141,117,127,152,101,154,140,98,120,128,122,130,123,107,105,128,106,123,134,116,129,112,124,120,118,89,82,64,139
6,64,66,70,128,28,66,110,90,46,101,46,74,134,109,124,147,107,118,133,130,107,118,111,110,106,95,99,98,115,93,111,116,116,142,125,105,96,93,87,92,92,92,102,89,95,80,76,152,129,120,126,107,133,135,145,126,135,127,120,117,135,129,142,136,123,135,120,140,127,132,127,106,119,110,111,130,136,144,120,106,105,146,132,143,128,124,111,110,133,115,123,116,130,131,128,125,122,119,126,123,111,140,143,134,120,118,131,137,160,126,85,132,120,85,139,107,116,112,114,116,116,107,101,110,118,115,110,133,135,105,156,170,129,114,127,92,124
7,106,82,34,101,66,59,61,99,43,70,99,102,126,137,116,125,101,110,130,118,50,124,128,126,111,106,116,140,130,99,103,122,106,118,110,110,92,92,124,114,126,110,115,103,111,129,117,119,142,138,153,141,125,98,153,131,128,124,117,135,128,109,128,124,134,82,145,136,180,171,117,102,119,112,115,125,122,110,105,120,125,146,119,123,133,130,149,133,122,136,110,135,115,120,137,130,152,148,123,160,142,135,117,105,126,119,146,118,150,125,151,138,125,93,107,110,102,130,111,99,98,99,131,98,151,143,146,105,107,110,134,109,106,147,115,133,150
8,105,76,43,89,68,96,64,138,85,66,152,128,123,109,128,110,109,99,125,133,50,110,110,111,99,156,157,134,106,98,112,120,112,122,107,154,102,109,93,89,92,122,120,96,151,130,137,142,145,137,130,129,112,154,144,118,134,105,155,119,135,131,112,115,139,115,150,128,140,144,118,145,105,118,123,106,117,103,106,120,111,120,119,115,105,93,112,129,112,129,147,123,117,119,156,112,122,118,118,116,129,131,135,106,122,129,118,128,126,131,120,140,109,120,130,116,110,109,70,124,114,117,116,151,114,131,139,92,129,95,140,115,136,115,133,132,123
9,119,98,66,59,125,122,93,99,102,46,120,124,122,129,96,96,99,96,105,139,116,87,131,124,129,98,124,114,95,136,123,118,142,93,102,87,92,109,115,115,120,131,105,110,125,130,122,99,153,131,114,110,87,122,114,124,151,124,134,132,138,125,139,87,137,142,109,136,110,119,123,111,120,119,120,126,134,114,106,114,124,109,125,120,122,127,140,114,144,135,145,138,120,135,111,117,134,134,109,116,128,129,117,117,151,114,137,141,111,122,154,131,112,116,127,132,119,137,129,140,153,124,140,139,122,115,109,147,80,105,109,137,119,131,150,131,93
10,114,160,59,134,80,87,93,85,101,74,98,129,118,107,99,120,107,96,116,129,158,43,119,85,132,99,101,119,123,129,111,115,123,136,112,106,109,110,148,116,101,110,84,134,125,118,128,129,109,135,93,118,135,135,114,135,119,132,131,124,132,151,160,140,132,125,116,124,122,107,122,109,115,135,141,153,120,87,95,96,95,151,136,112,130,110,131,115,131,115,129,144,129,123,117,111,107,132,129,123,156,126,99,124,118,127,123,128,142,117,131,149,135,109,127,93,123,134,139,151,119,133,112,130,137,122,122,127,119,137,123,124,114,119,124,118,152
11,68,106,157,124,106,110,98,110,165,105,43,115,135,115,106,89,119,169,144,102,131,74,119,133,143,126,106,118,112,147,127,124,103,93,118,135,127,99,139,150,127,128,133,140,151,135,136,112,128,116,103,120,127,129,125,120,117,125,127,116,140,123,138,124,122,123,114,140,124,120,119,103,98,110,131,119,133,107,129,146,128,157,130,140,123,130,127,164,129,118,114,98,99,122,95,115,133,119,107,128,118,129,116,102,129,99,95,92,141,105,122,138,119,136,132,114,116,122,179,128,138,142,127,106,118,106,127,107,118,139,133,141,137,114,135,125,144
12,70,165,68,82,90,101,107,154,98,109,59,114,122,95,101,132,111,122,112,119,124,125,95,106,132,140,110,95,127,129,126,131,128,119,135,133,125,110,119,144,117,110,132,130,132,128,146,119,101,142,70,102,119,122,136,117,95,118,135,116,161,116,114,124,102,107,102,85,127,114,124,151,155,128,139,110,152,132,152,141,123,127,120,157,126,116,122,109,109,152,129,117,154,140,149,140,138,118,139,95,138,132,142,118,133,130,101,112,70,82,102,140,132,123,106,132,129,124,134,168,116,136,130,148,132,131,128,116,132,101,126,158,155,125,120,126,106
13,76,80,103,72,89,129,123,136,102,122,99,53,109,96,78,76,101,119,132,123,125,118,61,123,112,123,114,143,128,120,140,133,130,136,130,124,98,110,122,117,116,126,126,114,112,116,117,96,117,126,95,122,114,120,106,127,142,123,124,112,118,109,118,80,109,114,124,103,105,106,115,129,123,136,132,130,132,109,96,135,128,143,105,112,134,125,143,119,117,116,135,122,133,150,144,137,118,139,111,95,130,178,127,163,114,110,117,133,130,153,139,125,130,122,128,126,115,112,120,126,140,144,133,157,103,131,111,123,114,129,144,144,128,93,123,127,118
14,99,76,89,82,123,106,153,95,122,138,110,39,109,93,131,110,112,124,141,112,122,99,99,99,134,140,144,106,99,110,95,133,137,152,112,132,122,116,117,114,122,102,142,117,109,107,106,136,106,115,128,110,101,126,119,119,118,115,130,137,147,132,126,109,107,111,114,89,103,101,118,82,114,92,117,105,109,120,124,129,143,120,131,114,127,128,138,140,106,117,132,136,123,141,116,106,103,99,130,109,140,142,171,144,124,111,148,145,131,138,134,122,110,102,168,143,127,102,115,140,119,117,139,116,102,122,137,127,124,155,146,148,147,110,130,122,114
15,95,118,128,98,89,146,107,116,96,139,93,111,56,109,131,105,89,167,127,154,122,112,96,101,118,126,105,128,115,137,116,141,134,141,148,118,114,151,105,107,118,141,109,120,115,118,132,118,146,109,117,144,132,117,119,122,144,147,153,133,137,130,127,123,122,96,148,89,111,87,96,101,105,123,144,143,99,76,129,135,141,137,117,106,135,125,159,130,133,120,116,117,102,130,127,129,115,112,122,112,119,133,148,149,129,164,164,131,134,139,158,105,78,85,138,122,118,127,127,156,131,120,103,130,115,105,96,99,119,109,111,114,119,139,135,105,93
16,101,129,120,131,84,123,116,103,112,122,132,103,46,133,106,134,117,147,141,135,129,117,84,74,116,115,110,95,89,102,116,148,118,123,118,135,124,111,106,102,87,110,114,130,116,132,118,125,123,118,136,126,116,114,116,132,159,119,127,137,110,117,139,118,115,109,101,90,119,87,39,76,109,116,128,119,127,144,176,127,146,126,109,148,99,76,131,80,129,144,115,116,122,135,106,117,147,120,107,131,132,126,123,118,117,116,118,99,124,151,169,145,133,151,114,102,111,120,111,135,129,137,124,135,149,167,116,123,127,96,129,151,159,129,139,115,115
17,119,106,129,116,85,82,115,142,146,114,134,103,68,120,135,132,150,143,123,119,116,127,96,74,85,95,103,93,142,117,95,126,118,99,103,112,109,119,137,110,137,125,138,120,120,119,135,145,163,133,139,124,105,118,126,119,127,131,144,122,138,132,151,72,109,109,122,78,105,143,111,72,128,109,99,103,90,102,163,118,114,137,98,99,103,116,126,90,136,125,110,112,125,138,128,127,110,146,119,101,119,124,109,115,114,148,134,137,124,147,140,120,114,128,130,124,106,134,125,122,112,110,123,120,118,110,143,114,117,141,89,144,151,134,141,132,151
18,103,122,141,144,107,66,115,130,128,149,141,134,102,59,80,130,172,131,119,132,119,106,92,110,82,90,105,87,74,84,93,74,76,103,101,106,116,117,153,160,122,141,131,131,116,120,120,130,118,156,142,124,109,127,127,136,118,134,122,130,132,152,106,120,99,84,143,118,111,80,64,92,114,133,101,103,61,125,145,137,80,99,126,139,122,137,82,127,118,134,125,128,143,106,114,123,126,166,143,131,112,131,126,158,131,131,132,151,109,123,145,126,133,82,120,92,115,125,155,165,143,142,127,118,154,116,122,134,110,129,103,134,120,125,112,116,135
19,106,107,107,136,107,53,133,116,125,153,141,123,122,46,50,120,90,122,118,115,106,111,87,111,92,119,92,125,99,70,126,128,139,118,125,112,117,101,114,117,102,119,117,116,112,114,111,127,119,122,143,158,135,144,135,141,156,144,134,109,98,95,111,111,116,125,95,184,68,118,107,87,119,131,96,107,125,85,135,109,111,139,141,120,119,116,109,118,144,101,126,110,105,105,110,109,106,132,119,123,107,122,156,116,115,89,127,92,129,119,126,118,70,105,154,136,148,147,107,110,140,149,154,135,89,111,132,136,124,140,115,125,131,156,130,126,131
20,111,137,122,129,144,68,122,137,128,131,119,137,111,78,50,96,112,114,115,111,90,99,89,103,87,90,105,134,133,105,117,118,119,118,130,130,122,90,111,110,117,111,133,114,89,105,115,112,117,124,139,119,116,118,137,135,153,135,150,92,106,120,101,146,118,132,103,152,153,96,115,106,106,110,130,114,112,92,131,125,114,164,143,119,106,107,72,103,114,129,124,143,103,126,136,156,138,135,122,131,144,109,112,140,131,138,99,132,93,96,95,61,106,135,179,98,134,151,110,141,144,138,145,136,107,115,119,141,125,143,128,143,200,105,103,111,115
21,111,127,180,135,134,85,66,123,143,144,116,128,141,123,39,66,80,118,93,103,74,90,82,93,80,68,89,118,106,111,95,105,123,101,112,111,96,129,110,114,101,127,112,99,109,98,84,78,138,117,105,111,119,150,144,172,144,131,98,99,115,145,112,119,112,133,139,129,132,115,112,103,136,150,115,137,129,128,173,125,154,119,105,127,122,126,125,145,142,150,131,133,123,130,124,112,114,122,140,96,115,117,102,101,103,117,133,124,135,116,99,130,140,101,117,139,119,162,135,141,128,115,124,131,106,118,142,98,126,126,139,173,118,102,118,99,129
22,78,107,85,89,84,96,46,129,76,154,141,135,105,78,53,53,74,101,105,115,84,95,105,107,102,129,124,112,90,92,136,96,112,95,115,117,87,130,96,102,136,96,109,110,103,72,101,143,117,112,144,130,156,145,112,119,110,96,92,134,123,125,112,147,132,109,131,116,163,135,138,109,112,118,116,103,117,105,105,102,127,138,112,140,152,128,128,126,137,150,95,119,151,112,134,135,125,129,103,131,89,109,102,92,105,64,87,120,156,107,135,126,101,120,160,138,139,118,143,105,135,141,156,142,128,137,144,127,122,147,152,132,133,119,109,101,139
23,125,28,39,28,34,39,34,28,39,34,39,43,46,39,43,43,46,46,50,50,50,50,64,80,96,101,140,116,144,85,93,103,105,89,187,76,119,115,110,105,151,186,156,133,85,106,139,142,114,117,122,116,131,122,119,111,103,123,116,128,130,136,114,136,127,162,151,144,156,142,112,133,111,105,85,115,93,68,78,98,136,117,173,120,115,147,137,116,129,156,142,159,178,151,126,127,130,149,135,136,127,140,134,118,132,118,132,132,106,131,122,126,180,141,142,146,140,163,163,136,146,144,137,133,127,139,154,139,164,144,126,133,144,109,89,95,159
24,28,28,28,34,34,34,34,28,28,34,34,39,34,28,39,46,43,43,50,50,53,53,50,50,46,46,50,46,39,53,78,101,127,129,96,117,109,129,124,129,239,165,146,159,149,122,132,130,128,92,124,120,110,123,114,105,130,98,116,99,142,139,112,127,144,120,125,138,162,180,151,120,154,144,130,126,134,133,114,127,169,103,156,114,138,146,56,143,134,144,148,127,140,155,105,144,133,144,160,127,175,139,135,116,116,128,110,109,103,120,120,114,95,149,186,136,133,123,135,144,134,165,151,130,133,153,155,122,126,115,120,145,122,136,124,167,152
25,28,34,28,28,28,28,28,28,34,28,28,34,34,34,28,34,34,39,34,43,39,39,39,50,46,34,43,53,46,50,43,53,50,59,95,106,85,95,116,205,64,61,80,74,46,53,59,64,61,53,61,50,46,43,50,43,34,56,59,46,46,53,98,107,141,129,119,114,133,141,122,102,125,126,135,149,116,101,127,156,140,148,116,92,153,112,151,99,102,126,130,160,125,143,157,119,140,142,144,102,131,155,160,120,144,148,124,102,149,148,124,124,101,166,120,144,140,192,134,178,151,160,133,126,129,140,119,137,117,145,142,135,118,112,125,132,127
26,90,101,80,39,34,34,34,28,28,39,34,28,34,28,28,34,34,34,39,34,34,43,43,46,43,43,39,39,39,34,39,43,56,64,66,68,102,110,230,76,59,53,92,64,53,59,59,68,72,76,70,64,66,61,59,56,61,50,46,43,43,34,34,39,46,43,46,72,96,84,95,102,128,134,129,123,136,174,154,175,156,135,124,131,114,147,106,143,172,131,138,165,143,146,145,135,153,167,124,119,157,159,106,142,134,135,116,114,144,119,130,107,116,130,120,124,111,144,144,161,168,143,130,87,109,116,145,155,123,134,150,114,101,124,126,154,87
27,39,110,125,98,106,131,119,124,85,109,78,59,39,43,43,39,34,39,39,34,39,53,39,43,46,43,43,39,39,39,39,39,43,43,50,59,66,189,87,72,70,202,190,179,125,59,61,59,56,61,72,66,64,70,66,61,56,50,50,61,46,46,39,39,50,56,43,50,61,61,56,80,135,170,180,171,156,170,170,170,163,156,152,122,173,99,107,135,142,165,136,137,139,129,148,170,144,110,111,124,133,127,144,103,146,160,167,137,127,145,155,161,118,141,139,148,161,155,141,173,168,142,117,110,110,106,106,92,128,134,96,102,122,112,102,119,109
28,39,122,156,119,135,95,84,103,80,68,109,102,115,117,68,50,85,56,43,125,74,84,103,84,72,61,46,39,39,39,43,39,46,46,56,80,143,109,85,89,202,206,193,180,64,61,59,64,74,70,66,66,72,61,61,61,59,59,53,53,59,53,39,46,64,61,72,50,59,74,56,50,50,46,46,53,68,101,114,114,122,155,103,68,130,142,130,147,171,176,127,136,143,131,143,128,163,103,148,134,105,117,161,144,139,182,109,136,168,144,137,153,147,169,127,122,141,154,144,147,150,124,138,109,110,102,118,131,93,114,143,115,95,116,95,129,115
29,39,61,118,136,160,110,107,85,99,95,78,85,95,68,56,53,64,68,70,90,92,95,89,87,95,98,110,85,89,95,102,140,90,72,80,109,145,92,225,207,171,184,204,190,163,70,72,84,85,92,78,68,70,68,70,64,61,61,61,61,56,50,68,110,208,175,70,68,64,68,66,64,68,68,64,64,59,64,61,66,64,68,70,78,84,98,101,153,140,146,144,139,195,168,93,149,140,161,143,118,144,139,126,151,156,156,142,157,98,139,178,132,159,132,172,147,133,145,151,140,115,168,118,146,87,82,80,82,80,126,124,122,139,134,130,122,107
30,39,34,142,82,114,98,119,66,89,125,93,95,72,116,66,70,56,53,66,98,82,89,82,105,90,112,119,107,101,89,98,74,70,74,78,95,89,223,187,164,194,186,193,70,78,80,84,85,89,82,85,82,93,117,76,72,61,61,89,76,157,92,119,135,247,84,56,53,56,59,59,64,59,59,64,56,59,59,80,78,59,66,61,72,68,82,76,93,89,99,120,185,160,163,186,156,120,122,145,155,158,173,150,185,164,149,146,138,53,59,53,61,132,165,161,151,158,162,140,136,193,61,175,123,164,167,127,141,125,133,125,115,136,129,112,135,106
31,34,28,136,101,103,98,89,64,85,50,74,84,82,70,50,74,68,70,66,82,70,70,68,110,93,76,98,87,85,82,66,70,64,70,84,85,151,201,176,148,186,183,70,78,84,84,96,80,87,99,87,82,96,68,76,68,66,61,74,64,59,56,59,64,46,39,46,43,53,43,46,50,59,59,56,53,56,66,70,101,68,59,84,85,72,74,110,56,43,74,85,84,156,167,158,167,160,163,165,150,178,146,124,101,149,127,95,85,72,64,68,82,72,110,118,152,152,148,151,186,151,112,147,143,127,147,160,143,125,156,112,112,148,117,124,112,111
32,39,39,50,101,110,123,74,105,59,61,96,72,53,59,39,66,50,53,78,61,74,70,82,101,80,70,98,95,90,80,68,61,66,76,87,123,199,186,187,119,114,90,89,80,90,85,80,80,87,87,74,84,78,78,70,68,70,72,61,61,66,66,66,59,56,43,39,39,39,43,53,61,53,50,74,43,61,59,59,61,50,76,68,80,85,103,103,53,50,66,59,70,66,80,102,156,180,148,137,162,150,151,136,178,144,185,70,84,82,198,109,82,61,39,93,128,148,131,90,168,120,28,132,116,140,102,111,151,118,129,139,107,106,76,156,123,125
33,39,46,64,110,114,99,64,85,46,56,43,50,78,106,34,95,50,50,74,70,74,93,116,98,101,103,107,95,87,70,66,70,76,85,82,215,196,183,159,126,80,76,90,129,119,82,89,80,72,78,84,80,82,76,70,78,76,64,61,61,66,66,61,56,56,53,46,43,39,43,43,50,66,186,209,53,66,64,66,80,64,66,80,111,76,72,66,50,28,43,56,50,80,74,61,53,39,50,172,139,126,129,152,153,151,164,78,66,96,249,249,128,72,39,39,70,123,126,53,50,61,53,56,181,163,135,144,109,139,132,150,120,135,107,143,149,131
34,43,46,43,64,85,84,74,89,89,89,56,72,89,61,64,70,34,39,96,64,61,61,74,116,85,85,92,89,80,72,72,74,85,96,215,184,169,182,180,107,85,87,96,102,85,84,95,87,74,84,80,82,74,84,82,115,72,64,64,68,74,68,64,59,53,130,74,123,56,76,72,177,199,211,205,215,214,117,74,70,68,61,64,76,72,66,46,43,46,53,43,46,46,61,43,46,39,28,34,43,115,111,122,140,114,123,160,78,66,248,188,202,111,59,34,34,28,53,56,70,50,39,46,82,133,132,126,125,152,145,127,139,131,131,130,148,152
35,34,39,43,74,90,68,95,85,109,68,115,114,68,61,70,103,34,64,90,105,92,76,72,114,74,85,92,89,82,76,78,76,205,218,178,173,180,189,151,143,90,114,96,90,99,92,106,84,87,85,85,82,92,84,78,85,80,80,78,76,70,68,68,125,248,221,213,218,240,220,214,194,236,211,212,186,180,70,78,76,76,70,56,66,56,66,46,50,43,39,34,43,28,34,28,39,43,39,46,50,43,43,56,68,107,133,112,154,74,98,241,159,50,46,21,39,21,39,34,39,53,34,43,66,78,66,78,130,95,137,126,129,127,118,98,138,140
36,34,34,39,89,72,70,61,84,56,87,50,72,56,59,68,72,72,66,96,80,105,74,99,117,98,78,80,84,200,127,172,190,193,149,199,164,195,195,200,209,220,120,93,92,99,92,89,87,93,90,92,96,92,82,84,85,99,85,82,74,76,78,76,98,225,213,202,206,205,202,204,205,203,199,197,163,68,72,82,72,70,66,64,53,61,59,43,43,43,46,28,28,28,34,39,43,50,50,34,28,34,34,56,61,61,56,61,46,56,53,39,46,39,28,34,61,46,21,43,61,68,43,34,56,68,87,84,101,99,144,119,90,149,149,144,168,147
37,28,34,39,61,43,61,56,76,43,56,70,87,61,78,68,87,39,46,76,101,72,107,111,90,72,84,72,209,205,217,215,220,213,205,201,202,182,215,228,173,193,107,93,92,107,87,82,92,103,95,105,109,89,87,90,89,106,85,74,78,82,76,84,219,225,225,201,206,209,212,223,217,90,101,162,82,72,78,64,66,70,68,68,72,66,59,53,61,56,53,43,39,34,43,43,50,56,50,34,46,39,34,34,80,53,66,56,64,64,46,21,0,21,0,39,72,68,50,43,61,61,43,39,61,46,74,34,61,124,140,145,154,141,115,149,137,154
38,28,28,39,70,80,34,34,61,39,39,96,64,59,70,46,92,84,64,89,82,80,101,101,61,64,105,209,223,224,215,232,231,219,206,204,171,174,217,224,205,200,111,90,110,119,89,96,111,173,213,235,114,101,95,218,225,164,76,78,76,82,84,230,223,229,200,205,200,212,226,244,84,82,215,68,95,98,82,72,64,70,72,70,78,78,82,66,53,27,80,64,50,61,68,68,76,76,101,90,70,70,50,46,53,74,74,95,56,46,34,66,46,46,39,50,76,56,50,66,66,64,56,43,46,53,72,39,34,46,102,160,125,93,116,103,111,151
39,28,34,34,70,39,34,34,28,21,34,50,78,43,53,46,85,68,72,76,84,106,103,84,64,74,200,212,199,222,220,237,232,220,195,200,173,202,212,206,223,221,114,95,110,96,98,160,205,218,216,201,188,212,242,237,224,212,184,80,156,140,215,233,228,199,230,227,236,228,245,119,85,122,106,76,76,89,87,80,78,72,70,70,70,70,80,72,53,39,22,28,34,34,39,56,59,53,66,70,61,56,61,56,53,56,70,59,70,46,39,46,53,34,39,46,70,85,82,59,114,87,50,59,53,46,34,39,72,28,90,150,124,138,145,143,151,185
40,28,34,46,28,28,34,21,34,21,21,28,39,28,43,53,96,78,66,46,59,53,56,78,74,161,217,215,210,214,230,221,218,213,182,156,138,219,221,224,213,190,153,99,126,101,168,188,205,210,221,211,210,188,224,224,224,212,227,237,230,230,216,227,246,225,244,238,232,241,255,84,84,87,82,76,70,68,66,72,74,82,72,76,72,87,78,64,53,46,28,21,28,34,28,34,39,46,46,53,39,50,76,68,70,64,66,50,39,39,34,34,39,34,43,70,84,89,70,64,59,61,56,59,61,66,38,46,21,21,66,156,149,126,132,171,120,119
41,116,21,34,61,64,34,21,34,34,28,28,34,39,39,43,39,74,59,46,53,72,56,78,155,226,223,231,212,224,227,200,182,199,153,129,178,224,224,220,202,184,111,99,112,172,186,186,193,188,202,210,209,221,212,215,227,228,238,237,239,202,215,230,239,246,246,238,239,255,129,87,186,70,61,66,68,64,68,76,76,76,78,84,84,89,80,72,50,28,21,21,21,33,28,34,53,53,56,46,43,34,53,56,64,61,59,46,34,46,34,34,39,28,74,74,78,82,78,56,70,90,95,43,34,43,39,28,28,21,43,82,140,158,141,150,143,145
42,46,46,82,46,68,28,50,21,61,34,53,46,34,39,43,61,76,56,61,64,50,64,148,224,213,206,237,202,125,126,116,107,161,127,178,189,177,198,199,195,189,122,132,170,164,181,175,190,190,200,210,210,207,236,215,232,235,232,220,233,182,212,246,229,240,233,227,243,119,247,78,76,61,70,66,61,59,74,72,72,84,82,84,80,68,43,39,34,21,21,21,16,21,34,46,50,50,46,34,39,43,34,34,46,56,34,28,34,28,43,21,28,46,74,66,98,61,74,59,68,50,74,50,43,34,34,28,39,28,50,28,34,43,72,99,144,133
43,78,28,64,43,87,28,34,21,50,66,34,50,28,28,28,39,64,39,61,78,70,129,206,186,230,210,131,120,125,116,106,102,119,161,179,191,221,175,200,169,173,170,158,155,173,167,158,188,196,202,190,206,209,231,221,231,220,215,229,202,194,240,239,226,208,174,159,89,164,82,76,70,56,64,56,46,50,56,61,68,85,84,85,72,28,46,28,21,39,21,15,0,14,28,39,43,43,39,39,43,34,28,34,28,28,43,21,28,28,28,34,34,50,76,56,43,53,46,34,39,39,46,46,43,34,39,34,39,39,39,39,64,28,56,183,126,138
44,105,28,74,39,82,21,39,46,43,21,21,43,28,39,46,46,74,56,89,68,125,158,236,208,128,123,127,166,219,176,150,124,124,124,106,136,199,198,178,160,151,157,177,168,170,168,180,197,206,195,194,195,206,220,219,228,230,231,226,232,227,241,234,218,224,189,168,157,192,61,50,39,43,39,43,46,56,59,53,64,92,85,87,46,34,28,34,21,21,21,15,15,14,28,34,39,34,39,34,28,34,28,21,21,21,43,24,21,34,28,28,28,64,59,56,50,43,39,39,39,28,43,39,34,43,56,34,39,34,28,28,46,34,28,34,74,103
45,96,34,93,43,59,21,53,72,46,107,28,46,39,68,64,34,85,61,85,68,212,233,146,119,120,130,230,234,236,188,153,141,117,80,96,139,182,233,186,148,144,144,137,164,164,167,164,182,192,195,190,194,199,205,202,228,226,231,225,233,242,236,221,223,223,221,194,239,68,50,61,61,50,34,28,39,46,56,46,56,80,80,87,53,39,34,34,46,28,21,21,21,21,34,28,34,28,39,34,28,34,28,21,21,21,53,28,28,34,21,21,34,43,50,59,64,46,43,43,43,34,34,43,39,43,56,39,28,28,39,28,43,34,120,34,28,28
46,76,68,70,50,72,101,50,85,59,92,39,72,106,89,74,85,80,70,96,183,231,110,122,123,212,247,245,241,206,168,135,128,92,122,223,213,232,214,160,175,155,155,177,185,187,181,194,186,177,177,187,191,186,180,182,209,211,228,226,240,247,244,233,223,223,221,236,235,180,59,76,93,66,39,39,39,34,46,43,56,90,82,56,43,43,105,98,21,21,21,21,15,21,21,21,21,28,28,43,39,34,28,34,21,28,43,21,39,43,28,28,28,39,39,46,76,96,46,50,43,39,34,39,43,39,39,34,28,28,34,28,28,39,39,197,28,28
47,90,46,85,102,50,82,56,76,85,56,68,74,85,76,106,82,56,93,99,221,117,154,219,240,238,245,248,225,177,150,135,105,101,209,212,227,197,194,158,163,140,180,186,188,188,196,202,202,146,117,175,184,169,192,192,189,220,212,227,231,240,242,240,208,245,210,229,242,87,53,46,53,50,34,28,28,28,46,34,56,70,116,182,196,203,137,90,18,21,21,21,21,16,21,0,43,56,61,56,50,53,39,39,28,28,21,21,28,34,21,39,21,43,43,53,70,59,53,61,59,53,34,28,39,34,28,28,34,34,34,34,28,46,43,28,203,21
48,93,89,66,66,46,76,87,84,87,115,50,96,101,80,95,92,102,111,199,109,204,219,215,228,236,246,237,158,138,134,99,105,235,217,200,188,219,186,179,199,201,184,196,195,181,194,166,153,166,106,190,188,185,192,197,198,206,213,212,221,233,239,242,217,209,150,249,209,64,76,80,34,28,28,21,34,39,28,28,59,188,220,197,174,129,118,21,21,21,21,21,21,21,21,66,66,85,80,66,46,46,39,28,21,39,28,21,28,21,21,21,21,34,28,39,50,59,66,72,76,74,59,43,34,39,34,28,28,34,34,64,34,39,39,34,28,180
49,109,61,110,74,101,87,136,50,72,76,80,107,87,98,93,92,105,165,109,224,225,209,202,228,235,193,156,128,131,96,126,232,229,226,198,178,182,186,179,206,214,197,178,161,144,139,182,174,181,202,217,184,193,193,187,192,205,197,203,215,242,247,244,242,201,196,251,64,72,82,64,53,34,24,21,21,21,21,46,141,218,230,197,168,130,74,21,21,21,21,21,21,80,80,64,61,80,56,43,39,28,34,21,39,21,21,0,21,21,0,21,0,28,39,21,28,21,59,80,93,89,68,74,46,34,34,28,28,21,28,43,50,34,28,34,28,28
50,118,70,99,124,72,112,101,93,78,101,68,82,76,76,85,90,116,99,237,225,224,218,207,235,218,154,127,120,93,123,231,227,227,213,199,191,163,161,181,184,199,175,166,163,178,182,194,179,205,218,203,198,206,195,199,200,194,188,198,209,242,248,246,241,200,226,249,66,84,74,46,27,35,28,21,18,21,39,78,221,217,220,180,78,28,85,21,21,21,21,89,229,179,99,56,46,39,39,28,28,21,21,0,21,0,0,0,0,21,21,0,87,114,128,134,39,34,21,21,53,85,84,72,43,56,50,50,28,28,28,34,43,34,28,34,38,28
51,61,70,96,110,106,95,64,76,98,103,98,98,93,74,84,101,66,217,232,231,229,213,214,195,173,120,122,92,89,235,224,221,220,222,213,184,175,170,181,163,180,144,157,167,178,187,197,195,213,214,207,205,209,215,213,210,190,178,201,203,231,246,245,244,222,226,251,150,144,70,61,56,21,28,21,21,21,46,156,218,206,34,34,39,34,34,21,21,43,70,92,242,218,142,50,34,28,28,21,21,0,0,0,0,0,0,0,0,21,0,98,96,93,95,61,92,28,34,28,34,21,64,85,61,64,39,34,34,28,28,34,34,39,34,28,28,28
52,92,87,118,160,102,112,115,119,82,116,95,80,74,66,74,68,138,244,235,224,226,202,216,139,118,119,92,68,190,224,209,213,205,212,211,175,142,101,90,116,164,164,168,173,180,179,199,205,209,213,200,197,203,198,211,206,200,210,217,206,224,232,242,243,225,197,239,196,85,80,61,80,28,34,56,21,21,78,151,186,28,46,53,50,43,34,28,28,59,74,237,226,231,195,89,46,21,21,0,21,21,0,0,0,0,21,21,0,21,64,64,46,64,72,116,180,173,46,43,43,46,39,34,43,50,34,34,28,23,21,34,56,64,61,61,28,28
53,80,110,137,105,92,87,103,80,84,68,66,76,68,80,85,99,246,239,226,250,236,194,165,123,120,90,61,82,207,249,160,167,162,198,184,167,111,103,80,99,166,173,160,156,173,193,190,197,202,200,175,192,189,175,197,192,197,194,198,190,194,206,227,232,233,155,213,232,76,76,64,43,28,39,129,21,128,90,53,34,56,61,53,53,43,43,34,66,66,110,214,220,174,139,119,59,21,21,21,21,0,0,0,0,0,0,0,0,21,21,21,21,116,43,141,198,200,217,223,235,166,92,74,61,39,43,39,28,28,34,21,50,43,92,78,28,34
54,74,80,122,68,84,78,98,107,85,72,68,74,68,76,84,151,248,227,239,214,184,141,125,123,92,59,76,82,155,236,64,111,106,153,160,123,99,92,101,85,145,186,184,175,175,178,184,175,175,197,179,183,178,177,183,173,184,199,199,201,209,209,210,190,216,135,212,236,216,56,92,34,176,188,98,118,59,76,84,164,198,50,50,165,50,66,39,111,76,120,187,165,198,141,163,137,151,72,21,21,0,0,0,0,0,28,21,34,28,21,105,137,160,134,159,137,171,216,236,243,240,229,220,156,203,92,28,46,43,46,28,39,34,59,46,72,109
55,95,133,112,115,87,74,101,66,78,68,84,84,66,84,128,240,243,212,210,185,129,125,123,114,46,66,46,53,138,116,167,87,106,126,128,118,118,87,92,106,128,135,156,157,197,215,172,183,184,175,177,173,178,176,160,173,192,220,205,181,172,178,159,171,183,175,210,234,220,223,199,190,193,123,106,109,66,74,84,181,204,192,203,152,133,112,191,228,217,234,203,187,203,172,130,145,92,90,103,43,21,0,0,28,28,28,34,34,96,153,134,116,74,114,167,101,127,153,165,144,126,146,166,166,192,195,195,176,123,102,89,28,50,34,43,107,72
56,72,96,116,70,103,82,103,76,56,76,59,99,90,101,156,242,231,202,195,167,114,117,119,80,70,56,50,34,144,190,201,89,96,148,136,143,135,115,89,78,72,102,117,131,197,199,205,213,164,156,167,166,163,164,131,181,196,216,188,177,226,248,220,166,138,214,221,243,240,215,194,167,193,115,114,46,66,74,70,144,161,199,166,122,124,137,221,232,211,211,197,160,157,149,116,101,74,84,43,28,21,21,34,21,34,107,148,146,152,130,144,117,169,130,134,142,99,151,126,131,139,190,169,152,165,129,136,90,144,95,61,99,190,131,119,56,92
57,101,89,99,76,70,87,87,102,64,64,82,112,112,114,232,227,213,179,167,120,115,118,102,109,131,61,59,53,95,203,192,212,195,105,89,64,89,78,93,64,59,61,116,149,124,224,194,204,133,112,138,148,129,116,116,144,153,160,164,167,149,232,242,235,237,233,239,247,228,242,174,228,182,103,110,59,70,68,53,92,127,119,152,111,137,209,223,227,224,181,151,59,39,98,89,82,50,0,21,21,0,28,21,110,111,128,133,165,132,167,190,173,146,147,150,153,144,160,132,125,193,175,168,139,127,135,126,153,110,167,142,76,170,179,103,43,168
58,101,80,78,92,80,46,50,34,59,70,115,107,115,194,223,219,210,181,135,124,115,156,119,110,144,80,68,56,66,124,197,224,255,70,68,89,89,59,87,66,92,99,109,76,146,74,183,145,114,98,110,109,103,109,93,84,92,112,127,112,111,129,135,164,210,223,236,228,203,219,195,180,157,39,53,61,66,76,66,64,136,103,102,127,234,247,188,87,61,43,50,68,39,21,21,21,21,21,21,21,21,53,64,129,142,151,172,129,107,160,151,158,147,156,154,76,133,123,99,103,164,156,175,159,177,192,179,156,109,149,132,131,118,131,116,184,142
59,70,61,115,68,66,43,28,61,93,115,117,125,178,221,219,245,190,158,129,118,132,129,74,61,46,34,43,68,102,255,248,246,221,82,103,102,111,120,66,150,43,139,109,107,112,87,102,136,123,39,93,120,76,120,68,28,21,21,21,114,136,109,139,72,132,228,234,216,200,196,170,184,66,64,68,61,72,78,76,80,59,106,130,192,138,125,207,112,159,213,192,163,107,59,39,21,21,21,21,43,46,74,154,93,111,143,148,151,105,131,162,158,138,131,153,147,172,144,146,130,115,126,123,167,161,115,117,175,156,132,138,137,103,176,117,158,192
60,56,90,98,85,68,115,46,101,138,151,123,92,242,238,208,228,164,136,130,116,95,78,68,39,34,34,34,109,249,247,221,220,209,182,115,98,133,118,109,122,182,123,152,101,103,144,137,141,131,84,140,122,143,103,85,92,107,130,116,95,177,110,151,114,175,227,206,192,201,192,127,50,34,84,84,72,68,70,72,53,70,89,99,82,204,193,237,250,243,217,197,192,196,175,78,28,28,28,59,50,80,139,135,130,107,119,84,175,119,181,124,169,164,114,109,122,147,118,135,130,181,151,152,152,151,125,117,154,178,159,158,150,124,139,158,173,130
61,72,95,132,70,59,80,66,78,115,173,116,239,229,215,192,169,125,130,98,59,84,85,53,39,34,39,82,255,243,238,242,214,170,115,98,119,105,116,78,152,173,117,162,126,131,125,112,147,161,112,173,148,126,140,155,72,125,123,120,156,203,161,144,134,207,240,206,194,212,176,28,43,21,148,90,72,64,56,53,61,76,89,84,68,213,248,248,248,248,231,236,211,213,172,87,28,34,53,137,70,149,154,161,147,128,152,167,151,99,210,190,101,150,143,99,132,167,142,130,141,143,136,145,151,130,155,144,142,144,144,162,171,146,161,158,112,169
62,72,115,74,134,82,87,66,78,114,199,206,250,218,197,135,149,112,115,111,120,106,76,34,39,34,92,249,239,245,241,221,153,99,96,109,145,119,119,106,125,167,158,142,147,111,119,142,131,150,124,143,130,146,84,99,111,161,120,151,152,154,126,114,133,221,210,194,198,188,151,64,28,56,80,128,95,28,28,34,21,21,21,28,34,240,248,248,251,243,223,208,222,236,210,53,28,43,178,95,139,128,101,154,149,174,149,117,171,165,70,103,131,159,164,203,153,148,150,135,151,95,112,178,158,103,175,127,150,140,142,134,173,152,167,164,160,176
63,80,64,133,78,64,130,102,96,202,212,250,228,221,159,122,110,112,138,82,160,59,39,21,43,85,244,228,225,227,186,152,105,127,95,123,153,119,127,151,137,146,158,135,126,150,117,111,110,128,106,76,116,131,87,101,122,164,153,109,144,111,99,115,176,232,203,220,144,167,149,161,78,85,128,89,56,34,28,28,28,28,28,28,39,242,245,244,250,249,235,233,212,184,198,99,34,34,114,93,128,117,154,145,156,141,159,101,125,126,124,165,105,156,136,147,115,141,178,139,168,150,191,163,146,144,142,135,122,152,135,133,144,145,156,149,141,205
64,103,78,59,145,128,143,149,116,247,241,223,213,190,170,116,103,98,105,95,89,56,68,115,148,199,214,214,203,178,112,129,80,111,124,117,117,177,133,134,125,118,156,98,102,82,59,43,46,66,39,84,128,151,138,161,152,150,109,146,109,135,144,137,251,243,246,227,215,210,191,123,80,112,116,101,28,21,21,34,28,28,28,28,43,141,248,248,248,248,241,247,220,188,178,122,28,53,118,122,142,128,144,150,178,78,167,93,154,149,157,174,147,136,178,151,175,98,162,163,164,123,115,132,139,160,114,109,103,105,131,154,124,145,140,174,141,153
65,61,78,126,135,105,87,145,156,249,219,222,196,155,111,107,59,39,34,66,50,213,186,244,196,170,169,164,153,99,112,118,68,106,131,125,142,93,133,109,98,74,114,114,59,61,43,34,50,82,110,188,173,151,167,149,134,116,132,117,114,114,112,153,249,228,247,228,201,189,153,101,76,103,105,61,21,21,28,21,34,28,21,34,98,123,243,248,248,248,248,248,222,237,147,144,28,66,70,132,177,128,156,132,142,142,165,156,148,171,124,161,144,178,122,125,190,93,173,152,157,146,109,154,127,107,144,133,135,93,148,138,130,182,117,127,112,149
66,92,118,102,132,122,111,137,249,231,243,221,180,98,99,50,21,43,43,28,253,224,248,219,196,156,143,122,90,68,56,72,101,96,82,64,56,84,66,50,89,102,90,80,87,72,106,109,68,151,146,125,147,149,165,130,74,146,144,180,162,136,159,249,227,242,248,219,195,173,129,74,84,153,131,43,21,34,21,28,28,34,34,39,64,56,166,241,248,248,248,248,251,223,208,127,78,28,103,120,128,112,143,134,143,134,144,109,122,147,144,164,133,106,147,159,164,118,153,133,117,109,137,151,155,135,123,133,116,112,139,114,156,164,133,119,155,160
67,92,143,93,126,90,125,182,249,231,202,202,98,89,66,28,34,28,28,156,208,217,236,217,152,126,111,90,50,21,80,56,70,56,76,64,53,82,46,90,112,129,120,72,120,99,118,147,136,146,159,167,153,118,135,134,151,106,178,171,117,171,152,239,235,248,244,185,156,132,82,64,139,137,105,64,28,21,28,21,21,34,34,43,82,135,185,245,249,248,248,242,248,221,169,127,89,21,28,61,144,101,109,163,150,123,175,178,107,145,161,142,152,132,174,173,142,166,143,142,170,151,131,180,119,110,95,141,127,172,106,136,98,116,144,162,210,129
68,101,129,93,154,112,106,227,223,215,173,109,92,72,28,28,21,46,39,224,228,190,188,197,139,89,82,46,28,84,125,93,92,70,98,114,56,68,89,125,162,129,124,144,175,170,132,144,132,186,166,154,153,112,132,120,87,112,153,142,132,139,213,243,248,247,205,166,90,74,74,84,152,126,106,43,34,28,21,21,28,21,28,50,131,105,115,164,230,248,243,250,232,201,190,93,90,28,46,21,112,129,143,165,151,134,152,119,134,149,167,99,150,143,167,166,183,114,124,131,109,134,118,161,142,116,123,123,142,156,156,129,145,119,122,142,114,157
69,85,127,74,103,93,130,225,213,178,107,82,74,21,39,21,87,68,102,206,76,98,95,93,78,64,43,28,87,120,119,118,138,131,140,127,107,114,105,119,152,147,84,152,139,127,128,165,124,132,165,109,147,181,127,114,103,95,132,120,118,210,212,248,247,219,160,127,46,56,76,134,118,112,56,110,28,21,21,43,28,133,134,126,138,138,144,107,230,247,246,230,200,236,202,120,110,28,21,21,102,93,98,141,164,154,99,151,134,167,165,117,136,135,169,165,122,123,160,103,115,140,175,174,170,102,130,123,138,118,160,144,78,103,123,106,148,141
70,135,102,87,80,135,205,217,187,131,84,70,68,92,98,105,85,89,178,85,85,89,85,76,66,34,50,64,68,82,163,115,134,128,138,72,143,134,109,112,164,110,93,115,178,118,133,118,151,175,180,144,120,107,107,146,84,156,129,93,207,200,240,245,226,197,124,39,46,72,144,98,130,118,21,21,28,21,46,124,106,102,120,112,130,153,96,141,220,239,235,243,229,240,205,149,112,28,21,39,28,92,92,148,175,146,167,174,141,123,158,152,122,158,131,102,169,156,133,126,120,143,155,87,64,129,151,90,147,128,142,160,160,156,173,132,127,64
71,61,95,102,85,85,250,184,68,70,53,34,39,46,106,64,80,119,84,82,66,82,80,64,72,66,84,139,102,114,169,131,129,123,118,123,151,132,116,140,162,93,129,115,103,92,115,136,135,175,128,90,134,145,120,106,68,120,152,184,197,212,233,181,192,102,53,39,89,107,43,59,28,103,82,0,28,64,85,136,165,133,124,118,139,133,89,114,152,244,243,248,185,213,194,190,103,21,28,21,34,53,140,105,124,157,165,160,156,163,118,119,149,153,102,199,133,137,130,164,111,125,96,89,50,114,70,99,144,141,135,105,120,106,102,172,134,138
72,68,176,90,110,239,193,87,46,39,46,43,53,80,39,59,68,59,111,197,167,132,92,68,61,39,111,143,172,107,130,159,142,131,122,92,114,166,129,128,128,76,106,129,106,119,151,142,151,157,136,117,129,127,101,95,74,177,175,188,224,228,197,114,70,118,130,151,28,28,21,28,28,53,170,85,85,135,95,117,106,61,72,122,145,138,105,143,167,167,245,233,240,221,196,160,68,28,28,70,21,119,59,146,115,144,143,109,105,93,144,120,136,127,139,155,95,135,142,84,130,152,136,118,68,85,174,175,118,116,114,87,87,59,103,122,123,106
73,111,68,140,78,189,76,53,34,21,28,21,39,66,50,61,34,137,171,189,110,76,39,74,64,99,109,155,135,111,114,139,151,157,125,117,68,144,148,128,106,135,112,129,99,128,74,103,131,154,158,107,114,118,131,123,180,197,185,236,209,159,66,120,112,167,50,39,28,21,46,50,43,50,164,136,85,98,156,111,130,125,117,111,102,93,147,138,123,160,203,250,239,200,219,136,68,28,61,34,115,85,179,176,151,144,125,159,107,128,120,191,132,160,167,161,147,119,129,115,109,157,124,126,76,95,116,207,98,118,118,84,135,131,105,118,151,120
74,107,107,82,82,56,46,39,21,39,98,89,74,72,70,95,89,160,139,178,101,46,43,84,101,184,134,153,139,144,131,156,132,172,152,141,111,163,115,139,136,180,186,114,120,123,130,89,89,103,124,163,124,147,207,223,207,205,219,193,106,68,125,90,50,28,28,34,78,110,82,116,98,212,142,123,110,125,126,105,148,180,120,159,161,101,159,123,117,128,126,231,244,204,184,98,89,66,89,103,152,132,140,168,101,155,110,150,155,99,84,162,133,85,164,112,144,110,157,194,173,110,98,103,74,131,138,72,154,90,78,98,116,80,146,136,154,155
75,103,160,170,92,78,50,21,21,21,21,28,43,50,90,64,99,177,134,107,78,43,92,128,138,145,146,119,120,141,143,129,101,116,118,127,119,107,82,129,111,133,117,39,117,107,135,106,110,66,182,193,204,215,210,191,178,201,170,87,50,68,46,21,28,61,74,28,154,134,152,128,99,125,110,144,153,114,136,184,165,103,143,118,150,111,131,117,127,134,107,213,225,188,192,99,28,66,101,119,112,82,102,151,151,84,166,93,96,61,173,162,147,179,163,93,122,95,153,126,126,120,96,93,92,129,170,95,119,160,125,133,131,145,132,120,186,137
76,64,34,187,134,92,28,28,21,34,53,115,39,53,56,78,245,138,102,74,59,95,134,85,102,142,156,128,131,103,140,117,154,87,102,128,124,107,74,89,130,156,76,153,188,188,129,46,70,90,174,203,229,246,223,203,188,170,78,39,66,28,101,34,28,39,128,85,98,85,151,142,102,116,107,117,132,159,144,119,144,137,163,92,56,87,129,101,157,115,103,209,227,212,168,123,39,28,46,78,95,118,146,87,109,133,132,82,107,145,151,123,119,124,166,185,147,106,124,116,132,82,123,66,130,117,105,142,136,133,148,106,76,105,175,147,170,169
77,28,90,101,72,101,118,53,46,21,68,39,85,101,103,144,156,128,164,50,21,103,92,103,151,144,132,152,153,127,138,128,109,98,110,95,72,93,56,111,139,156,116,80,105,179,144,137,118,160,179,248,243,247,227,187,128,76,78,39,99,98,114,114,96,145,146,147,68,99,114,96,138,103,106,105,105,112,127,123,148,148,122,136,80,74,61,102,96,149,105,171,217,219,178,148,68,28,39,53,89,89,99,153,178,144,106,133,148,186,147,165,152,162,137,173,129,92,152,166,140,82,120,147,163,135,164,90,103,103,126,78,153,115,128,149,132,98
78,175,76,122,64,46,46,61,21,46,106,89,99,66,82,156,122,120,120,99,61,112,105,127,143,116,138,127,118,124,126,133,110,107,119,123,93,102,76,118,141,144,89,96,70,184,164,156,153,175,203,235,246,175,135,127,59,59,56,111,157,84,118,111,124,120,112,103,164,136,151,115,98,127,139,80,82,82,123,126,157,131,142,107,102,161,125,118,146,102,134,140,195,188,220,201,92,39,39,85,106,130,107,127,170,192,141,153,139,124,116,132,127,120,126,110,89,124,115,118,144,178,107,93,131,123,115,135,116,89,68,107,124,107,130,164,156,174
79,74,66,46,34,0,21,43,78,34,85,119,119,103,144,146,96,102,74,50,39,101,96,66,136,117,128,147,137,157,90,109,98,89,114,82,90,78,114,96,87,118,103,84,154,186,203,181,200,173,187,182,176,135,114,70,84,84,96,128,109,128,96,116,76,123,156,133,134,131,95,146,150,101,129,125,124,93,61,138,140,120,142,114,126,98,106,70,70,117,114,114,202,206,198,188,176,39,70,127,144,143,130,138,153,156,180,144,159,125,159,148,124,124,139,119,186,145,137,146,147,143,182,95,167,132,105,102,144,111,109,150,78,110,128,195,134,137
80,66,103,34,21,0,21,76,59,76,96,74,109,110,154,130,101,122,53,21,74,90,124,115,112,144,132,111,166,136,136,111,116,102,114,110,98,114,146,114,127,96,96,164,191,219,193,182,160,141,112,78,70,93,96,76,102,136,99,112,99,181,98,126,72,119,139,123,129,140,87,98,80,127,111,123,114,161,130,118,114,189,87,111,82,82,132,93,132,166,197,147,200,167,195,205,188,122,21,161,105,93,107,114,114,174,154,172,162,82,61,92,110,115,105,173,98,170,125,146,155,107,127,78,59,110,125,105,101,80,162,107,117,112,125,164,144,136
81,78,34,153,68,70,50,80,76,99,68,84,154,142,140,107,53,56,39,21,21,120,95,102,111,134,112,127,150,160,119,144,109,135,119,85,126,95,109,111,93,170,80,255,205,181,139,151,155,72,53,74,74,131,117,142,151,111,109,118,98,124,151,99,78,131,106,130,105,92,78,114,130,171,106,122,127,133,122,122,182,144,142,59,80,112,151,89,176,160,162,135,156,169,157,202,200,186,39,21,115,84,120,135,93,92,101,90,127,110,89,133,115,119,136,115,146,93,93,106,131,85,163,146,150,158,148,99,135,131,173,144,177,110,156,130,129,103
82,39,53,21,124,152,126,66,133,82,98,167,159,129,135,76,39,50,21,28,90,90,74,70,68,135,144,159,152,93,147,136,148,102,92,117,84,39,96,80,74,143,140,216,173,133,98,159,56,92,59,85,140,135,122,140,105,119,107,99,136,155,103,146,129,126,130,70,106,110,130,182,159,147,96,160,102,143,98,132,106,99,68,102,133,118,155,111,142,116,148,131,175,141,173,162,171,144,64,21,28,59,109,133,124,118,134,115,145,118,93,131,154,149,151,165,142,102,144,115,136,133,175,115,138,159,130,125,116,130,119,101,101,105,125,134,118,151
83,34,46,66,136,118,107,120,118,115,138,122,126,102,72,39,28,28,21,59,126,144,84,90,148,130,154,174,130,96,170,154,119,103,115,145,117,135,158,90,117,87,98,201,151,80,103,43,66,102,123,117,164,111,72,78,89,116,74,146,143,101,159,125,95,119,125,103,122,87,143,148,102,158,123,127,120,96,70,70,117,43,78,138,85,74,137,128,124,105,131,139,68,157,149,144,200,142,70,28,21,56,82,132,101,164,164,120,95,74,160,152,125,152,96,107,137,103,132,80,93,118,166,115,125,165,90,135,89,70,119,96,119,140,110,107,101,87
84,34,21,84,174,105,119,109,126,80,153,188,153,85,34,43,28,21,28,99,107,109,157,156,158,143,110,115,159,130,98,145,124,141,101,99,96,149,164,183,178,157,144,167,130,53,56,82,110,87,87,137,106,93,134,134,99,117,129,134,156,124,168,87,90,96,125,112,143,119,110,46,110,145,115,117,158,124,96,46,150,66,78,74,112,139,132,128,124,102,93,233,215,182,145,145,160,154,53,21,28,28,123,112,134,144,129,120,141,112,145,149,134,165,132,168,111,135,139,130,119,80,110,87,152,120,147,135,85,124,115,98,166,165,149,95,109,154
85,28,72,152,216,149,140,87,116,110,164,148,93,80,46,28,28,21,56,167,137,120,93,76,132,141,125,167,95,56,141,142,159,112,134,129,92,147,183,76,103,158,151,144,164,68,118,82,151,170,139,118,116,106,90,155,127,170,169,155,149,99,162,74,122,112,59,64,70,119,89,99,119,74,102,109,134,126,111,96,116,112,107,140,96,138,114,103,111,114,64,147,213,181,160,156,159,150,66,21,21,64,85,138,133,140,137,90,98,114,118,125,125,136,119,137,111,76,145,93,130,98,134,149,114,102,123,99,135,78,105,146,114,96,122,74,134,117
86,34,96,150,173,96,131,123,119,169,160,138,66,28,46,34,39,21,99,117,133,152,125,151,138,110,126,124,147,138,127,134,143,161,138,118,135,114,206,85,172,114,175,172,151,146,118,120,117,170,158,124,127,109,110,174,124,136,89,93,101,149,119,74,78,70,130,125,56,128,130,53,92,134,170,131,132,102,76,125,123,106,87,89,103,61,103,68,98,146,141,164,224,152,171,150,128,133,68,21,21,116,114,143,117,117,152,147,127,93,118,68,118,118,155,105,133,152,144,147,143,136,117,98,140,134,102,101,174,106,110,117,123,125,117,85,144,126
87,76,72,64,170,93,105,111,105,102,209,158,43,80,66,43,21,53,107,114,134,151,118,151,114,141,125,114,122,123,92,98,116,137,105,131,153,106,110,161,124,106,148,151,106,143,140,99,127,160,143,161,124,107,161,127,193,117,161,143,122,221,89,87,56,28,64,182,103,66,122,64,96,122,142,147,102,133,126,136,105,84,132,117,115,99,107,122,160,139,112,115,178,171,176,143,145,148,74,21,21,39,99,124,103,78,107,96,101,129,82,99,122,160,140,93,115,137,161,112,189,153,157,126,175,160,103,124,85,78,126,106,111,136,124,147,120,140
88,144,70,114,122,106,120,106,112,93,115,132,101,39,64,34,39,80,122,132,114,127,125,119,96,130,98,178,143,185,93,103,160,111,133,84,134,133,123,133,99,122,134,138,109,127,116,128,145,116,105,138,95,146,151,112,170,116,109,150,68,89,114,53,82,89,105,130,111,39,72,140,132,109,140,123,120,172,106,127,74,135,72,76,99,102,82,84,111,118,109,95,172,199,152,122,120,112,66,21,21,21,39,99,59,114,156,128,66,74,135,124,133,141,114,136,116,144,175,166,134,116,146,126,123,139,127,111,123,99,99,135,119,138,144,135,129,134
89,115,118,102,115,101,118,89,130,93,92,155,68,0,53,101,118,92,93,101,127,90,166,110,117,109,143,109,80,61,90,106,112,142,139,102,98,139,106,76,139,80,119,148,114,123,146,137,144,148,143,96,95,152,106,160,122,161,98,165,170,103,144,68,66,53,21,124,89,85,68,98,123,95,150,117,90,131,72,80,56,43,102,76,126,82,90,111,162,74,120,245,199,140,157,173,151,158,125,21,21,21,80,111,133,130,106,111,128,138,115,118,129,184,156,137,154,170,157,165,129,164,156,131,154,156,115,157,72,76,105,96,114,132,116,102,112,120
90,110,202,123,95,126,70,99,122,76,140,76,85,80,112,122,177,128,138,143,114,123,119,132,124,95,80,125,76,87,110,147,95,111,116,160,145,134,98,99,122,109,105,72,85,106,82,160,136,103,128,145,132,120,152,117,149,130,140,127,131,123,92,72,74,21,74,148,87,96,90,76,127,125,115,78,85,74,118,96,80,109,131,43,132,72,116,166,87,178,99,141,180,111,141,146,142,161,151,50,21,61,21,66,133,158,134,78,180,144,149,151,109,115,133,179,142,120,134,164,170,162,74,137,146,151,135,109,118,117,129,163,124,148,129,106,138,122
91,115,105,72,106,116,96,109,109,64,89,76,112,78,84,111,135,131,122,128,116,110,114,150,76,114,114,101,70,87,85,109,116,109,99,143,106,170,80,105,98,93,76,98,101,90,68,154,152,140,90,134,135,120,146,123,158,167,139,138,96,122,98,66,39,70,43,84,93,93,96,98,110,95,95,87,89,89,139,134,80,112,180,189,118,122,148,151,53,122,123,136,143,187,125,144,136,132,135,78,21,28,21,21,144,127,176,112,128,106,96,127,99,141,160,149,166,160,138,137,151,160,181,157,135,124,109,118,93,99,136,165,143,141,106,84,130,141
92,72,85,93,80,132,85,72,145,87,111,109,163,78,96,117,64,99,92,64,103,126,123,130,102,110,118,80,161,95,111,118,111,95,111,78,72,76,53,116,76,156,161,144,89,109,93,143,87,120,101,124,129,111,105,153,124,112,132,140,122,76,39,110,92,59,90,93,110,102,122,89,82,89,99,82,106,124,127,111,78,87,151,120,120,162,151,115,72,127,165,103,129,132,171,188,157,144,117,99,21,39,46,34,93,159,148,107,115,115,132,125,85,182,98,137,127,144,137,144,148,153,158,139,159,127,152,131,120,119,133,125,116,153,111,111,101,116
93,80,76,76,82,84,78,68,139,127,53,105,173,114,114,85,99,64,96,99,106,116,127,98,146,119,102,56,92,210,127,98,74,61,64,56,39,39,72,61,61,80,122,64,82,151,99,102,66,85,68,138,128,78,127,127,115,148,114,119,106,119,78,59,43,43,53,46,61,90,137,139,85,70,90,76,117,139,61,89,78,87,53,106,106,153,172,102,131,147,139,132,144,126,160,192,160,181,143,106,21,28,34,39,64,109,167,99,137,101,111,114,152,131,135,148,133,128,132,148,178,158,115,151,130,101,164,98,105,127,134,119,183,126,123,90,93,158
94,115,89,82,61,59,137,90,90,129,161,99,72,56,39,101,96,99,68,106,105,98,98,146,70,147,116,106,89,135,151,68,61,28,46,28,21,28,39,50,43,53,89,78,50,132,163,112,61,96,74,46,141,106,177,137,82,128,120,93,64,43,34,53,85,70,66,59,46,85,39,138,134,87,128,70,137,155,111,74,64,89,96,144,170,127,118,128,141,106,129,162,118,163,151,162,151,132,151,39,28,28,39,46,53,85,156,147,134,130,184,126,152,96,132,155,95,158,210,145,152,185,124,172,89,138,151,132,161,127,124,146,147,107,122,64,117,159
95,66,89,119,101,87,89,144,140,68,167,87,82,85,92,89,96,95,61,90,127,105,105,105,119,70,70,66,72,70,39,46,39,21,34,28,28,28,28,118,66,76,130,92,78,141,119,103,93,76,85,109,130,181,143,85,122,99,85,87,53,46,56,99,46,68,95,99,74,114,95,39,101,144,101,95,46,114,117,95,129,175,186,152,135,107,150,129,101,164,96,128,110,134,156,156,151,124,120,164,117,84,61,64,105,98,119,59,127,160,182,157,109,64,165,162,169,80,119,68,148,128,90,159,153,167,133,128,158,164,123,92,127,133,139,156,159,107
96,39,53,39,61,80,50,82,151,76,70,56,56,59,39,53,76,80,131,101,98,92,122,72,90,61,53,70,50,39,39,107,28,78,98,46,39,34,93,157,160,132,133,119,127,122,136,157,21,92,137,78,90,90,114,76,89,50,135,61,106,98,21,28,50,151,95,92,150,109,129,141,129,125,107,93,98,114,74,152,116,123,132,89,140,87,162,162,160,114,92,148,128,105,161,144,112,149,126,110,93,56,103,130,138,152,122,166,120,191,96,158,127,109,167,162,173,143,131,139,142,171,118,117,134,107,90,93,146,151,90,178,134,129,172,130,140,157
97,21,21,34,66,50,46,78,0,139,116,68,53,76,56,53,56,56,68,46,89,46,74,46,39,39,39,43,80,70,34,92,142,107,95,70,21,84,120,137,99,109,149,110,106,144,112,124,85,116,137,85,116,134,59,111,145,116,135,110,99,56,101,53,89,118,128,149,28,129,99,136,78,128,144,123,106,98,147,138,154,127,128,130,164,142,151,128,125,144,89,145,110,152,182,164,125,117,164,98,194,64,109,116,105,117,130,74,119,172,201,74,195,136,130,178,176,117,149,112,127,161,84,89,112,173,159,124,202,164,137,163,114,98,128,123,154,175
98,28,34,21,39,53,28,50,85,56,90,66,99,64,56,53,61,68,61,68,102,39,56,68,85,87,96,143,87,68,64,106,118,93,84,138,66,43,78,99,144,102,128,155,132,93,151,56,144,119,126,89,154,93,112,110,50,99,102,78,66,99,68,103,139,134,93,80,143,153,138,123,102,120,160,134,92,131,158,117,170,154,138,118,124,131,151,96,106,56,152,115,130,137,142,101,140,144,125,133,89,70,53,143,107,143,120,138,184,149,150,87,137,129,116,134,186,160,128,118,111,107,68,163,141,132,173,163,129,128,150,140,146,130,102,109,173,124
99,39,59,39,53,56,21,34,106,43,39,43,53,34,28,46,82,50,101,115,80,102,119,92,105,103,110,96,109,99,98,120,53,109,84,39,107,95,92,109,103,107,106,103,143,196,116,118,155,130,123,99,109,56,59,133,46,135,90,92,66,158,136,165,199,109,128,151,136,130,151,98,142,87,135,114,114,68,153,143,154,107,145,84,120,145,96,118,125,118,122,154,105,135,123,117,135,105,111,111,72,89,118,143,157,153,160,123,159,119,158,132,127,101,128,154,175,140,92,131,175,120,172,136,138,174,122,177,125,173,146,134,134,162,116,163,110,93
100,82,111,167,39,118,74,61,59,21,43,34,43,56,46,78,98,103,126,92,111,102,103,126,68,66,76,95,72,61,84,95,61,120,64,82,80,116,66,101,87,118,116,115,141,111,92,144,150,87,93,70,34,34,151,98,102,140,99,70,74,64,150,166,82,169,126,186,119,118,103,147,162,101,76,106,191,85,116,141,178,109,92,43,134,144,114,39,99,124,132,144,135,152,120,102,134,159,61,176,165,132,119,140,151,149,95,116,111,160,149,192,96,122,103,170,167,129,173,162,172,146,93,106,160,105,166,120,114,109,102,131,125,116,95,95,87,107
101,98,64,53,114,53,101,92,98,85,186,125,92,135,111,120,114,89,117,112,106,122,98,111,99,117,74,84,43,56,106,56,84,151,87,148,148,143,68,125,70,131,150,132,142,107,90,118,142,123,64,84,110,56,133,70,123,78,99,89,99,195,70,156,132,68,93,101,123,161,126,125,131,96,123,119,120,93,155,159,150,109,87,110,120,127,53,28,158,162,85,146,117,115,127,140,149,156,142,116,101,160,111,154,164,151,122,163,117,148,156,78,137,160,128,162,154,85,151,74,50,101,151,171,158,163,105,132,136,122,124,136,155,144,130,146,182,180
