0,122,131,144,120,101,120,140,144,140,144,144,147,148,149,150,150,151,149,149,147,147,159,151,119,118,144,149,145,146,147,145,145,144,144,144,143,143,140,139,151,147,122,123,136,136,136,135,138,137,135,136,134,136,135,132,147,137,114,116,127,129,126,124,120,123,120,118,116,116,125,125,106,107,112,112,111,111,110,110,110,107,106,102,84,92,99,99,98,95,95,93,93,92,95,85,84,126,112,103,118,133,135,142,160,170,173,170,179,172,172,173,172,170,170,175,166,170,178,177,172,180,177,177,181,180,182,183,181,180,175,178,173,175,173,176,167,174,176
1,125,126,129,132,132,138,156,148,112,111,139,152,149,149,151,152,151,150,151,151,150,151,149,148,147,155,167,134,114,129,149,149,144,144,144,144,144,143,139,142,141,138,135,145,156,125,110,133,136,132,133,135,134,132,132,132,133,130,127,144,138,111,112,123,119,119,119,118,116,117,115,111,111,126,117,98,109,111,111,107,107,106,106,102,106,107,84,78,96,95,93,92,95,90,89,87,128,126,103,119,132,143,140,164,169,182,186,167,167,186,178,186,178,174,184,186,181,180,173,175,175,177,176,173,177,182,170,182,178,181,182,175,176,180,177,176,174,177
2,124,126,131,134,135,138,139,142,144,143,155,167,137,112,126,149,154,151,151,150,150,149,148,147,148,147,148,149,147,145,160,152,117,115,138,146,140,140,140,138,138,137,136,137,135,131,135,138,157,133,110,124,131,128,127,129,127,126,126,126,126,126,119,138,128,109,111,119,118,117,116,115,112,112,110,110,111,125,107,96,107,109,106,106,103,102,102,101,103,95,76,87,95,92,89,87,124,130,106,117,141,147,153,174,190,147,109,87,99,119,125,141,156,193,143,184,175,167,167,174,173,169,174,170,179,180,179,177,180,176,179,183,183,178,175,168,176,172
3,127,129,130,134,136,139,139,142,144,144,147,145,147,150,148,161,164,129,112,135,152,151,151,149,151,151,151,148,148,145,144,146,144,142,149,161,133,110,123,137,139,137,135,136,134,132,135,134,131,130,131,126,151,137,110,115,126,126,126,124,123,122,122,122,119,119,118,134,123,103,110,115,112,112,111,110,109,110,109,109,114,115,98,99,105,105,103,102,101,99,96,99,102,70,72,90,123,127,109,120,139,144,170,182,148,131,87,92,93,102,114,68,141,102,167,178,175,174,170,178,176,179,173,171,178,179,182,178,178,179,178,182,183,178,177,173,178,177
4,119,96,99,127,138,139,144,143,142,142,145,145,146,150,147,148,146,148,147,151,165,156,125,117,140,153,148,146,146,144,145,144,144,143,140,139,137,138,136,152,145,120,110,130,134,133,134,132,133,130,129,129,126,126,125,123,143,141,115,110,120,120,118,119,119,120,119,116,117,114,115,129,114,99,106,110,111,111,109,109,109,106,103,105,112,105,93,99,101,99,98,96,98,95,95,92,119,128,114,122,139,174,185,148,50,105,130,127,119,87,72,99,95,98,112,105,128,160,146,184,178,173,171,170,175,182,182,178,178,173,180,179,179,178,177,175,173,179
5,128,129,130,138,140,120,109,114,140,144,145,144,143,145,145,146,146,148,146,147,146,146,146,146,153,169,147,119,119,142,146,146,145,144,143,140,139,137,137,136,135,134,132,136,156,132,110,118,132,131,132,129,128,127,127,124,125,124,120,118,135,136,118,102,118,118,116,115,116,115,114,112,115,112,111,124,110,95,106,110,106,106,106,106,105,102,102,102,107,93,93,96,96,93,92,92,118,135,120,123,145,156,158,102,110,90,102,78,98,102,118,80,92,89,87,147,152,120,114,167,175,175,175,171,173,184,183,178,178,179,180,176,178,180,179,175,175,177
6,130,132,134,140,140,141,142,142,148,147,126,111,116,143,144,143,144,144,143,144,147,145,145,148,147,145,145,144,143,155,164,140,117,124,142,140,138,137,136,135,136,133,133,133,133,132,130,129,145,145,117,105,125,126,127,125,124,122,123,120,122,119,122,116,123,132,116,101,114,116,114,115,114,112,109,110,111,109,112,118,103,93,105,106,102,102,105,101,101,96,96,101,119,84,93,90,120,133,128,122,148,160,125,112,123,80,105,111,129,125,103,112,119,128,95,130,120,153,145,96,165,173,169,175,175,184,177,183,172,172,183,179,184,179,175,175,172,171
7,130,132,136,137,140,141,143,144,146,144,148,144,147,148,152,127,109,117,140,144,144,144,145,143,144,144,144,144,143,143,142,143,140,141,154,156,131,107,124,138,134,134,133,133,134,130,128,128,127,129,126,126,132,148,128,106,117,124,122,122,118,120,118,118,117,115,116,112,117,128,112,96,110,111,110,111,111,110,107,107,106,106,111,112,95,95,103,110,111,130,186,184,162,148,112,93,122,140,125,122,154,126,95,93,93,107,84,115,64,114,142,148,131,111,93,82,109,93,89,129,177,173,172,174,180,179,180,179,178,175,177,177,180,175,177,175,170,174
8,107,134,137,139,137,143,142,143,143,145,146,145,147,144,146,145,144,144,146,151,125,115,118,144,147,144,141,142,144,141,142,141,142,139,139,136,137,132,133,153,150,120,106,125,132,128,128,127,126,128,126,123,124,126,125,123,124,139,133,109,105,119,119,118,117,116,117,115,115,111,112,111,114,124,109,95,109,110,109,109,109,107,106,106,105,112,156,159,195,160,156,134,96,129,110,116,111,150,128,144,127,122,135,126,128,110,89,127,139,149,144,122,144,120,105,93,89,110,118,107,180,170,171,175,184,188,182,183,175,179,182,181,181,180,181,176,173,170
9,135,149,158,133,107,114,140,143,145,143,144,144,144,144,145,144,143,148,145,145,145,144,143,145,149,128,115,115,139,141,140,139,137,137,136,134,133,133,131,131,133,131,130,131,151,141,114,105,126,125,125,123,125,122,125,122,123,122,120,120,119,129,133,114,96,114,116,114,114,110,112,112,111,109,109,107,110,120,109,92,105,106,105,102,103,129,197,117,99,98,111,106,127,102,110,124,74,173,177,109,139,138,90,115,96,120,89,122,145,142,152,127,144,106,107,107,118,96,106,130,120,177,179,184,185,176,187,184,180,180,177,182,176,181,182,177,175,176
10,130,135,138,140,138,143,154,164,144,114,110,137,147,146,144,145,145,145,144,145,146,144,144,144,144,144,142,143,144,147,128,114,114,135,136,135,131,132,129,128,129,129,127,129,127,128,127,124,133,150,133,106,110,124,123,122,122,122,122,119,118,119,118,116,115,119,131,118,96,106,115,110,110,110,109,107,107,109,110,107,110,114,103,93,132,186,92,106,101,84,117,112,122,92,127,82,72,68,103,116,107,103,118,93,78,89,122,126,144,175,175,178,152,140,118,128,125,105,115,106,152,145,161,180,190,184,188,190,177,183,181,182,181,185,180,178,178,182
11,135,139,140,142,142,142,142,144,146,141,142,152,165,150,122,107,129,144,146,144,141,144,144,144,143,143,142,143,139,140,139,137,134,134,138,120,107,106,127,130,126,128,125,126,123,124,124,125,125,125,125,124,120,141,143,119,96,116,119,118,118,117,117,116,116,115,115,114,114,112,123,114,98,101,107,107,107,109,106,106,107,103,105,101,188,144,61,119,78,80,138,106,89,70,114,107,80,78,89,93,103,117,64,50,80,110,106,118,126,172,184,185,190,122,125,109,133,120,109,133,133,168,114,164,184,186,190,189,180,187,176,179,175,180,177,182,182,186
12,136,142,142,144,145,144,144,146,146,144,145,144,145,142,142,142,144,157,156,128,107,117,140,143,143,141,141,143,140,140,141,137,135,135,133,133,128,128,127,133,120,109,102,124,125,124,124,124,119,124,122,123,123,120,122,119,118,122,138,132,109,101,117,118,116,116,115,115,112,111,110,111,109,110,118,116,101,93,107,107,107,105,105,105,167,111,66,89,134,118,123,85,136,93,118,107,106,114,85,82,95,66,50,56,87,103,117,126,178,180,164,187,206,190,123,112,130,118,98,103,164,144,133,119,185,190,188,188,183,169,180,175,175,175,175,184,186,183
13,123,101,116,144,146,148,145,145,144,144,145,144,142,144,144,144,143,143,140,140,137,139,151,160,141,112,109,134,137,138,136,138,134,136,133,134,132,130,128,129,127,125,125,125,130,122,107,101,124,125,120,119,118,119,118,119,117,117,116,117,118,117,125,134,119,96,110,114,114,111,111,110,110,109,110,110,107,109,111,114,101,90,103,106,152,112,90,96,93,93,78,70,98,112,111,118,109,103,102,95,127,59,50,76,85,93,111,144,204,150,122,112,182,194,155,107,115,93,98,96,87,133,158,139,130,191,187,188,188,180,180,180,183,182,178,188,182,183
14,138,139,145,158,164,143,115,107,134,149,147,143,143,144,143,144,143,144,140,140,139,141,139,142,138,137,136,146,160,151,123,105,122,131,133,131,129,132,129,129,127,127,126,125,125,124,125,120,124,130,116,105,99,120,120,118,117,116,116,118,116,116,117,116,114,114,114,128,120,102,99,112,110,110,109,110,109,107,107,105,109,105,107,114,109,129,96,93,84,70,72,177,106,135,128,76,80,110,144,118,126,53,43,74,80,87,76,107,114,46,50,53,107,139,127,105,92,92,105,118,102,115,124,146,151,189,184,188,192,184,184,190,186,188,189,190,184,189
15,135,134,137,140,142,144,144,144,151,162,158,131,106,114,141,144,143,144,140,140,142,139,140,142,142,142,141,140,138,139,134,130,134,151,152,129,102,111,127,129,126,124,129,126,125,124,124,124,123,120,119,118,119,122,126,112,103,101,115,115,112,114,112,112,112,111,111,112,111,111,109,118,120,110,92,107,110,109,106,106,106,106,109,103,101,115,111,84,78,78,84,196,128,162,119,111,99,101,142,117,124,56,64,59,68,84,89,120,92,21,21,76,85,144,140,87,84,85,85,107,109,143,95,70,125,110,189,180,192,186,185,188,188,180,188,182,184,184
16,136,138,139,141,139,140,141,142,140,143,142,142,143,145,153,164,151,119,102,122,142,143,140,140,141,141,141,138,139,136,134,133,132,130,131,130,126,125,137,152,140,112,103,123,126,126,123,124,124,122,119,120,120,120,118,117,118,116,118,124,111,98,102,114,114,112,111,111,111,111,110,111,106,107,107,109,118,112,96,96,105,110,111,127,122,98,140,133,114,103,103,34,164,161,156,173,102,159,134,140,117,74,50,61,64,74,92,129,145,78,84,146,167,162,103,87,84,87,92,103,85,99,132,143,133,138,192,182,188,187,184,192,187,177,186,183,184,185
17,138,140,140,137,141,139,137,137,139,140,139,141,139,143,141,141,139,142,139,143,153,160,140,110,106,126,134,136,134,132,131,132,135,130,131,131,131,129,129,130,128,127,123,129,148,144,117,99,115,119,122,120,118,118,120,117,119,117,116,117,116,114,114,116,118,102,95,106,112,112,130,117,116,116,112,103,106,110,117,111,117,124,116,135,110,125,127,160,177,133,115,61,64,167,134,192,151,170,137,162,144,72,56,53,56,59,72,120,148,190,194,188,182,160,134,70,74,87,90,89,105,117,109,139,145,173,167,187,188,184,190,186,191,182,182,182,180,183
18,159,154,129,105,114,132,139,142,140,139,138,138,139,139,138,138,138,140,137,138,138,137,140,138,136,142,154,156,131,103,105,127,132,130,131,130,132,131,132,128,127,128,127,124,126,124,123,122,123,139,144,119,96,109,117,119,117,118,118,116,117,116,115,115,114,114,112,114,116,112,101,118,170,135,167,175,175,162,157,156,138,137,132,117,120,131,134,154,167,133,155,132,72,144,150,119,165,160,155,164,80,64,50,56,61,61,68,90,132,139,151,149,151,128,129,105,82,93,95,93,114,102,119,109,125,151,158,164,188,191,183,187,175,188,181,181,180,182
19,137,138,139,139,140,150,158,156,126,103,110,131,138,142,136,136,137,136,136,135,136,134,135,142,155,134,135,133,133,131,131,137,152,147,118,96,111,126,128,128,124,124,126,124,125,122,123,124,123,118,120,120,118,117,129,139,123,99,103,114,114,115,114,112,112,114,111,117,112,114,133,129,170,184,145,161,157,134,130,126,116,105,106,102,133,136,128,112,120,126,106,89,95,144,164,158,184,175,163,141,64,64,50,61,70,61,68,70,95,115,118,123,96,122,115,126,80,84,110,107,128,112,135,140,141,137,147,143,155,187,188,188,179,180,186,186,184,181
20,138,138,141,140,140,139,139,137,138,138,136,145,160,156,129,107,111,129,138,136,142,151,154,129,125,135,131,132,128,132,171,182,176,150,123,127,126,137,151,132,107,101,115,123,125,123,124,122,120,119,120,120,118,118,119,119,118,115,116,123,133,120,99,101,114,112,117,126,145,148,171,140,161,99,133,139,128,133,124,114,87,116,106,116,107,105,92,80,70,76,70,68,80,70,151,142,185,174,160,117,61,56,66,59,68,74,78,66,66,80,84,95,115,118,114,111,110,90,102,127,130,120,111,143,132,135,141,159,125,160,188,179,187,178,184,185,186,184
21,136,136,139,141,140,140,135,137,138,139,138,139,137,136,136,137,134,142,156,159,162,152,169,131,131,147,175,195,183,187,182,178,191,180,167,176,139,120,123,122,119,119,124,141,145,124,102,99,118,122,120,120,119,118,119,118,117,115,117,112,116,114,111,110,118,150,160,190,188,178,120,150,139,132,131,118,120,124,134,90,93,112,105,80,115,98,102,70,61,56,61,70,53,61,92,92,149,175,151,56,96,61,68,80,72,87,85,80,74,74,76,85,98,101,103,98,92,89,99,106,107,126,116,135,131,119,126,136,138,161,149,177,186,182,182,188,186,182
22,107,135,142,141,137,138,136,135,137,136,137,136,137,136,136,136,139,89,148,144,146,165,138,157,190,173,173,161,156,153,162,167,167,161,160,172,180,182,199,190,194,194,203,205,197,202,188,156,134,140,133,110,105,107,117,117,115,114,112,111,143,161,178,183,178,170,203,175,164,130,133,149,148,140,127,123,122,136,95,68,105,103,105,92,98,99,76,64,70,72,50,64,50,66,82,76,105,138,103,61,76,70,80,82,76,82,90,85,93,82,80,80,80,89,102,93,89,90,85,87,98,112,131,136,131,144,198,206,199,199,205,204,181,182,186,187,185,184
23,135,144,156,153,128,106,102,124,136,138,136,134,136,133,135,136,132,145,140,150,186,196,181,170,147,156,172,172,156,152,151,160,133,117,136,142,146,160,163,156,160,163,178,176,184,169,180,176,195,185,188,190,195,195,189,179,169,187,194,188,186,192,175,184,175,170,170,125,147,151,143,144,132,144,123,141,107,122,95,80,114,107,109,109,102,106,84,78,64,61,72,61,70,87,93,84,78,95,66,56,68,72,87,78,74,76,87,101,90,89,76,89,95,90,90,102,106,93,107,87,110,122,127,131,154,219,193,144,164,167,168,173,212,177,186,183,182,183
24,134,133,135,133,134,132,133,138,156,160,140,110,99,110,127,183,186,189,182,177,178,161,167,163,166,163,157,144,136,152,144,131,107,98,95,123,126,134,138,139,140,145,135,143,150,160,176,182,168,176,194,188,184,178,199,181,173,188,168,172,179,148,180,160,164,180,135,143,164,143,137,139,135,151,136,131,127,127,103,105,96,120,114,114,116,105,110,90,72,84,85,70,84,95,103,78,96,82,64,53,68,82,74,82,84,78,89,80,70,76,53,76,90,78,89,72,96,74,78,103,123,119,124,141,208,195,158,99,109,172,213,206,185,195,184,183,185,182
25,134,133,133,138,136,133,133,133,134,133,133,133,131,145,170,180,170,151,164,156,163,156,162,152,156,151,138,141,117,142,115,117,98,93,66,101,102,98,103,117,118,126,127,136,135,160,157,147,169,170,178,174,156,164,146,166,173,156,176,162,154,159,122,127,160,155,125,139,142,118,114,138,149,140,133,133,133,127,115,116,115,131,134,119,125,119,114,120,107,103,92,84,90,92,89,72,116,78,59,56,80,70,82,85,72,87,84,74,72,72,72,66,101,74,59,78,74,89,122,112,111,116,134,186,199,185,170,85,39,34,96,178,175,178,183,184,181,180
26,135,135,135,133,135,135,134,135,134,133,134,133,165,168,157,149,151,144,149,147,145,136,126,130,135,127,120,112,122,119,124,115,107,105,76,66,72,78,96,90,112,103,110,111,137,152,156,138,162,156,123,140,137,150,144,142,164,176,164,151,149,105,148,139,184,140,125,153,149,138,139,134,131,148,130,107,101,106,116,129,126,127,110,101,133,129,127,125,119,109,92,95,106,102,96,110,109,68,59,46,61,78,78,80,76,68,80,72,74,53,66,82,70,82,80,98,92,112,101,93,106,123,188,189,191,189,167,151,61,89,111,115,139,125,177,182,178,177
27,110,98,111,130,139,138,137,136,134,135,134,143,168,144,137,144,152,149,130,136,127,125,114,112,112,110,103,95,103,124,105,92,101,102,87,93,72,66,61,72,80,92,85,84,141,117,109,136,142,123,141,119,146,159,150,145,156,167,166,157,146,137,132,185,157,142,166,140,154,145,153,135,142,126,125,132,111,114,116,124,137,118,119,110,133,119,129,132,128,95,99,105,107,99,102,105,101,74,66,43,43,85,70,74,82,72,70,70,59,76,72,70,82,84,95,95,96,95,78,82,95,120,181,205,206,204,179,173,188,190,195,146,150,133,170,178,174,178
28,133,135,137,148,162,161,133,109,98,111,128,173,127,134,125,138,144,135,122,107,111,105,111,112,102,92,101,92,117,112,107,111,117,107,117,66,99,85,56,66,78,85,87,96,142,141,154,167,147,133,146,160,164,154,147,160,151,151,126,145,151,161,154,148,144,151,134,143,153,130,128,143,150,119,127,111,122,135,132,111,128,111,106,122,138,128,142,119,112,107,110,103,93,107,109,85,87,74,64,46,43,74,76,76,85,82,66,64,72,68,72,64,102,84,80,84,78,68,50,74,87,130,205,210,210,194,197,180,146,184,172,118,148,167,181,178,176,177
29,135,135,132,134,134,135,134,134,130,135,144,131,144,136,142,136,141,120,118,102,106,114,103,90,90,89,85,96,99,114,87,124,96,96,99,123,87,84,93,102,110,115,167,137,125,116,156,164,151,143,176,138,146,144,149,158,160,147,156,132,153,151,167,145,141,155,134,138,131,135,120,144,118,127,117,126,120,146,137,119,127,125,106,111,144,126,140,111,128,112,105,118,106,116,106,90,90,74,56,50,43,66,72,68,78,70,66,64,59,61,56,66,78,85,74,72,68,68,64,66,112,192,215,209,195,175,160,142,103,117,109,112,125,147,180,178,179,180
30,135,134,133,133,133,133,134,134,132,133,143,126,151,157,144,140,131,116,123,119,120,98,90,82,84,78,92,96,115,99,109,120,105,90,93,111,101,98,111,116,120,164,138,123,150,156,155,139,160,168,160,146,136,167,144,148,161,155,144,146,151,158,147,119,162,150,151,120,140,119,123,118,124,132,124,111,152,151,125,107,116,96,112,131,119,137,109,118,110,109,114,102,93,101,112,95,80,72,64,59,50,78,68,66,74,68,61,68,64,72,56,66,68,61,66,66,76,82,68,82,154,195,173,131,93,92,82,70,53,72,59,80,115,126,170,172,175,180
31,139,133,132,129,130,131,128,130,129,130,134,134,156,158,146,135,128,101,101,99,93,93,85,80,80,82,89,99,96,106,124,109,109,105,112,107,110,103,124,135,151,143,134,156,161,144,136,144,153,142,153,144,144,128,136,142,153,149,157,127,134,151,131,144,153,135,133,117,109,119,117,127,127,118,110,123,151,144,106,131,111,93,136,106,151,130,95,92,102,96,107,103,101,95,107,82,82,72,59,61,50,56,72,72,61,61,61,61,53,66,66,64,46,50,53,56,53,59,59,72,82,118,74,66,82,84,99,102,117,106,107,72,99,161,165,166,170,175
32,107,78,68,78,103,125,131,132,130,131,127,147,156,147,141,123,110,110,87,84,82,85,82,93,85,93,93,96,95,99,117,101,93,109,89,92,109,115,126,150,140,106,160,146,139,132,142,150,136,155,142,123,135,151,151,139,139,149,126,128,132,139,135,165,143,138,133,112,142,118,123,133,95,109,117,155,127,103,122,137,230,237,138,135,114,136,110,114,96,122,106,95,101,90,96,76,74,74,68,59,50,53,68,68,66,66,53,53,53,64,50,64,53,53,53,46,53,50,53,61,70,68,84,90,99,105,95,106,110,114,61,92,174,164,170,171,173,174
33,126,128,127,129,128,132,141,129,98,142,122,149,135,141,130,123,115,120,126,115,114,116,102,95,85,89,93,98,105,95,110,98,109,115,118,111,110,133,148,132,112,151,142,138,132,142,154,141,140,124,125,128,135,135,120,145,137,151,131,143,119,134,151,137,138,117,131,137,117,129,124,120,115,107,151,144,149,110,115,149,235,220,146,124,124,126,109,96,110,95,107,89,102,98,80,78,85,76,68,56,50,53,64,61,68,64,56,46,53,59,61,46,59,53,50,46,53,56,72,70,74,64,76,92,103,106,90,98,111,142,173,162,170,160,165,165,170,173
34,124,126,128,127,127,127,127,127,128,143,142,123,127,124,134,135,136,134,129,122,130,124,116,119,99,80,89,102,98,93,99,114,115,122,126,112,126,144,140,124,141,130,118,124,130,134,122,135,134,125,122,137,122,135,114,137,147,111,110,114,138,111,145,146,130,116,139,128,126,124,119,115,107,134,157,132,119,125,124,220,228,139,112,115,120,110,93,109,114,98,109,105,76,90,92,85,80,76,72,68,64,61,64,66,61,56,56,50,46,46,53,53,43,53,53,56,64,74,92,99,98,84,76,72,82,92,117,126,179,179,173,169,166,170,161,169,171,175
35,122,125,125,124,125,125,126,125,127,137,155,135,127,142,141,144,136,131,150,134,134,132,122,114,110,102,92,89,80,85,93,115,129,128,109,119,148,131,134,140,135,130,124,123,115,111,130,129,111,117,117,128,118,110,132,133,132,119,123,120,118,136,140,125,125,146,109,129,119,109,123,122,119,134,140,135,103,102,103,228,227,138,133,126,110,107,159,106,103,87,99,78,82,90,76,92,82,78,68,72,68,76,72,68,61,61,64,56,43,43,53,53,56,56,59,64,76,90,85,106,82,70,74,84,155,173,180,179,181,182,176,176,166,165,163,173,170,175
36,117,119,120,123,122,123,120,123,128,130,153,144,144,156,141,144,118,137,132,133,134,132,107,110,116,116,95,95,89,92,101,110,130,129,127,141,144,130,136,136,125,123,125,110,114,124,132,129,120,117,124,106,120,116,126,122,133,114,109,96,117,131,119,130,120,106,105,112,101,103,117,129,129,138,122,127,125,123,160,218,216,135,114,112,118,118,103,96,95,92,99,68,98,85,80,76,87,89,72,82,76,74,82,72,66,64,72,66,56,53,50,53,53,68,64,64,78,92,66,70,59,66,122,182,181,184,182,184,184,184,179,176,172,163,160,170,170,173
37,156,150,129,102,87,90,99,115,146,141,155,151,154,144,143,133,129,133,137,133,126,119,118,109,114,112,98,92,93,95,107,131,132,126,120,117,123,126,133,124,123,106,118,124,118,126,119,127,128,125,103,119,130,117,124,114,119,107,115,118,136,112,124,105,107,106,98,95,95,107,134,115,117,138,127,126,122,101,188,218,206,142,119,116,123,106,95,99,99,98,80,93,98,87,84,90,89,84,74,82,78,66,84,68,72,70,61,72,59,56,59,61,66,64,74,61,70,59,61,53,70,153,178,179,184,186,185,185,184,184,178,174,168,170,159,170,166,179
38,125,124,125,124,122,120,127,143,157,148,156,149,156,146,138,132,133,138,134,131,126,120,116,118,99,105,102,92,95,98,109,124,131,128,115,117,116,128,115,120,120,95,112,124,122,117,120,127,118,112,118,109,119,111,123,106,95,119,114,99,117,118,109,117,101,105,110,116,116,114,114,106,134,122,128,114,92,116,185,218,177,147,116,109,117,106,95,101,98,105,93,89,84,82,92,96,92,84,68,76,76,76,84,74,78,72,85,74,76,70,64,76,70,89,74,82,64,72,64,76,137,171,179,182,175,180,182,181,190,183,175,173,168,170,162,168,169,175
39,125,125,124,124,120,120,122,119,161,122,138,135,157,148,139,133,150,144,140,119,125,120,119,118,112,99,95,90,84,92,105,123,127,120,115,103,115,106,123,117,98,109,119,110,111,106,119,105,106,123,118,126,112,114,101,103,93,92,95,103,110,105,105,99,98,106,115,95,115,107,106,118,134,124,120,110,116,120,192,218,153,111,115,101,115,103,118,115,95,96,99,99,89,76,87,93,80,89,72,72,72,74,74,80,70,74,70,78,76,74,70,103,92,80,82,98,87,89,80,117,169,178,178,174,182,179,183,183,184,181,175,172,167,169,165,169,174,176
40,123,125,123,120,119,118,120,118,167,135,151,144,135,153,152,142,148,144,120,115,119,115,118,116,118,99,90,87,76,96,90,120,127,123,116,107,112,116,118,103,106,119,107,106,96,98,106,112,118,107,111,119,96,103,90,101,82,93,85,95,106,87,96,95,98,101,98,114,101,106,102,147,125,119,110,117,114,140,213,208,144,120,110,105,96,105,103,66,99,92,89,87,93,90,89,90,87,70,70,85,74,76,76,74,76,80,78,82,84,74,76,84,87,103,102,110,89,70,146,165,173,181,179,182,182,180,184,184,186,184,172,167,168,170,170,176,168,178
41,115,122,119,118,117,116,117,117,157,129,134,143,137,151,140,154,137,142,119,116,117,118,117,118,106,93,89,89,76,96,95,127,116,123,115,114,107,123,117,109,109,114,110,115,90,99,101,96,102,93,107,102,95,90,89,90,72,82,92,92,92,87,84,87,95,93,92,93,109,93,118,127,115,107,116,111,114,134,211,215,134,119,103,95,101,78,107,101,102,90,92,96,89,85,92,89,84,80,72,76,87,68,64,70,80,76,72,82,89,87,84,89,99,92,101,84,87,161,167,167,176,180,181,178,184,182,178,183,180,187,175,175,166,171,167,176,172,176
42,146,157,151,134,115,93,87,126,150,126,138,139,126,127,133,137,133,128,99,109,111,118,111,111,106,90,84,84,92,106,93,124,123,119,124,124,125,106,106,125,112,105,106,96,106,107,87,85,84,87,95,87,87,66,72,74,82,72,92,105,96,89,74,85,84,87,90,99,95,103,132,112,110,110,114,95,102,159,195,206,149,109,103,98,89,101,105,106,99,76,89,90,92,85,85,93,82,72,66,80,80,68,59,82,85,90,82,76,87,82,74,87,89,78,78,70,185,169,162,168,167,181,184,180,182,180,173,182,177,179,179,169,169,172,170,171,179,182
43,120,119,120,118,118,114,114,175,142,131,127,117,124,136,135,128,124,109,96,103,117,112,116,106,98,92,76,78,111,96,95,120,126,128,118,119,127,107,123,115,89,110,109,103,101,99,92,89,89,84,78,85,80,84,70,72,78,72,109,110,87,84,66,76,74,80,84,98,99,106,114,103,109,107,101,102,110,131,203,188,176,119,105,93,80,93,84,89,99,84,85,85,85,82,80,89,76,66,70,70,74,70,72,80,89,89,72,84,85,85,68,82,78,82,74,182,175,172,168,172,170,181,182,177,182,180,177,174,172,175,174,172,173,173,172,169,176,176
44,117,116,116,115,112,110,110,160,129,129,124,120,124,107,82,106,110,110,106,102,96,109,99,101,90,85,84,85,112,105,99,116,116,112,114,133,132,124,93,109,101,105,101,87,90,82,87,78,82,85,84,89,78,68,89,76,68,74,107,92,92,82,61,64,68,74,80,80,87,105,109,93,95,101,99,99,99,129,165,161,152,107,90,95,90,80,92,80,74,76,82,78,82,76,84,78,84,74,74,72,76,70,64,78,90,85,87,59,72,87,66,74,64,66,185,177,169,171,175,172,175,178,181,180,175,181,179,175,175,174,166,168,168,171,174,179,179,182
45,112,114,112,112,111,110,107,152,138,125,141,133,127,124,118,103,96,102,95,101,96,95,92,89,84,87,66,107,114,106,112,107,111,103,117,119,118,125,107,90,106,96,95,98,92,90,87,87,84,74,76,80,80,72,78,72,76,85,109,84,74,66,68,61,56,56,76,82,82,87,95,87,98,90,89,96,89,111,128,191,154,106,93,82,76,72,74,80,74,80,76,80,82,82,80,89,78,64,70,80,72,70,90,70,89,92,92,85,64,74,84,82,72,95,188,180,172,167,174,175,175,179,185,178,170,181,179,173,170,173,171,173,170,172,180,180,181,185
46,98,103,109,111,109,105,130,146,126,115,133,128,131,118,124,109,89,105,78,82,87,87,76,80,82,70,61,120,118,107,110,110,111,107,95,111,116,105,99,93,105,103,107,84,82,87,89,87,87,78,68,59,70,61,70,68,72,93,111,85,80,80,64,72,59,50,72,76,84,93,87,89,89,84,98,87,87,93,106,165,159,103,82,82,84,85,84,72,78,78,76,74,82,74,70,74,74,72,70,78,76,78,80,76,82,93,85,84,64,74,87,72,80,175,180,175,173,176,180,171,175,171,170,175,167,165,172,171,170,167,169,174,175,180,182,173,182,184
47,120,130,140,141,139,130,138,143,133,115,139,127,126,123,110,90,93,103,82,74,78,80,72,70,68,61,78,124,126,103,105,99,114,114,99,114,109,106,109,95,89,84,84,85,84,85,74,95,92,89,76,68,56,61,84,70,68,99,85,89,80,72,61,70,61,85,76,74,80,89,92,85,90,96,85,82,90,92,102,157,151,103,87,78,74,89,72,80,76,87,68,70,80,74,74,72,78,82,78,72,76,87,70,80,87,82,82,80,78,68,87,87,125,178,167,164,164,166,162,168,167,167,168,171,170,171,177,170,170,168,176,171,173,180,184,189,184,184
48,114,111,110,107,106,106,136,136,118,131,127,119,114,115,109,101,87,96,76,70,72,59,66,61,53,85,99,111,98,110,101,106,101,98,112,112,109,110,117,102,95,82,84,85,95,87,68,46,76,90,84,80,78,68,70,61,66,84,84,82,87,76,68,72,74,90,84,72,68,90,89,80,82,84,90,78,80,103,90,135,133,107,78,78,68,74,70,78,56,61,68,64,72,74,72,66,70,70,80,76,70,74,80,76,92,78,80,76,84,64,72,78,180,174,162,170,167,160,167,168,167,171,171,170,173,167,176,170,170,168,170,170,175,179,181,189,188,186
49,110,109,106,107,105,107,156,112,110,118,119,114,112,102,90,82,74,82,70,64,59,56,56,59,103,101,102,114,102,105,95,98,111,96,99,105,90,95,109,103,107,115,98,74,66,76,68,68,64,66,72,82,85,78,64,61,61,72,78,87,85,74,72,72,92,92,90,80,66,89,76,70,72,80,85,74,78,72,85,101,122,101,82,80,68,61,70,72,56,56,68,61,78,80,61,61,70,61,80,72,78,78,70,76,85,76,76,72,74,76,78,162,160,164,158,167,164,164,169,169,167,167,169,173,177,175,177,165,173,173,169,171,175,179,183,186,186,187
50,105,106,106,103,105,103,142,126,107,105,117,109,93,85,85,80,64,70,84,80,80,66,72,96,112,111,117,107,92,106,99,92,99,90,92,112,105,109,103,114,106,95,98,90,76,56,56,74,78,68,64,82,74,85,66,64,66,76,98,80,80,66,66,90,92,93,92,80,72,70,66,68,72,80,70,85,70,74,78,96,84,99,80,72,72,66,56,59,50,50,64,64,68,59,61,64,68,53,64,70,70,78,72,74,82,80,78,66,76,74,130,171,166,166,165,164,164,164,166,168,170,170,171,174,178,177,175,167,168,175,173,170,178,148,182,179,178,188
51,89,92,96,101,99,99,148,123,92,82,102,98,96,72,66,80,66,76,87,78,68,78,105,123,116,122,112,111,107,110,93,90,74,78,96,103,87,76,98,98,99,99,103,84,85,72,74,61,56,66,78,68,85,80,66,74,68,74,93,85,72,72,82,99,96,89,89,78,76,59,53,61,66,72,72,68,74,66,78,84,74,102,70,66,64,59,56,46,43,53,46,53,56,56,53,59,70,66,46,74,66,64,68,64,74,72,76,68,66,78,179,169,167,168,170,168,161,162,170,165,170,169,168,173,175,172,176,166,173,173,168,174,172,176,181,182,183,187
52,110,111,119,125,132,138,146,89,66,99,106,93,80,76,92,92,76,93,98,85,76,111,129,131,132,130,136,123,126,98,87,95,84,82,96,87,85,78,92,84,93,102,98,92,80,84,64,68,61,50,66,61,61,76,66,82,68,76,101,89,68,80,101,93,92,74,72,72,74,70,46,46,70,61,61,68,76,64,74,80,78,72,74,68,61,66,50,43,43,43,43,56,66,39,46,43,46,43,53,53,56,56,59,64,68,72,70,74,68,74,171,170,173,164,165,163,163,160,164,167,167,163,167,173,175,172,175,168,174,169,172,175,177,178,175,180,186,178
53,106,105,103,103,102,99,109,85,112,119,103,98,92,101,99,96,89,96,89,82,111,142,133,141,156,160,151,142,123,111,98,85,82,87,95,82,99,87,80,76,84,76,85,87,95,82,78,68,61,66,59,59,68,59,66,76,64,85,102,87,80,87,92,93,80,64,66,68,61,64,56,43,50,64,59,50,46,61,74,66,74,61,68,66,61,59,46,46,46,43,39,34,34,39,28,39,28,28,43,59,56,56,56,64,64,66,66,74,80,173,169,170,169,164,163,163,161,156,160,166,161,164,169,175,172,168,169,174,174,175,171,174,175,176,174,182,183,180
54,103,102,102,102,99,99,98,125,125,110,110,92,93,98,103,98,112,101,87,133,142,151,173,142,130,165,159,158,134,119,106,84,95,93,90,95,82,96,85,87,87,89,84,80,78,76,76,64,82,68,64,66,61,56,53,64,61,82,106,84,85,92,93,78,78,59,78,74,56,50,39,34,43,53,56,61,66,59,53,50,59,53,46,56,56,53,50,46,46,43,39,34,34,28,28,28,28,28,34,50,59,59,68,80,66,68,68,74,98,171,170,173,172,169,165,158,164,156,161,156,164,168,164,169,163,169,175,172,169,171,169,173,166,168,164,171,174,180
55,101,102,102,96,98,98,103,124,107,107,84,87,114,105,109,112,110,99,155,160,151,135,80,56,66,56,66,155,152,142,115,117,87,78,98,96,95,80,93,84,84,90,85,87,74,74,61,72,70,59,64,70,59,64,66,66,64,80,112,84,84,85,80,80,84,93,92,80,85,61,43,34,50,59,56,59,53,61,46,56,50,46,43,53,50,39,39,39,39,43,39,39,28,28,28,28,21,28,34,50,56,59,72,78,78,66,66,76,164,169,170,170,178,173,171,166,166,163,156,160,166,162,161,167,174,164,167,170,167,169,165,166,167,165,166,173,174,176
56,80,80,87,90,93,95,103,130,111,99,99,110,120,122,109,109,92,149,155,128,74,34,53,56,59,59,59,56,101,141,135,156,124,89,92,92,82,85,90,78,87,89,87,85,72,70,68,64,82,66,61,76,70,70,66,66,66,78,95,80,74,89,95,101,103,103,99,72,68,61,56,50,50,43,53,59,56,64,53,43,43,56,59,46,50,43,39,39,39,39,34,34,34,28,28,28,21,28,28,46,56,56,64,80,89,82,74,174,161,172,169,173,170,172,163,160,161,160,157,157,159,164,161,171,173,173,167,172,174,167,169,166,164,166,170,173,173,173
57,101,103,102,106,110,118,120,115,101,99,124,133,122,123,102,87,140,137,87,21,21,34,59,61,59,56,59,56,53,107,136,147,144,95,105,82,95,101,85,95,70,80,76,80,76,72,70,78,82,78,64,66,72,66,68,72,78,107,114,64,61,102,87,107,96,87,74,74,70,70,56,56,50,43,50,61,61,56,39,46,39,53,56,59,43,43,39,39,39,34,28,28,28,28,28,21,21,21,28,56,66,59,59,59,85,85,156,160,164,162,166,166,167,167,160,158,166,161,153,162,160,172,167,176,173,169,178,173,174,172,169,173,173,172,166,177,178,176
58,102,101,99,99,96,96,93,116,110,123,128,133,127,120,116,112,110,72,43,34,28,39,61,66,64,59,59,53,53,56,90,127,102,127,111,107,109,68,74,78,92,82,74,123,93,80,74,80,85,82,76,82,64,61,64,70,93,110,95,59,50,90,98,80,90,87,80,80,80,84,66,59,50,53,53,70,68,64,43,39,34,53,59,53,46,50,39,39,34,34,34,34,28,28,28,21,21,28,39,59,56,66,64,59,66,151,154,152,153,151,154,160,164,161,153,151,159,156,156,167,170,170,169,171,171,167,170,173,175,174,169,170,173,170,165,175,176,172
59,98,99,96,96,98,95,99,111,110,131,138,114,129,119,95,106,64,82,50,28,39,53,59,64,68,56,59,50,50,46,53,98,110,130,109,89,96,85,66,59,61,53,84,66,64,53,64,64,72,72,72,68,59,56,76,84,120,110,107,70,66,59,84,87,80,93,95,87,82,72,72,56,50,50,64,76,70,68,50,39,43,56,53,53,50,39,46,39,43,39,39,34,28,28,28,28,28,34,39,50,61,61,66,66,152,149,151,156,159,156,153,152,160,160,151,144,146,158,160,168,167,168,167,172,167,171,169,173,173,173,175,164,175,164,156,169,163,168
60,96,98,96,93,92,89,128,125,112,118,120,130,120,96,89,72,82,84,50,39,43,59,66,66,61,56,53,50,53,46,87,90,99,101,96,87,85,92,72,56,78,72,84,95,56,74,68,68,66,56,82,72,105,99,85,92,114,85,96,82,66,61,82,92,99,85,87,85,85,74,72,59,56,50,61,72,78,72,56,46,39,66,50,39,53,43,43,43,43,39,39,34,28,28,28,28,28,43,50,56,64,64,64,133,158,149,159,154,156,158,157,156,157,158,161,163,167,164,166,166,170,168,171,170,164,170,165,173,170,173,173,168,170,166,160,158,162,166
61,78,76,72,76,80,89,112,134,110,122,112,124,95,84,74,87,82,89,50,43,59,66,72,66,64,53,50,50,53,76,87,87,89,93,95,92,80,98,118,46,28,28,84,46,56,61,46,53,64,50,34,53,89,89,89,92,99,85,74,76,76,82,74,93,98,87,74,72,80,76,70,61,56,61,66,66,87,78,70,50,43,46,46,46,50,53,43,43,46,46,34,34,28,28,28,28,28,34,43,50,64,59,72,159,158,151,160,156,153,157,160,155,155,160,162,164,167,161,164,168,165,169,178,178,164,159,159,165,173,180,171,164,160,166,168,169,179,173
62,96,93,93,93,92,147,89,124,120,116,119,96,95,84,82,82,70,80,50,43,59,78,80,74,61,53,43,50,56,85,85,85,84,85,85,89,93,78,98,50,50,56,80,59,59,72,68,85,61,59,53,64,53,56,64,78,74,76,74,70,78,80,80,92,95,92,82,80,84,78,78,66,66,72,61,64,89,90,82,64,53,53,50,50,46,43,53,46,46,43,43,34,28,28,28,34,39,39,50,64,66,59,155,158,160,156,164,159,160,160,154,156,160,164,165,160,164,160,168,170,165,172,176,170,164,164,165,168,167,162,157,162,164,160,164,170,167,181
63,95,93,93,93,136,131,101,128,105,111,122,96,93,74,74,82,84,64,53,68,78,90,84,74,64,56,50,50,72,74,76,70,68,66,70,78,87,87,87,80,64,50,46,39,43,53,74,68,53,89,53,70,61,50,43,61,61,64,61,59,78,89,89,92,87,78,82,84,82,74,78,74,70,76,64,70,80,105,87,76,72,64,59,56,53,50,46,53,53,46,43,34,34,28,34,43,43,50,53,64,64,92,157,155,159,156,161,162,160,162,156,156,157,170,165,164,167,166,164,168,167,170,167,163,162,162,167,167,165,173,163,165,164,150,170,172,170,173
64,92,92,87,137,125,114,111,126,105,107,115,111,92,80,74,78,78,59,50,76,87,98,92,78,66,53,53,53,85,85,84,82,87,84,87,87,89,93,92,92,95,84,66,59,53,46,39,39,28,59,39,50,50,43,50,46,56,61,53,56,72,80,70,93,85,76,85,74,74,72,72,72,76,68,72,80,84,87,84,87,72,68,64,56,56,56,56,64,53,53,46,43,34,50,43,50,64,68,68,74,74,148,151,156,160,161,160,164,162,160,158,152,164,161,163,167,168,163,161,165,169,173,172,163,161,163,170,167,170,173,170,170,168,173,167,160,173,172
65,89,87,144,141,125,114,116,124,109,122,115,90,85,78,78,82,61,50,56,76,103,112,96,85,76,59,59,74,82,80,84,84,85,84,85,85,87,89,89,89,87,90,89,85,76,72,64,68,72,59,59,53,53,53,56,56,59,56,50,50,66,87,78,95,80,82,82,72,76,72,76,72,74,68,84,93,92,93,82,84,70,70,59,68,59,59,56,59,66,59,53,53,46,59,64,61,74,70,68,76,141,150,155,156,160,159,165,162,163,162,158,156,164,166,164,165,166,157,152,151,164,167,167,157,151,155,166,170,170,172,170,165,170,167,173,170,166,163
66,85,90,134,133,119,87,123,125,101,107,103,92,80,76,78,74,64,46,70,99,114,119,107,95,78,66,56,78,78,80,78,80,82,84,84,84,84,84,85,85,85,87,87,87,87,87,87,87,89,89,85,84,87,89,90,89,85,87,76,68,64,89,90,84,78,89,76,74,76,70,78,72,78,72,96,103,107,107,102,87,84,72,72,59,66,56,56,53,53,53,53,61,59,64,72,72,72,82,74,109,140,147,151,151,159,158,162,155,155,149,156,151,156,156,156,157,162,152,158,156,150,154,153,149,155,150,164,170,173,175,173,168,173,173,168,169,158,170
67,92,122,133,119,125,109,124,138,106,96,96,92,82,78,95,64,68,56,70,112,119,126,114,101,76,64,66,72,74,76,82,78,78,78,78,82,80,84,84,85,84,82,84,85,85,84,87,85,87,85,89,89,87,89,89,90,89,90,89,87,89,90,85,89,87,85,74,68,72,76,74,68,74,76,92,114,116,115,107,98,92,76,70,66,59,50,46,53,56,68,70,64,61,76,76,80,78,84,103,93,141,144,148,150,153,154,152,151,138,156,151,150,156,159,153,151,152,144,144,149,147,151,144,144,154,151,167,167,170,169,169,164,175,175,175,170,170,167
68,90,130,114,117,133,149,164,133,114,93,87,85,72,82,84,80,70,66,92,126,125,123,119,95,72,64,84,87,93,99,99,103,101,99,96,90,87,80,76,70,68,66,68,68,72,76,78,82,85,87,85,85,89,89,87,89,89,89,87,87,89,111,89,90,82,74,74,66,70,78,72,66,76,85,85,106,116,107,114,103,95,84,74,68,43,43,50,53,53,61,74,74,72,78,85,89,101,93,102,90,141,142,144,148,151,152,157,156,158,148,150,151,155,160,153,147,149,145,144,147,145,151,145,146,144,146,160,164,170,164,167,164,168,170,174,165,167,166
69,87,116,99,96,144,165,161,140,95,85,85,84,72,76,99,78,53,61,119,134,126,133,119,92,70,76,76,78,76,76,78,78,82,80,80,82,84,82,84,82,84,84,84,84,84,85,89,93,96,102,103,106,103,101,98,95,90,87,85,84,78,98,85,82,84,76,78,72,74,76,74,68,72,84,96,99,102,99,111,112,105,90,76,50,43,50,56,59,66,87,96,96,96,98,96,89,111,92,106,84,139,142,144,151,156,154,153,153,151,153,152,154,155,154,150,144,148,142,145,144,144,145,140,141,142,146,158,163,165,162,162,161,161,166,160,159,150,164
70,89,93,84,125,170,165,144,151,99,93,105,84,74,64,95,61,53,66,114,124,144,134,115,80,74,76,76,78,76,78,80,78,82,82,84,82,84,84,84,84,84,84,84,84,84,82,85,85,87,84,87,87,87,85,84,85,87,85,87,89,87,99,93,93,87,85,82,70,74,82,78,70,72,66,61,68,87,99,96,95,89,80,61,43,59,56,64,84,99,98,78,78,78,82,80,87,117,87,105,107,140,137,144,147,150,151,147,149,146,150,145,149,151,149,148,151,150,140,144,141,143,142,133,127,137,145,152,153,159,161,156,149,161,157,154,150,151,156
71,82,76,70,125,159,135,130,142,106,82,111,89,74,46,80,50,46,101,117,132,143,117,95,72,78,78,78,78,78,78,80,80,80,80,78,80,78,80,80,82,82,82,80,80,84,82,82,82,85,84,85,85,85,85,87,85,85,87,89,85,89,115,111,103,96,92,76,74,78,74,74,72,72,50,46,78,85,87,87,76,61,53,43,59,64,76,90,93,90,89,85,84,87,84,87,98,124,89,106,101,138,133,145,146,151,147,149,153,151,145,145,151,146,147,142,142,141,139,136,123,138,136,136,128,134,143,151,141,144,160,154,151,156,155,152,151,149,156
72,90,90,89,116,150,135,110,136,106,106,116,87,89,34,53,56,76,102,129,152,144,116,87,76,70,68,61,64,59,56,61,61,64,68,70,72,72,74,76,76,78,78,78,80,80,82,82,84,84,85,84,87,85,87,87,84,85,85,89,87,87,111,111,87,92,82,74,76,72,76,76,72,72,59,50,53,56,56,53,50,50,50,56,76,82,87,87,87,87,85,93,85,84,84,84,85,118,89,101,116,127,141,136,148,147,150,147,144,146,146,144,151,151,147,145,140,141,133,137,134,127,128,126,132,137,141,142,148,149,142,148,148,148,147,155,150,151,145
73,89,90,89,111,157,117,128,115,115,122,115,78,76,50,39,82,101,112,145,141,143,129,93,74,74,76,74,74,76,78,82,80,82,84,85,85,89,92,93,96,96,96,95,93,90,90,87,82,78,76,78,74,74,68,68,68,68,70,74,74,76,92,114,90,87,85,89,82,78,82,78,72,78,46,61,61,50,53,46,39,43,50,56,84,84,82,84,85,82,84,85,85,84,84,82,84,119,84,98,111,124,125,131,144,145,144,147,147,149,146,144,151,152,151,145,145,132,131,135,140,126,128,127,133,135,140,144,146,148,146,146,144,149,148,147,147,149,151
74,87,84,85,82,156,143,102,128,125,119,117,80,74,74,46,84,103,118,145,144,147,120,98,74,72,76,76,74,76,76,78,78,78,76,80,78,78,82,80,82,84,82,82,84,80,82,80,82,82,82,84,82,84,82,84,85,84,85,87,85,90,89,135,99,102,89,89,78,74,80,84,82,93,59,66,56,59,59,56,46,53,53,66,82,82,78,78,78,78,78,76,76,76,74,76,74,118,84,80,103,119,123,131,139,144,142,139,140,145,146,144,150,151,151,142,139,140,132,133,133,132,130,132,137,133,144,144,145,148,150,152,151,141,151,152,153,149,144
75,82,82,82,80,143,142,129,144,137,106,96,74,76,76,59,76,98,123,148,160,148,125,98,72,72,74,74,72,74,76,74,74,74,74,76,76,74,76,78,76,78,78,78,80,78,80,80,80,80,82,84,80,84,84,82,84,85,85,85,84,85,87,119,112,103,99,99,90,85,82,85,89,85,76,70,68,68,68,61,53,59,64,78,84,84,84,84,85,85,82,84,85,85,85,84,84,117,82,93,101,111,118,128,132,140,137,133,138,146,142,147,148,149,146,141,142,140,132,136,129,131,131,139,137,140,144,147,151,154,144,148,151,156,154,151,156,153,156
76,84,80,74,72,156,141,152,148,148,129,92,68,70,70,70,59,93,125,156,154,149,125,102,74,74,74,74,74,74,74,74,72,72,72,72,74,72,72,74,74,76,76,76,78,78,80,78,78,80,84,82,82,84,92,84,84,85,84,84,84,82,84,115,98,118,111,102,92,92,89,85,92,87,89,68,84,84,76,64,56,70,72,85,85,84,85,85,84,84,82,82,80,82,84,84,84,103,84,95,99,106,116,120,126,130,127,132,135,139,142,143,147,147,146,143,136,133,132,126,118,125,129,139,143,143,144,147,145,151,144,152,146,148,153,157,156,155,158
77,87,87,87,84,139,134,136,142,141,131,78,80,80,82,82,53,99,117,151,139,133,122,87,90,89,87,87,84,85,82,78,76,76,72,70,72,66,68,66,64,64,64,64,64,64,68,66,70,72,76,76,76,80,78,80,80,84,82,82,82,82,84,111,117,112,99,105,99,90,96,89,90,85,90,85,87,89,80,72,68,76,78,84,85,84,82,82,84,82,82,80,82,82,80,84,80,127,80,93,95,101,106,115,120,124,125,126,137,137,140,140,145,146,145,143,141,134,126,122,122,130,137,145,145,151,146,151,147,149,150,151,149,151,152,156,151,160,156
78,85,84,82,84,117,129,132,129,132,129,74,76,76,74,74,66,78,119,141,146,123,114,102,72,72,72,74,74,74,76,76,76,76,78,76,76,76,80,76,78,78,78,78,78,82,82,82,84,84,84,85,87,89,89,92,92,92,93,95,95,98,96,119,129,106,103,98,107,98,93,87,90,99,101,89,89,92,90,85,76,89,78,80,89,85,84,85,87,84,85,84,85,84,85,82,80,125,80,98,92,99,102,107,110,117,116,119,134,132,130,143,144,142,146,144,136,135,130,116,131,137,142,142,145,146,144,147,149,148,143,151,148,151,147,149,145,154,155
79,82,82,82,82,98,129,160,132,127,129,74,74,78,76,80,76,82,117,95,93,106,119,92,74,72,72,72,72,74,74,74,74,74,74,72,76,74,76,74,72,76,78,76,80,78,78,78,78,82,82,84,82,82,82,84,84,82,82,84,85,84,84,90,130,102,102,105,99,98,103,89,90,102,92,84,99,99,99,90,96,89,80,84,85,84,85,84,84,85,85,84,84,84,84,87,82,120,85,95,96,98,98,102,105,110,106,115,127,134,135,144,142,141,142,141,134,133,137,136,132,140,141,140,143,145,148,151,146,149,147,145,146,145,148,150,146,150,146
80,80,78,80,76,87,132,147,148,136,119,72,76,74,74,76,72,56,114,140,143,130,129,116,72,72,72,72,72,72,72,72,70,72,72,72,72,72,72,74,72,74,74,76,74,78,76,78,78,78,82,80,82,78,82,82,82,80,82,82,82,84,82,123,131,105,102,101,98,87,85,92,93,99,101,93,92,106,103,85,96,82,82,84,87,84,84,85,85,84,84,84,84,84,84,80,78,124,95,95,103,101,96,99,105,103,103,110,118,127,132,139,144,138,141,139,136,135,131,141,132,138,138,141,141,140,146,151,149,145,145,147,145,150,150,150,141,148,149
81,76,74,74,72,82,129,167,151,142,128,64,66,66,66,66,66,61,109,138,148,133,137,116,68,66,66,70,68,72,70,70,72,68,70,70,72,72,72,72,72,72,74,74,74,74,76,76,80,78,80,78,78,78,78,80,82,82,80,80,82,80,80,123,109,119,102,106,93,92,84,92,95,101,90,85,115,112,107,95,99,82,82,87,84,84,84,85,87,82,82,82,84,82,80,82,76,128,98,105,101,96,101,99,95,101,102,103,114,122,128,137,138,136,138,135,138,136,136,134,134,139,146,139,145,144,146,150,148,145,139,146,146,143,145,146,138,143,150
82,87,84,85,85,82,111,147,156,152,129,76,78,76,76,78,76,76,84,131,143,150,126,130,87,84,82,80,82,84,85,87,85,87,89,89,87,89,87,90,93,90,92,92,93,93,95,92,93,95,92,93,95,90,92,92,90,89,90,90,90,89,90,102,141,128,101,98,93,84,90,95,101,95,89,110,117,123,110,92,84,80,80,93,93,95,90,92,92,92,90,92,90,90,87,92,82,120,98,101,92,98,95,96,98,93,93,98,103,115,125,135,137,134,139,141,144,141,141,143,138,143,145,145,142,143,144,144,144,144,144,136,148,148,147,141,137,142,137
83,82,84,84,84,82,114,155,149,156,131,74,74,76,74,72,74,74,68,103,145,143,148,144,107,74,74,74,72,74,76,74,76,76,76,78,76,76,78,76,76,78,80,78,76,78,76,78,76,76,78,78,78,80,82,82,82,84,84,84,82,85,84,105,142,127,101,87,84,84,90,105,96,92,89,105,122,131,110,78,93,92,84,87,84,85,84,84,84,82,84,82,84,82,85,84,80,117,96,87,90,90,93,92,90,89,87,87,102,105,114,125,130,137,134,136,136,138,137,140,138,143,141,144,144,142,144,144,149,143,143,144,147,148,148,140,128,137,144
84,82,82,82,84,80,119,145,175,141,140,72,76,74,74,72,70,72,70,105,139,132,145,138,139,70,72,72,74,72,74,72,72,74,74,76,74,74,76,76,74,74,78,76,78,76,76,78,78,78,80,78,80,78,78,82,82,82,82,82,84,84,85,95,161,124,90,92,89,92,96,102,99,93,85,112,120,123,117,98,84,76,72,85,84,85,84,82,84,82,82,80,80,82,82,80,74,114,80,85,89,85,84,89,84,89,85,90,92,98,102,109,107,117,124,128,130,137,141,138,140,136,142,137,144,141,144,145,146,142,145,142,149,148,145,147,141,134,144
85,76,76,76,76,76,119,171,177,137,139,72,72,72,70,70,72,72,72,89,119,140,142,142,145,68,72,70,72,72,72,72,72,76,70,72,70,72,72,72,74,72,74,74,76,76,78,76,74,76,76,78,80,76,78,80,82,82,82,82,82,82,80,93,179,144,98,95,90,96,87,90,92,82,84,92,120,119,112,103,70,53,84,84,84,82,82,80,82,82,80,80,76,78,76,76,68,105,78,76,82,80,85,89,87,87,80,85,89,90,103,103,109,116,123,123,127,125,133,135,138,140,139,137,136,134,130,139,141,143,143,141,148,148,144,143,144,146,144
86,70,72,70,70,66,132,172,169,161,138,82,61,64,64,61,61,59,59,64,124,152,146,137,146,95,61,59,64,61,61,61,61,61,61,64,64,64,66,66,64,64,66,64,64,64,64,64,64,64,64,66,66,68,66,66,66,68,68,70,72,72,74,70,146,142,103,93,84,80,76,70,85,80,82,87,148,119,112,98,66,46,89,90,90,89,87,85,87,85,87,85,87,85,85,84,70,103,74,80,80,76,82,80,87,89,78,84,84,93,99,106,109,110,111,114,118,118,126,127,134,133,134,133,131,126,128,137,138,137,141,143,143,146,147,138,142,141,138
87,76,80,82,78,78,125,197,182,173,141,98,74,72,70,72,74,70,70,70,120,129,135,146,150,132,70,72,72,72,72,72,74,74,72,74,76,76,74,76,74,74,74,76,76,78,76,76,78,74,74,74,76,76,76,76,78,78,80,78,80,82,80,84,141,141,98,78,68,64,56,56,84,84,85,93,128,126,116,102,70,76,82,82,85,82,82,82,82,82,82,80,82,80,78,80,64,99,64,76,76,78,70,84,85,87,89,78,84,87,92,98,101,103,102,103,106,107,110,117,120,126,126,125,124,120,122,127,133,137,133,136,137,138,137,133,144,139,139
88,76,78,76,74,78,135,197,177,175,148,115,72,72,72,72,72,70,72,70,101,119,111,144,161,146,66,72,72,72,70,74,72,72,74,72,72,74,72,72,74,74,74,74,72,74,76,76,74,76,76,76,78,76,78,78,78,78,82,84,82,80,82,82,76,155,136,99,61,46,59,78,82,82,80,96,133,142,123,115,109,78,78,74,80,80,85,87,85,89,92,95,90,87,80,80,103,106,43,53,68,74,70,80,82,90,90,80,76,85,87,92,96,96,92,98,103,102,102,105,107,111,115,109,111,110,111,119,122,128,129,132,132,134,139,143,141,139,144
89,72,72,70,70,72,139,186,169,167,141,115,70,68,70,68,68,68,68,70,74,136,101,137,155,164,93,74,74,70,74,72,74,76,76,78,80,80,82,84,84,87,64,87,90,92,93,96,92,96,90,98,96,101,102,107,105,107,112,107,109,110,109,107,107,174,155,110,87,66,85,102,99,103,102,114,135,137,133,114,82,101,96,102,102,102,101,101,99,107,102,101,99,90,92,80,96,95,66,28,43,59,64,74,80,90,87,78,76,85,87,85,89,89,87,90,93,95,102,95,92,102,96,102,105,103,106,111,110,116,117,114,125,126,120,132,132,132,136
90,99,96,102,99,99,154,176,164,154,132,107,80,93,93,93,96,93,92,90,85,143,89,125,150,141,122,90,80,98,96,90,89,87,87,90,89,89,89,90,89,90,90,92,92,93,95,92,92,96,95,96,101,98,101,103,99,98,101,98,99,103,99,107,99,190,151,112,93,78,109,102,107,111,110,119,141,133,137,125,92,92,85,76,74,66,59,53,43,34,28,21,28,28,53,70,76,87,64,92,50,28,21,66,61,74,72,74,68,68,76,64,82,76,82,76,87,92,95,96,95,95,98,96,98,98,98,106,103,106,106,110,111,114,115,117,122,127,124
91,105,105,107,107,103,139,147,156,151,122,110,103,103,99,102,103,107,101,101,103,116,102,117,119,128,115,109,105,111,101,90,93,98,96,95,96,95,90,89,92,87,84,82,84,78,72,72,70,68,64,56,53,50,50,50,43,39,34,34,34,28,28,21,0,183,157,123,101,107,21,28,34,46,56,107,141,137,124,120,89,116,129,144,127,134,137,140,126,132,137,139,136,138,142,140,153,151,158,164,160,167,182,167,151,116,56,46,46,61,70,39,64,68,72,56,56,64,70,87,87,87,92,89,92,92,98,96,95,99,98,96,99,98,103,106,103,109,110
92,21,21,21,0,21,109,109,129,140,122,110,46,21,28,28,34,34,39,39,46,74,114,110,102,117,118,82,64,72,70,64,72,76,74,80,84,82,95,102,99,102,107,110,114,116,110,114,124,115,112,131,128,125,146,139,134,139,144,139,149,129,133,143,133,158,150,116,120,110,129,126,134,144,151,141,151,135,131,122,93,138,144,158,157,138,150,143,140,144,156,159,156,153,155,156,149,157,158,156,160,161,162,162,161,170,170,174,171,169,103,89,34,34,50,50,56,56,68,74,70,80,80,80,82,76,80,87,90,84,93,92,92,89,89,87,98,99,99
93,96,96,110,106,99,39,80,115,154,125,137,119,105,105,122,111,106,114,111,122,109,72,107,92,107,122,156,123,139,137,117,119,124,123,125,129,109,123,123,122,116,119,129,116,109,118,112,120,115,101,110,102,102,115,102,103,117,114,125,115,122,126,131,150,157,141,124,114,120,120,120,137,138,109,154,159,135,117,111,101,124,132,125,133,130,120,129,127,137,141,147,142,149,155,120,120,142,149,152,161,168,171,167,175,164,173,115,105,99,43,191,173,171,171,144,99,61,50,46,34,53,64,53,59,59,53,68,70,74,80,82,82,72,80,82,89,93,87
94,134,128,142,149,152,130,72,123,155,136,119,106,127,122,112,120,118,118,127,126,124,74,66,89,111,107,133,92,142,128,129,120,135,125,114,115,115,127,117,122,122,140,137,129,142,118,124,133,111,153,128,128,130,131,122,114,136,122,135,135,140,133,127,169,159,135,126,112,123,118,115,127,123,123,157,155,136,122,112,98,154,148,136,137,132,139,137,152,136,115,144,140,139,139,140,148,146,151,151,150,159,163,168,165,168,170,164,156,92,74,61,173,178,178,182,185,184,187,171,157,135,78,34,28,34,46,50,56,61,78,72,76,74,61,68,78,82,89
95,115,114,122,114,130,122,109,124,127,103,98,90,116,117,123,110,122,133,112,127,119,119,72,82,84,78,74,74,112,106,95,106,96,93,89,117,99,109,105,102,120,129,125,124,102,110,110,120,110,96,144,148,152,142,141,156,137,122,120,134,124,136,142,190,156,136,131,124,117,129,125,123,110,128,150,151,126,116,106,102,134,127,128,144,151,142,147,148,135,131,140,133,151,153,161,161,115,136,160,156,168,156,153,160,159,167,151,167,168,160,172,149,172,175,176,180,173,175,177,178,174,173,175,183,175,152,106,50,39,39,43,59,59,43,53,46,56,59
96,129,126,138,126,119,140,102,112,122,93,78,78,141,111,115,126,105,106,115,111,107,129,101,64,72,66,66,76,110,112,98,96,101,89,106,93,103,109,114,110,105,106,110,130,95,85,87,93,99,140,144,138,141,133,136,134,144,143,132,135,119,142,142,181,156,149,141,122,122,126,120,117,124,106,151,131,116,112,99,99,99,119,131,133,116,118,112,123,131,143,129,136,143,131,134,137,143,137,151,142,147,151,146,160,112,125,159,151,160,156,159,155,170,178,151,166,173,173,176,173,127,171,160,175,180,186,144,156,180,191,182,136,90,46,43,28,43,46
97,101,96,115,107,139,122,102,89,80,78,84,70,127,149,145,127,127,87,92,114,114,87,84,90,84,76,68,70,84,85,85,90,102,66,102,95,102,106,99,98,111,111,124,82,78,84,110,117,105,125,157,137,141,141,144,120,138,128,144,150,151,109,118,165,146,151,132,110,118,90,99,90,116,115,141,99,111,111,107,112,87,96,92,92,105,112,107,122,140,126,131,133,119,134,125,129,134,126,155,166,170,168,167,143,160,161,166,173,169,174,158,152,153,159,172,157,164,173,137,149,186,172,164,173,178,179,167,123,68,186,180,182,150,192,183,185,172,122
98,132,129,101,93,102,90,82,78,76,92,107,93,68,85,98,93,99,111,103,125,112,85,82,46,72,89,78,82,53,80,106,107,118,72,87,76,118,111,98,98,90,80,76,84,74,124,109,90,78,95,115,102,117,106,105,82,96,103,148,135,130,132,170,139,127,131,122,107,120,98,93,112,132,87,129,92,105,99,116,115,74,101,87,92,106,101,95,120,116,111,112,115,111,110,117,118,136,151,151,151,153,149,164,162,169,151,154,159,166,155,162,172,174,174,170,175,178,182,184,174,170,175,178,167,160,118,128,163,169,147,84,95,117,131,178,178,173,170
99,120,99,117,120,109,102,72,56,74,78,93,112,109,84,95,90,115,116,114,122,84,84,68,53,28,46,64,56,56,84,96,95,110,120,141,120,118,119,110,117,102,92,99,116,80,78,106,92,101,114,111,124,153,101,117,119,101,92,85,85,106,95,152,124,131,133,114,117,105,127,93,117,136,109,126,74,93,102,107,105,74,87,105,112,110,102,117,105,111,93,117,117,124,119,124,117,125,134,124,126,126,120,114,109,119,175,168,156,176,178,178,170,170,175,173,165,172,167,176,176,166,170,160,160,173,160,170,184,145,164,163,167,166,161,161,167,175,172
100,118,133,126,111,95,85,135,90,70,68,85,80,64,74,130,118,105,95,90,92,107,93,89,78,80,95,76,93,93,85,80,78,80,85,90,106,76,84,119,78,98,92,80,105,89,126,105,90,96,98,99,133,162,118,127,131,98,123,138,107,98,102,127,116,122,115,109,93,105,125,151,117,111,106,119,109,99,89,95,92,98,78,109,112,103,102,114,109,107,120,112,92,95,101,109,115,128,129,131,128,110,118,117,72,93,112,134,130,133,151,178,188,186,184,179,179,175,151,174,158,183,184,188,180,178,182,183,172,176,178,176,156,177,167,156,138,165,166
101,109,110,103,102,143,140,195,93,116,107,82,109,82,109,80,117,95,95,87,89,96,98,84,96,101,84,92,85,101,109,107,99,107,90,74,85,80,92,106,85,110,105,103,84,93,92,110,92,101,84,74,84,82,102,117,95,80,127,137,156,163,117,130,110,110,99,112,84,96,115,166,160,156,151,64,142,112,107,112,131,110,101,110,109,126,101,127,103,115,107,110,142,119,90,105,95,93,127,155,146,122,109,120,120,110,115,139,150,151,154,138,156,161,158,157,179,178,180,146,180,173,150,138,99,126,157,178,178,175,178,178,176,167,172,172,170,175,145
102,74,101,90,148,72,87,61,112,103,123,110,84,96,119,85,109,96,106,107,82,76,84,107,84,70,80,80,92,103,109,92,96,90,99,89,90,90,84,76,72,87,112,90,84,72,89,85,119,98,117,90,103,89,80,110,95,111,103,101,101,142,111,167,98,107,85,90,85,90,85,114,106,106,147,39,90,132,110,120,101,123,131,87,177,164,173,168,128,102,92,93,92,123,117,93,99,96,93,106,98,107,111,118,139,117,117,112,119,107,116,124,127,129,145,139,158,147,153,164,171,178,159,162,179,169,172,171,167,171,169,170,164,159,155,158,160,160,162
103,93,111,120,95,87,129,125,109,129,114,123,87,80,92,84,85,105,116,122,124,126,131,92,116,82,92,80,80,89,101,82,90,90,70,80,78,76,78,85,111,87,89,85,89,110,72,106,84,96,76,82,90,78,87,105,132,133,132,106,107,114,102,156,105,89,99,85,126,111,95,134,123,136,156,128,106,102,109,107,96,82,98,102,124,144,162,129,148,151,131,96,101,105,99,109,105,120,137,112,101,103,98,106,101,103,115,112,122,143,107,170,148,159,125,149,180,150,147,147,150,160,150,145,141,126,105,134,148,129,156,151,156,120,138,114,124,109,116
104,92,103,80,78,78,78,78,85,85,87,85,84,87,84,92,89,87,84,93,99,95,90,105,82,123,89,102,82,96,64,90,93,93,89,87,84,93,87,80,76,82,78,74,92,101,134,84,80,66,85,80,70,82,95,115,106,107,120,80,92,130,92,43,119,118,122,118,82,183,115,105,114,118,130,130,115,80,68,70,110,93,90,122,70,169,146,123,156,114,119,92,99,101,106,95,90,90,96,92,96,93,96,101,105,93,92,89,85,125,117,162,149,133,125,127,149,167,145,153,154,166,134,152,173,162,154,165,172,164,129,129,134,114,128,138,151,132,143
105,70,68,68,76,78,84,85,89,89,85,87,85,85,85,80,84,87,80,87,85,92,96,101,99,90,80,93,93,116,85,98,90,95,117,122,99,84,109,92,80,78,85,82,90,89,80,101,96,76,76,82,82,89,74,132,119,115,111,127,118,95,118,127,110,146,133,112,122,154,126,103,101,101,105,95,126,98,56,70,82,92,85,82,46,85,134,120,99,98,118,125,116,89,99,103,98,105,105,110,98,105,106,101,98,102,102,95,99,93,124,137,119,147,122,131,142,150,127,130,148,137,149,90,152,148,138,132,136,119,117,126,132,158,144,116,123,132,146
106,72,78,80,78,78,87,87,92,82,80,93,80,80,80,90,80,78,84,82,87,106,89,85,87,92,89,87,103,78,90,82,93,92,89,99,82,82,98,115,92,93,102,92,90,98,106,90,80,87,89,87,80,85,80,80,101,85,70,72,96,87,70,102,93,93,103,103,122,92,126,111,98,96,87,90,80,66,53,76,74,95,125,101,76,90,99,145,106,102,111,107,93,85,101,109,110,89,99,112,101,110,115,102,99,110,103,106,99,102,102,105,109,125,112,151,164,166,148,145,144,131,120,120,114,133,142,127,128,117,116,111,106,115,111,106,118,139,131
107,255,255,255,255,255,255,255,255,255,255,255,255,255,255,255,255,255,255,255,255,255,255,255,255,255,255,255,255,255,255,255,255,255,255,255,255,255,255,255,255,255,255,255,255,255,255,255,255,255,255,255,255,255,255,255,255,255,255,255,255,255,255,255,255,255,255,255,255,255,255,255,255,255,255,255,255,255,255,255,255,255,255,255,255,255,255,255,255,255,255,255,255,255,255,255,255,255,255,255,255,255,255,255,255,255,255,255,255,255,255,255,255,255,255,255,255,255,255,255,255,255,255,255,255,255,255,255,255,255,255,255,255,255,255,255,255,255,255
108,255,255,255,255,255,255,255,255,255,255,255,255,255,255,255,255,255,255,255,255,255,255,255,255,255,255,255,255,255,255,255,255,255,255,255,255,255,255,255,255,255,255,255,255,255,255,255,255,255,255,255,255,255,255,255,255,255,255,255,255,255,255,255,255,255,255,255,255,255,255,255,255,255,255,255,255,255,255,255,255,255,255,255,255,255,255,255,255,255,255,255,255,255,255,255,255,255,255,255,255,255,255,255,255,255,255,255,255,255,255,255,255,255,255,255,255,255,255,255,255,255,255,255,255,255,255,255,255,255,255,255,255,255,255,255,255,255,255
109,255,255,255,255,255,255,255,255,255,255,255,255,255,255,255,255,255,255,255,255,255,255,255,255,255,255,255,255,255,255,255,255,255,255,255,255,255,255,255,255,255,255,255,255,255,255,255,255,255,255,255,255,255,255,255,255,255,255,255,255,255,255,255,255,255,255,255,255,255,255,255,255,255,255,255,255,255,255,255,255,255,255,255,255,255,255,255,255,255,255,255,255,255,255,255,255,255,255,255,255,255,255,255,255,255,255,255,255,255,255,255,255,255,255,255,255,255,255,255,255,255,255,255,255,255,255,255,255,255,255,255,255,255,255,255,255,255,255
110,255,255,255,255,255,255,255,255,255,255,255,255,255,255,255,255,255,255,255,255,255,255,255,255,255,255,255,255,255,255,255,255,255,255,255,255,255,255,255,255,255,255,255,255,255,255,255,255,255,255,255,255,255,255,255,255,255,255,255,255,255,255,255,255,255,255,255,255,255,255,255,255,255,255,255,255,255,255,255,255,255,255,255,255,255,255,255,255,255,255,255,255,255,255,255,255,255,255,255,255,255,255,255,255,255,255,255,255,255,255,255,255,255,255,255,255,255,255,255,255,255,255,255,255,255,255,255,255,255,255,255,255,255,255,255,255,255,255
111,255,255,255,255,255,255,255,255,255,255,255,255,255,255,255,255,255,255,255,255,255,255,255,255,255,255,255,255,255,255,255,255,255,255,255,255,255,255,255,255,255,255,255,255,255,255,255,255,255,255,255,255,255,255,255,255,255,255,255,255,255,255,255,255,255,255,255,255,255,255,255,255,255,255,255,255,255,255,255,255,255,255,255,255,255,255,255,255,255,255,255,255,255,255,255,255,255,255,255,255,255,255,255,255,255,255,255,255,255,255,255,255,255,255,255,255,255,255,255,255,255,255,255,255,255,255,255,255,255,255,255,255,255,255,255,255,255,255
112,255,255,255,255,255,255,255,255,255,255,255,255,255,255,255,255,255,255,255,255,255,255,255,255,255,255,255,255,255,255,255,255,255,255,255,255,255,255,255,255,255,255,255,255,255,255,255,255,255,255,255,255,255,255,255,255,255,255,255,255,255,255,255,255,255,255,255,255,255,255,255,255,255,255,255,255,255,255,255,255,255,255,255,255,255,255,255,255,255,255,255,255,255,255,255,255,255,255,255,255,255,255,255,255,255,255,255,255,255,255,255,255,255,255,255,255,255,255,255,255,255,255,255,255,255,255,255,255,255,255,255,255,255,255,255,255,255,255
