0,255,255,255,255,255,255,255,255,255,255,255,255,255,255,255,255,255,255,255,255,255,255,255,255,255,255,255,255,255,255,255,255,255,255,255,255,255,255,255,255,255,255,254,254,255,255,255,255,255,255,255,255,255,255,255,255,255,255,255,255,255,255,254,254,255,255,255,255,255,255,255,255,255,255,255,255,255,255,255,255,255,255,255,255,255,255,255,255,255,255,255,255,255,255,255,255,255,255,255,255,255,255,255,255,255,255,255,255,255,255,255,255,255,255,255,255,255,255,255,255,255,255,255,255,255,255,255,255,255,255,255,255,255,255,255,255,255,255,255,255,255,255,255,255,255,255,255,255,255,255
1,255,255,255,255,255,255,255,255,255,255,255,255,255,255,255,255,255,255,255,255,255,254,255,255,255,255,255,255,255,255,255,255,255,255,255,255,255,255,255,255,255,255,255,255,255,255,255,255,255,255,255,255,255,255,255,255,255,255,255,255,255,255,255,255,255,255,255,255,255,255,255,255,255,255,255,255,255,255,255,255,255,255,255,255,255,255,255,255,255,255,255,255,255,255,255,255,255,255,255,255,255,255,255,255,255,255,255,255,255,255,255,255,255,255,255,255,255,255,255,255,255,255,255,255,255,255,255,255,255,255,255,255,255,255,255,255,255,255,255,255,255,255,255,255,255,255,255,255,255,255
2,255,255,255,255,255,255,255,255,255,255,255,255,255,255,255,255,255,255,255,255,255,255,255,255,255,255,255,255,255,255,255,255,255,255,255,255,255,255,255,255,254,254,255,255,255,255,255,255,255,255,255,255,255,255,255,255,255,255,255,255,254,254,255,255,255,255,255,255,255,255,255,255,255,255,255,255,255,255,255,255,255,255,255,255,255,255,255,255,255,255,255,255,255,255,255,255,255,255,255,255,255,255,255,255,255,255,255,255,255,255,255,255,255,255,255,255,254,254,254,254,255,255,255,255,255,255,255,255,255,255,255,255,255,255,255,255,255,255,255,255,255,255,255,255,255,255,255,255,255,255
3,255,255,255,255,255,255,255,255,255,255,255,255,255,255,255,255,255,255,255,255,255,255,255,255,255,255,255,255,255,255,255,255,255,255,255,255,255,255,255,255,254,254,253,252,255,255,255,255,255,255,255,254,255,255,255,254,255,255,255,255,254,254,253,252,255,255,255,255,255,255,255,255,255,255,255,255,255,255,255,255,255,255,255,255,255,255,255,255,255,255,255,255,255,255,255,255,255,255,255,255,255,255,255,255,255,255,255,255,255,255,255,255,255,255,255,255,254,254,254,254,255,255,255,255,255,255,255,255,255,255,255,255,255,255,255,255,255,255,255,255,255,255,255,255,255,255,255,255,255,255
4,253,254,253,253,252,255,254,255,252,254,254,251,251,254,254,253,255,255,255,255,251,250,255,255,249,254,252,254,254,253,251,255,254,255,252,252,251,252,255,251,248,254,235,192,232,254,254,254,247,231,244,251,253,254,255,250,254,246,241,254,249,251,231,189,236,255,252,255,254,250,255,252,251,255,252,255,250,255,255,254,255,253,254,254,253,253,254,255,255,255,253,255,254,255,248,254,254,254,254,253,255,254,255,254,248,251,254,246,252,250,254,254,253,254,254,254,248,254,249,233,250,245,254,254,253,254,252,255,254,253,254,242,254,254,253,254,255,255,255,255,255,255,255,255,255,255,255,255,255,255
5,250,255,248,255,254,254,253,254,246,255,254,254,254,251,254,254,255,253,255,255,254,251,254,248,250,250,253,254,254,254,252,252,249,249,255,255,252,253,214,155,164,187,224,208,215,219,254,254,242,215,180,220,254,254,244,253,238,176,241,250,255,255,250,254,254,246,254,241,252,254,254,253,254,251,255,254,255,251,249,251,248,254,255,249,252,254,255,254,254,249,254,248,248,252,254,254,249,252,255,245,253,255,255,254,254,246,254,254,242,244,247,241,255,254,254,254,246,220,199,118,117,228,254,242,254,241,253,254,247,125,138,152,218,254,251,254,255,255,255,255,255,255,255,255,255,255,255,255,255,255
6,254,252,253,253,254,251,254,250,254,246,252,252,251,253,255,253,255,255,255,255,252,254,253,254,206,206,161,192,176,209,254,250,255,255,254,223,173,196,223,242,209,171,145,212,216,169,248,246,248,187,199,150,241,236,254,176,230,235,225,218,251,254,251,205,209,229,241,215,248,255,255,253,254,255,254,248,251,254,202,191,254,249,253,253,255,255,249,251,252,216,209,254,254,254,255,248,142,124,178,254,255,253,255,251,255,254,239,252,131,103,159,245,255,254,253,249,249,198,251,229,110,131,213,199,245,255,254,253,81,83,122,79,162,249,243,254,254,254,254,254,255,255,255,255,255,255,255,255,255,255
7,214,219,160,232,210,254,245,253,182,227,253,226,253,255,247,250,252,255,250,250,252,255,235,246,200,171,225,219,238,206,222,254,252,254,242,221,254,236,255,251,254,255,233,195,190,193,246,255,254,232,205,243,166,187,246,213,234,229,232,255,254,255,240,218,242,251,252,218,216,252,254,254,253,255,254,253,240,244,156,146,209,218,255,254,254,252,254,224,243,210,157,164,255,252,254,179,136,185,127,221,252,255,246,243,229,254,254,121,104,105,92,245,251,218,250,254,251,233,201,236,242,254,118,76,104,215,231,180,141,165,121,122,191,201,245,254,254,254,254,254,255,255,255,255,255,255,255,255,255,255
8,179,168,152,146,159,189,173,203,240,170,156,174,169,179,191,177,235,252,212,202,238,212,195,157,187,156,140,147,140,232,155,244,253,254,234,249,250,250,217,248,229,254,214,248,239,245,193,240,251,175,205,184,218,214,212,223,176,195,253,251,254,254,218,247,250,208,220,241,239,254,254,252,254,244,228,168,162,254,245,143,244,184,247,255,253,254,254,168,244,165,212,135,211,241,245,180,168,118,149,244,250,254,219,143,146,163,248,165,182,152,134,255,174,137,107,214,143,180,134,179,150,183,231,181,170,215,198,158,114,218,167,129,206,254,215,252,184,232,252,251,254,255,252,254,242,210,239,253,246,254
9,165,187,181,175,194,179,201,180,170,185,169,153,161,174,194,196,155,168,161,159,165,174,162,160,142,140,142,137,148,144,163,193,230,248,253,254,226,247,254,246,229,207,251,190,238,201,193,220,201,107,137,135,250,133,160,153,201,219,196,248,254,250,164,117,111,175,252,250,247,238,248,255,254,255,248,205,220,154,199,212,148,252,243,233,250,247,145,235,151,236,234,220,230,255,246,134,230,213,130,157,248,246,228,238,224,214,253,239,236,222,230,220,177,233,83,229,148,186,86,243,125,248,166,133,252,112,236,232,229,175,189,140,109,163,214,196,195,117,138,216,206,250,214,207,107,80,66,91,223,252
10,164,173,178,181,177,183,172,187,182,174,182,171,182,179,170,238,147,151,151,148,154,154,152,165,140,138,139,146,138,137,156,143,148,205,253,254,228,238,240,254,204,130,132,130,164,249,242,159,176,123,123,107,101,204,188,140,187,243,164,241,243,118,119,114,133,151,178,254,249,188,252,245,252,235,214,125,101,163,133,106,199,132,169,134,193,238,235,192,205,228,224,154,234,250,240,148,220,206,103,125,197,230,243,246,253,246,252,253,224,161,240,234,85,77,247,254,248,253,181,204,254,216,139,244,253,249,254,243,249,250,126,224,174,250,245,250,254,253,255,127,193,159,144,123,52,77,78,198,86,111
11,155,171,182,172,168,170,177,175,177,170,178,170,162,172,211,146,147,136,141,146,143,150,138,141,139,137,138,149,146,145,137,160,153,167,171,202,195,150,159,177,204,132,120,125,118,247,205,190,131,132,103,105,109,98,108,113,234,100,149,251,108,134,216,179,215,254,163,197,247,254,238,250,232,225,224,213,165,98,109,99,153,148,239,238,236,219,209,231,199,238,253,226,254,252,224,240,237,151,157,242,254,252,234,248,246,238,249,212,86,151,245,210,126,137,242,254,249,245,152,253,254,137,137,244,252,254,239,255,241,247,190,212,237,230,254,240,255,244,253,223,85,54,111,125,105,114,95,225,62,154
12,150,157,174,177,172,168,169,175,178,171,173,172,202,176,172,152,168,148,136,137,140,140,147,151,142,130,134,131,139,142,136,143,142,146,149,163,142,145,137,160,146,127,116,121,123,118,120,124,117,115,106,106,108,103,110,106,199,252,92,187,215,229,219,254,252,234,130,120,237,252,254,139,165,169,197,222,210,101,150,217,138,220,169,224,252,254,254,253,202,241,234,254,251,252,252,255,252,229,242,255,255,255,254,234,244,252,253,210,176,131,240,160,74,87,167,246,253,138,120,242,246,254,161,253,254,255,239,253,224,235,190,182,240,135,255,246,244,216,254,101,45,78,99,84,132,123,54,46,67,94
13,154,154,176,165,167,166,165,169,167,165,164,169,167,171,178,140,142,134,133,133,133,160,140,135,136,141,122,139,142,140,142,136,134,134,130,135,139,145,141,142,135,122,122,121,112,117,111,108,111,108,102,101,105,105,105,101,143,118,98,185,249,133,133,219,250,242,98,109,111,251,253,242,242,253,208,177,218,180,243,195,143,235,249,235,250,254,248,248,234,249,254,224,253,251,254,254,250,237,216,227,253,255,252,236,178,213,244,248,169,208,129,195,107,146,242,251,251,220,203,226,240,194,204,251,254,252,246,252,253,167,243,251,83,217,254,254,222,243,237,138,53,54,58,50,116,51,46,44,69,69
14,122,157,147,164,167,166,158,155,153,174,166,168,170,176,177,139,143,136,138,142,129,154,151,131,125,131,131,140,139,142,134,132,137,138,134,138,141,141,141,132,149,119,113,110,106,109,103,107,110,106,103,101,94,106,99,103,106,110,105,122,237,131,102,145,198,227,91,185,123,234,247,254,203,170,163,109,142,134,234,137,93,135,217,216,221,243,168,212,247,254,248,218,255,250,255,250,212,253,254,255,251,255,213,233,254,247,231,213,74,120,118,133,102,192,253,254,252,238,235,246,231,255,119,124,251,173,224,83,191,235,75,75,135,203,251,233,155,249,226,66,40,45,48,61,41,56,78,75,64,47
15,119,167,159,175,165,164,151,151,146,156,169,161,160,164,169,139,138,139,145,138,139,117,136,129,125,126,136,135,125,135,136,129,127,132,133,141,135,138,145,141,176,111,116,108,103,104,106,109,107,103,103,99,95,95,115,102,103,99,104,124,98,109,95,100,164,147,250,228,201,252,255,250,194,160,119,132,121,186,196,74,109,107,201,247,254,251,253,183,189,251,211,186,243,254,254,253,117,211,254,239,252,253,238,229,228,243,234,90,102,236,48,41,93,125,254,247,233,233,141,249,250,246,176,253,214,224,159,172,232,163,105,153,104,52,198,75,57,112,72,53,50,40,39,39,49,48,61,72,58,55
16,124,144,164,170,167,167,164,163,151,157,148,146,161,166,170,129,131,133,130,133,123,127,131,128,137,129,117,145,115,129,137,127,133,127,127,133,126,125,129,139,150,130,117,104,102,102,102,105,104,99,99,96,94,96,98,94,115,126,108,113,124,121,92,74,179,191,137,252,254,245,254,229,251,246,143,193,177,234,128,116,90,103,126,253,246,208,247,246,97,127,213,178,250,253,255,234,138,223,252,245,251,247,241,211,254,252,253,244,184,81,94,73,75,58,226,236,199,72,42,244,120,74,85,121,191,177,54,54,147,119,86,65,47,48,200,74,59,76,52,49,42,35,48,51,46,61,63,74,62,59
17,113,119,149,156,155,161,163,162,139,133,152,148,159,159,165,132,128,128,125,129,122,114,108,112,126,122,119,192,128,146,125,123,128,124,117,121,120,124,117,129,129,120,107,103,99,99,104,105,108,102,98,96,98,94,103,96,89,92,102,98,199,198,129,155,206,221,224,251,254,251,254,239,214,191,195,154,179,225,142,86,156,209,69,241,250,253,234,131,181,76,103,111,249,249,250,247,250,253,249,246,254,238,214,217,250,239,127,62,77,168,56,78,62,57,92,51,72,74,65,151,83,56,55,54,183,73,56,36,66,34,117,63,51,59,46,74,59,65,52,49,41,42,41,41,39,44,49,61,64,70
18,114,108,142,142,138,148,154,153,156,149,156,154,159,160,140,128,124,122,119,125,126,114,107,109,113,120,102,192,128,139,119,125,116,118,117,114,116,121,116,125,129,131,106,104,105,105,98,110,124,122,119,101,92,91,88,91,106,95,91,107,92,148,209,182,135,216,240,253,249,255,250,255,254,206,102,184,234,215,174,123,107,177,183,188,145,247,245,193,75,85,117,81,135,91,183,166,83,134,140,175,180,144,117,68,114,102,107,81,69,73,72,54,56,55,57,57,64,62,67,98,74,70,48,53,57,58,55,46,50,50,53,44,36,48,55,39,55,47,43,40,38,34,38,37,38,33,36,44,68,66
19,108,107,145,135,135,142,144,143,147,153,156,155,157,159,129,124,121,118,117,125,133,137,149,120,131,169,216,204,142,165,108,112,117,109,114,111,109,106,113,106,124,136,103,105,100,93,98,115,127,122,126,155,159,160,152,141,149,82,89,85,166,110,111,218,216,218,238,221,243,247,231,209,219,219,149,168,247,226,131,210,210,220,223,141,195,169,154,110,85,67,89,83,80,84,128,96,100,101,109,104,109,79,79,75,79,106,104,73,62,72,77,66,67,56,48,57,52,58,52,68,51,56,56,51,82,100,102,70,68,58,51,36,52,39,45,79,60,48,42,37,43,41,36,32,34,29,30,36,52,48
20,114,129,139,132,126,145,138,135,136,143,144,145,147,154,144,125,120,114,122,134,124,129,131,108,116,109,126,136,194,130,112,106,115,112,107,107,105,105,101,104,99,133,100,91,103,101,117,134,130,130,159,141,126,138,152,160,190,175,109,104,130,167,160,81,147,213,222,228,225,227,215,202,202,213,132,213,235,224,228,215,224,212,209,200,180,201,136,103,93,102,78,70,76,72,101,94,87,93,111,92,105,84,76,54,79,90,90,61,54,66,55,60,60,55,55,46,51,52,58,64,57,52,64,86,97,79,87,79,79,83,48,50,45,52,48,62,51,42,45,39,51,48,38,37,39,41,40,38,45,55
21,191,207,202,201,200,197,208,205,182,196,182,193,189,187,196,187,169,173,183,175,156,188,170,152,152,157,150,140,128,237,177,131,145,142,152,154,142,123,103,133,109,144,121,107,105,118,147,130,159,149,121,118,114,132,116,131,161,201,209,211,212,199,216,205,199,204,221,203,209,216,225,231,222,226,230,244,225,233,212,215,192,203,202,210,203,145,154,144,191,76,100,65,74,75,70,116,84,101,95,102,100,69,59,62,81,104,82,59,64,61,74,52,47,50,55,42,59,52,47,55,51,47,93,73,73,80,78,80,67,65,75,42,36,43,51,45,44,49,37,33,34,38,29,29,26,33,35,34,38,44
22,187,199,182,188,194,198,190,191,202,197,183,197,189,184,195,205,205,201,207,221,221,190,204,214,201,206,208,211,116,140,198,236,187,190,207,194,206,190,207,194,211,207,200,203,204,200,191,207,190,185,205,201,206,200,199,215,181,202,212,218,218,220,215,222,216,215,212,175,220,198,210,190,189,201,221,219,236,221,205,213,219,188,230,227,187,222,200,203,144,144,115,154,110,152,157,173,132,125,123,102,90,151,90,67,77,78,87,123,75,98,84,95,61,60,71,202,144,96,44,38,45,63,72,88,71,76,78,78,72,68,73,60,39,36,65,48,51,50,43,32,35,29,30,29,32,20,34,38,43,33
23,171,173,161,169,175,159,167,177,176,181,183,193,179,173,192,194,203,197,207,209,227,205,220,192,223,221,223,205,179,138,127,175,220,195,187,197,186,192,196,183,181,174,173,193,199,180,192,188,179,184,194,195,195,191,190,198,210,217,221,224,210,221,216,203,212,204,216,177,178,219,187,189,190,188,216,211,171,182,221,193,134,217,202,204,205,183,186,179,200,161,218,198,180,183,181,187,175,174,157,176,169,133,183,169,148,161,163,160,145,159,140,153,163,145,232,123,54,132,104,85,84,133,138,125,110,111,114,108,108,103,87,90,35,81,43,71,33,37,40,30,23,28,27,32,26,27,39,36,34,20
24,199,198,192,194,178,156,181,151,163,160,162,161,171,163,150,168,190,202,208,230,243,250,249,247,235,244,237,221,208,123,134,162,162,197,216,174,181,160,181,153,189,170,171,174,174,177,172,177,152,162,193,200,172,183,196,213,216,204,191,172,161,170,201,214,200,182,199,186,148,210,184,168,173,195,225,204,125,201,180,145,152,188,211,150,233,221,221,222,220,207,188,191,201,197,202,187,164,141,162,174,167,137,167,148,180,150,144,160,156,168,172,142,207,205,149,56,160,161,161,181,157,173,173,169,165,175,148,176,159,175,147,160,156,159,133,166,129,139,140,73,84,68,76,34,53,35,34,30,35,25
25,196,189,186,188,185,191,194,188,176,173,158,168,165,166,162,161,182,240,235,237,250,247,245,238,241,240,241,237,227,187,111,131,148,151,194,216,192,155,150,152,162,152,147,152,162,163,174,187,200,212,215,199,213,213,219,221,203,175,139,163,180,205,211,212,218,206,197,193,174,154,195,146,187,191,193,200,87,205,144,139,181,165,194,159,222,220,215,214,211,212,208,212,213,196,178,156,138,154,163,143,137,123,132,146,135,132,132,140,143,154,156,225,187,116,112,113,136,146,149,142,154,147,144,139,170,172,139,166,166,155,146,150,155,158,147,148,172,174,165,149,146,170,166,134,163,154,163,138,130,70
26,187,189,194,171,189,194,194,189,191,148,135,191,182,172,140,181,221,240,245,247,240,234,238,241,234,226,225,224,222,215,137,121,119,151,170,184,192,211,228,184,123,154,136,146,145,131,209,214,228,213,193,193,180,185,188,168,163,155,147,185,224,205,200,199,200,205,216,210,177,153,165,162,112,179,187,155,108,140,135,175,195,207,183,145,159,159,164,194,206,197,182,182,195,201,192,199,200,197,153,100,91,108,115,109,96,104,101,83,109,177,206,204,112,96,71,110,123,132,126,133,150,145,110,124,129,136,130,147,138,123,156,140,129,139,129,163,147,155,158,140,153,170,151,162,156,162,164,171,151,161
27,182,187,192,144,193,192,179,188,184,153,126,171,146,162,197,237,250,252,237,231,231,214,198,204,215,218,212,202,187,182,186,130,95,119,152,174,157,173,176,186,227,230,150,141,140,175,196,225,219,209,200,155,126,121,120,133,150,156,209,217,192,203,212,208,202,202,190,180,194,146,155,151,161,158,144,143,139,111,148,190,183,127,159,193,202,197,191,196,184,194,194,189,179,168,177,177,179,191,182,141,140,126,152,141,100,97,171,222,221,170,170,157,107,72,101,96,77,112,106,141,178,172,111,115,93,103,105,111,146,134,123,149,103,138,111,120,147,157,110,140,97,146,151,166,149,144,162,148,172,161
28,175,175,176,134,184,175,173,186,154,146,119,196,202,229,253,249,240,210,161,153,152,149,146,168,153,172,181,171,172,160,146,152,144,92,111,138,190,188,163,170,182,206,223,237,208,215,209,218,181,189,175,130,116,112,137,156,185,228,232,221,220,210,205,181,153,129,149,157,156,170,155,126,159,150,137,139,137,138,135,158,132,178,184,180,177,159,136,147,157,170,186,182,145,102,109,151,172,177,176,139,139,101,115,128,156,233,214,199,183,199,163,104,87,83,115,102,100,139,199,236,234,220,189,185,129,105,133,181,117,91,97,109,116,129,107,141,139,116,111,123,123,102,131,105,95,118,131,94,72,120
29,181,158,142,133,172,144,168,178,161,158,127,196,238,251,217,177,129,106,108,116,116,116,109,130,163,150,144,144,132,132,136,120,133,137,86,114,138,145,138,164,167,199,194,207,215,203,186,175,195,134,129,147,135,166,214,231,241,233,227,224,217,219,213,209,199,197,147,163,146,140,145,101,132,155,126,142,128,157,132,170,163,149,150,141,137,146,154,164,176,186,184,196,202,169,129,124,159,206,163,143,124,121,199,237,211,168,129,159,174,155,156,81,66,122,109,180,189,234,248,241,237,231,225,224,233,226,238,227,211,144,76,91,84,110,75,118,102,98,106,101,100,101,96,81,98,112,93,95,82,103
30,148,129,127,112,140,160,143,175,161,150,209,205,253,217,143,121,116,115,109,109,109,111,117,114,117,139,133,127,128,127,101,96,95,137,121,88,114,116,158,141,143,138,153,158,176,161,162,177,120,135,131,164,165,189,216,221,223,223,220,214,216,208,212,206,204,180,203,164,151,149,144,156,131,133,128,135,130,141,145,154,126,142,169,175,189,192,198,207,206,204,200,192,189,184,158,137,143,147,184,219,247,243,210,170,170,175,151,149,156,116,102,80,89,122,155,215,220,216,211,197,196,206,226,238,237,231,220,230,236,193,125,93,124,115,103,80,117,92,81,102,90,87,93,85,86,81,95,96,84,104
31,118,117,131,128,142,140,141,124,156,140,192,254,246,161,120,114,115,106,119,115,111,110,109,115,126,133,128,134,131,110,110,108,87,88,137,112,88,89,121,149,146,156,125,135,144,140,182,115,122,115,125,138,171,229,229,220,212,207,205,201,198,198,187,196,195,190,168,195,185,142,145,147,143,129,122,139,122,149,158,154,155,186,188,192,201,210,215,206,202,195,200,198,194,195,163,149,126,92,137,174,199,202,154,130,163,123,133,116,105,130,73,112,119,170,186,174,179,179,171,168,169,168,179,173,174,198,190,193,213,228,229,228,153,122,92,76,130,80,92,90,74,96,89,68,58,84,60,101,78,87
32,123,124,132,101,127,138,147,153,127,146,130,239,232,148,129,116,107,110,100,105,112,115,124,135,138,127,134,136,134,126,119,110,101,96,100,128,114,84,104,105,101,105,150,133,133,119,114,108,108,122,125,212,234,226,221,200,206,195,184,172,169,181,182,163,162,192,186,177,184,178,146,150,108,131,137,155,124,132,158,165,193,191,201,205,209,206,201,197,197,202,207,209,204,205,189,133,115,144,100,122,150,107,111,110,104,125,114,97,80,58,88,131,164,146,160,171,171,151,98,118,54,75,79,78,74,71,72,78,97,146,181,179,151,107,87,93,112,82,89,87,120,110,93,80,84,86,81,98,68,94
33,130,124,128,132,131,121,127,132,113,119,127,246,253,134,122,108,96,84,94,109,112,113,121,124,130,123,123,123,123,116,111,107,113,108,106,129,135,132,95,93,105,125,108,129,139,141,97,87,107,110,183,250,222,214,210,199,187,184,187,179,167,169,170,174,162,144,165,185,178,148,176,149,157,120,133,140,151,133,179,196,203,213,207,199,186,187,185,188,189,180,189,196,192,188,208,199,202,127,73,77,104,114,95,82,76,71,87,69,43,81,106,140,127,155,143,115,61,87,95,80,79,67,63,60,63,66,67,63,59,67,85,118,211,197,129,112,76,63,106,103,95,89,100,99,93,100,79,107,91,96
34,129,105,107,109,141,115,137,119,141,114,190,221,238,152,116,100,111,109,106,107,105,119,120,123,125,125,119,117,117,120,123,120,113,106,104,124,135,127,151,118,71,79,77,135,111,136,97,90,94,201,246,222,216,197,184,182,185,181,180,180,163,163,161,169,163,160,124,130,153,178,142,158,171,150,123,154,172,144,195,201,212,206,206,205,198,187,177,167,156,159,177,173,167,174,190,158,149,199,82,76,55,95,88,71,52,61,69,79,114,110,105,114,121,97,72,79,108,97,94,90,91,87,93,84,61,60,59,59,60,69,76,74,139,179,232,101,118,62,107,93,111,114,84,110,78,112,113,111,117,115
35,112,118,104,108,110,134,109,114,98,130,148,227,177,129,120,120,115,116,111,108,104,103,106,103,102,115,116,122,116,109,103,100,105,105,92,99,94,97,97,152,152,123,122,93,72,147,120,145,236,228,204,212,191,192,197,199,203,203,185,180,170,169,151,142,141,140,156,141,132,126,155,153,143,160,133,135,185,184,201,205,195,201,198,186,177,184,172,166,168,162,162,161,170,171,156,185,183,192,164,57,53,73,61,50,42,67,93,137,116,116,93,95,77,84,97,99,90,88,84,67,73,86,89,87,66,63,59,57,57,65,68,80,92,162,224,125,112,113,120,106,131,129,131,120,136,120,129,108,128,127
36,103,100,77,87,110,112,88,90,93,118,136,160,196,159,119,112,114,111,104,101,102,100,101,102,110,99,101,93,91,92,97,113,109,121,121,108,103,92,91,96,147,129,115,107,114,181,132,234,232,216,203,176,196,186,196,199,190,175,191,181,164,156,162,159,171,159,164,165,165,149,121,97,137,160,159,157,176,190,191,180,195,176,181,164,158,143,144,151,142,147,170,176,175,171,162,168,153,174,194,134,60,50,63,49,82,108,113,107,122,81,78,76,85,90,101,106,92,72,80,89,82,81,83,93,78,59,65,59,51,45,61,65,54,151,198,123,119,128,131,142,132,113,136,140,124,120,143,66,137,127
37,120,116,94,108,80,63,113,124,113,103,128,123,203,193,140,115,122,110,107,99,96,96,99,103,101,101,89,96,101,107,118,108,112,126,105,102,95,103,115,112,112,168,140,125,130,140,215,207,199,209,191,175,175,165,156,193,188,173,163,159,170,170,168,169,164,165,166,180,179,172,156,119,100,156,140,160,187,180,179,185,177,170,155,173,170,143,126,143,163,168,179,175,170,175,151,150,166,158,165,163,158,61,88,123,115,98,90,132,85,66,77,82,87,84,78,68,67,73,76,68,69,72,65,67,73,59,50,55,41,66,65,67,62,173,165,145,149,130,137,143,146,71,141,143,89,149,157,89,144,100
38,165,111,103,88,76,71,143,104,109,120,118,136,175,209,147,103,111,112,109,104,99,99,95,99,99,97,107,104,103,108,98,115,109,124,102,98,92,80,74,75,77,109,136,138,128,186,186,173,197,197,191,190,175,167,158,186,178,164,175,173,159,157,151,156,141,157,156,166,173,154,113,147,151,138,140,156,171,175,172,182,168,168,173,162,165,171,164,148,153,141,129,137,132,146,142,134,132,154,162,170,167,180,131,112,130,110,158,78,65,71,88,90,98,95,97,98,103,96,95,84,72,72,76,57,65,55,67,64,71,73,74,70,92,176,172,153,141,126,149,151,163,94,157,161,72,171,143,121,146,129
39,133,173,88,132,87,79,134,110,145,95,125,113,131,223,177,122,121,116,111,99,96,98,94,101,90,104,98,107,99,87,114,103,112,110,102,92,81,79,79,75,81,72,90,136,170,200,192,182,198,192,190,186,176,174,166,188,175,176,161,156,166,156,166,179,192,177,161,150,160,166,153,126,174,184,151,152,148,164,179,169,166,181,175,148,142,142,148,142,144,160,161,156,155,157,143,131,124,156,167,172,170,148,164,94,117,159,84,62,57,55,54,64,77,83,95,97,113,110,107,109,105,93,80,71,74,66,66,66,79,91,76,75,112,180,152,154,145,100,158,149,137,122,150,136,101,121,139,151,139,149
40,154,153,122,157,96,146,144,126,135,161,119,118,91,190,205,121,98,89,99,96,105,99,98,107,95,104,107,85,84,90,115,96,119,112,85,92,91,88,71,66,72,69,80,77,121,215,176,180,185,199,185,185,165,157,175,190,167,148,164,173,168,183,184,181,163,169,180,195,200,186,167,173,151,100,156,151,154,155,181,177,164,183,166,186,188,139,153,165,172,160,169,167,162,133,126,118,144,149,162,168,166,136,123,144,133,71,54,48,60,64,78,84,86,79,71,72,68,75,72,63,62,51,56,55,53,52,62,68,86,92,88,92,133,171,158,139,139,78,137,149,131,123,129,138,139,137,134,139,139,146
41,167,148,109,159,110,154,125,115,145,140,147,108,161,178,220,174,97,107,102,105,103,106,101,108,93,97,96,82,91,100,91,97,112,101,91,105,93,80,67,60,60,65,80,74,70,209,202,174,189,188,191,182,170,159,152,162,159,163,167,152,183,169,170,166,194,189,164,159,163,199,193,174,189,175,170,169,186,200,192,189,165,164,177,175,159,171,161,166,155,154,168,163,147,140,124,118,119,142,156,161,166,142,156,91,78,55,47,47,59,68,65,68,77,85,101,99,77,49,42,45,47,47,45,45,44,54,61,80,110,94,84,93,164,133,151,146,145,96,146,136,144,148,135,142,149,151,145,140,137,142
42,182,179,93,188,116,166,127,131,195,151,142,113,164,175,218,211,136,101,116,104,105,101,96,107,96,91,92,82,86,112,84,102,120,78,105,90,83,78,80,69,67,62,75,116,206,186,183,182,172,184,182,184,171,166,137,177,183,161,155,177,179,191,148,196,173,173,176,185,194,177,148,176,163,198,162,191,177,202,193,192,198,197,180,152,175,159,180,169,162,160,141,154,145,122,116,114,132,145,147,158,151,161,166,70,44,34,38,40,40,40,49,64,73,61,43,52,73,74,65,49,37,49,47,47,51,63,71,69,72,76,81,113,180,120,166,148,140,141,121,141,140,146,153,148,155,157,157,159,158,180
43,170,170,162,175,145,150,137,132,156,171,150,116,141,151,183,227,171,106,108,106,101,99,106,90,107,87,91,74,98,111,90,91,112,95,102,76,66,61,62,64,59,78,105,171,150,123,104,135,157,176,179,175,167,154,136,175,172,154,186,173,170,122,187,184,174,188,191,190,200,197,188,210,186,204,190,213,212,210,208,202,190,174,192,176,157,162,140,158,173,150,162,148,138,135,128,118,119,139,152,147,149,145,156,48,31,27,32,41,48,50,54,53,65,82,72,42,46,61,57,44,32,48,48,41,46,56,48,45,46,54,84,139,183,145,149,148,158,156,170,160,159,158,157,163,161,160,153,151,157,180
44,170,175,163,167,155,140,129,148,156,151,151,104,140,157,154,208,196,137,109,109,101,103,93,92,109,88,89,72,90,119,102,98,100,100,84,58,72,66,69,63,69,84,147,124,67,81,97,102,116,151,184,161,161,153,160,163,172,174,151,155,142,182,175,179,194,189,197,179,166,175,184,186,181,212,186,202,205,190,185,190,188,188,192,178,164,159,163,134,152,157,143,149,140,146,117,127,133,143,132,139,139,162,175,155,69,33,26,24,27,34,48,64,62,53,79,89,53,39,55,51,32,44,44,60,69,66,66,61,68,65,112,196,164,155,165,161,156,160,159,151,158,159,167,191,162,164,179,189,220,209
45,159,168,163,159,142,116,126,117,146,153,153,98,135,146,160,187,217,187,117,109,108,101,98,105,101,93,85,76,94,116,107,97,89,91,61,91,58,77,75,67,85,112,135,90,75,66,82,109,110,132,188,147,161,156,168,175,178,166,179,158,144,165,188,187,185,181,188,176,203,200,213,220,215,181,198,200,186,224,201,210,176,173,182,167,174,155,149,148,132,133,157,136,145,130,123,116,127,132,126,136,110,61,70,109,122,67,40,40,37,46,43,58,74,73,61,77,106,66,42,56,62,53,70,65,66,77,76,70,64,79,133,180,162,152,134,152,151,162,155,157,165,194,184,202,195,203,224,210,205,199
46,147,129,118,141,145,156,137,136,158,162,162,99,121,164,164,197,181,196,140,115,102,105,104,100,97,99,87,83,99,119,107,108,98,82,86,53,70,57,55,56,78,118,111,76,71,48,50,77,169,113,163,164,147,146,157,164,166,171,158,170,184,148,177,187,177,185,188,190,193,212,217,202,210,206,198,164,201,209,195,183,204,182,173,180,146,163,161,151,145,147,138,164,148,148,123,129,128,122,147,107,79,71,49,40,95,83,59,37,44,51,49,49,51,69,75,63,65,105,75,53,66,62,66,65,74,75,80,73,72,121,200,175,175,165,173,167,172,170,165,168,208,201,191,193,203,193,169,179,194,198
47,167,161,155,158,161,138,129,119,145,137,151,100,114,165,146,174,164,216,186,140,105,107,96,99,102,103,93,83,103,114,109,109,88,74,52,58,59,44,51,73,109,115,95,82,60,95,63,61,137,126,184,160,132,136,144,148,154,126,175,169,175,170,187,189,180,202,197,206,203,209,203,206,204,220,191,188,206,191,215,213,180,192,170,169,163,160,146,165,171,126,136,139,153,127,128,118,109,134,108,83,83,38,48,29,61,75,82,46,44,61,56,56,61,56,60,76,69,61,81,74,55,69,53,62,66,69,75,82,105,175,211,178,180,175,175,188,186,187,203,218,224,206,208,210,221,213,210,212,196,189
48,158,162,157,161,173,170,127,132,149,128,143,130,145,169,182,182,147,168,218,172,112,101,102,100,102,107,101,86,115,100,121,100,63,57,73,57,39,59,72,62,74,99,93,85,58,94,65,56,78,120,175,167,150,121,132,143,134,156,142,167,144,194,186,186,194,197,206,199,220,203,227,225,203,215,196,210,209,206,195,200,192,180,173,162,149,166,161,138,152,146,135,130,90,134,106,105,109,123,94,137,91,20,11,32,71,67,66,59,47,36,52,59,50,64,60,55,77,72,56,57,72,56,55,64,66,67,75,101,158,206,222,214,207,216,217,213,218,218,219,212,215,221,226,216,202,202,206,199,192,166
49,175,176,173,174,166,174,115,120,176,183,174,169,156,152,159,168,164,132,189,205,161,114,100,105,100,103,101,84,120,91,121,79,74,82,49,41,65,58,34,63,84,87,86,81,74,38,25,40,102,171,171,155,155,146,133,130,115,174,148,178,156,195,180,180,189,195,205,211,217,230,214,199,178,173,198,204,220,203,221,208,201,189,184,175,165,167,176,153,143,141,134,137,112,83,100,84,115,123,113,150,67,46,64,44,53,78,48,37,43,52,28,47,56,39,59,53,53,84,54,58,62,59,49,52,60,71,88,134,192,223,219,224,225,222,220,213,207,200,205,204,198,192,206,202,197,201,191,174,173,168
50,180,176,182,181,186,181,121,130,183,171,179,163,174,176,187,182,176,139,112,223,222,187,126,97,98,95,94,83,120,106,101,74,69,42,49,61,46,42,61,74,75,67,57,75,71,38,46,37,104,175,158,138,133,167,154,130,132,167,174,167,176,190,175,185,188,194,206,212,222,224,211,241,237,207,210,223,206,210,210,201,196,202,165,156,159,146,163,159,162,140,134,136,102,100,105,99,109,122,107,89,30,9,36,46,59,50,67,27,21,29,38,31,28,54,45,67,63,48,55,73,55,60,70,72,83,97,131,172,196,203,197,197,199,189,187,192,189,199,197,204,203,192,193,184,185,189,189,195,185,179
51,193,182,186,178,181,180,119,124,177,188,185,187,189,181,180,184,177,183,150,147,234,235,182,125,104,93,84,85,111,108,82,62,50,61,64,49,48,57,66,71,54,62,64,64,71,85,52,86,145,172,166,136,130,141,150,127,175,172,174,181,179,191,189,180,177,203,207,223,231,223,224,209,206,209,207,187,203,201,210,194,215,202,180,181,169,146,165,151,149,129,137,149,97,110,113,108,110,129,133,51,7,9,10,50,35,46,37,46,21,24,22,28,31,24,47,49,70,70,60,57,84,55,53,61,72,105,149,187,185,163,175,167,176,175,168,165,164,165,158,175,180,187,175,170,178,179,180,174,174,180
52,183,179,181,179,176,182,107,111,177,178,181,175,175,179,196,186,183,180,205,136,182,176,211,188,156,106,95,86,109,121,59,57,66,58,48,57,72,57,68,53,66,59,58,64,66,96,87,149,183,177,173,149,137,138,151,158,178,174,191,179,178,185,208,194,205,205,229,231,222,228,226,227,225,226,224,211,200,217,201,197,214,209,206,178,147,164,145,153,142,147,154,139,122,105,113,113,119,141,133,56,8,4,22,18,37,31,41,36,40,14,24,25,17,16,36,43,58,70,60,65,90,55,68,79,107,150,163,185,165,137,133,151,147,134,154,143,150,130,144,138,137,141,162,137,139,168,161,161,163,144
53,141,160,171,166,172,167,110,104,169,167,169,179,176,184,159,172,179,176,187,157,178,142,190,201,195,166,149,119,125,130,56,66,62,45,58,63,71,71,53,66,63,59,66,66,72,80,143,190,188,192,175,163,144,142,150,150,179,178,188,179,206,208,207,202,195,229,224,229,226,228,223,225,219,227,206,224,223,210,229,220,201,191,212,177,191,154,152,148,149,168,128,131,123,125,112,125,108,144,155,93,31,20,34,25,30,32,31,37,37,23,8,32,32,38,18,40,63,69,66,65,75,77,76,127,152,172,159,166,150,142,126,134,142,145,140,132,130,145,146,137,133,126,132,150,160,140,161,167,137,136
54,165,167,160,158,149,136,133,139,163,168,167,177,176,176,170,175,142,154,168,219,124,109,133,170,197,194,179,164,152,135,82,100,98,91,78,77,67,80,81,76,69,77,64,86,59,146,167,184,187,194,174,177,157,138,155,158,175,187,179,204,204,202,203,214,222,219,236,229,231,229,220,227,237,225,238,221,222,217,214,199,226,205,196,194,182,170,158,153,168,141,131,132,129,116,143,111,122,147,137,143,70,43,26,36,8,33,33,37,48,47,23,5,23,47,57,48,39,71,66,76,82,94,118,155,178,159,143,113,121,143,137,124,114,126,129,130,123,116,134,142,146,149,141,119,127,141,136,149,114,89
55,166,169,172,168,158,140,133,133,136,154,159,167,171,157,166,166,173,174,175,176,115,134,114,139,146,207,197,192,169,102,100,178,153,139,108,129,99,97,107,94,92,84,84,78,42,154,193,177,190,188,178,186,166,148,154,169,178,182,188,207,204,206,226,219,208,227,228,231,231,239,241,244,232,241,227,209,209,221,235,197,220,209,207,202,187,182,174,152,167,157,133,132,120,136,139,109,126,139,165,150,111,50,45,37,20,24,46,34,51,54,55,32,38,23,80,83,66,56,70,73,84,126,155,175,163,167,131,73,91,120,141,131,116,98,115,122,142,132,133,137,137,141,149,163,152,118,121,128,145,120
56,169,168,171,158,167,176,171,167,164,166,169,161,175,169,160,174,165,170,179,179,142,156,102,96,131,195,170,203,181,99,177,198,184,165,131,128,137,123,143,152,122,100,74,68,84,170,184,187,182,167,185,184,168,162,152,181,188,186,197,200,210,222,216,222,234,236,233,226,225,219,214,224,214,208,210,215,210,215,199,197,193,206,195,211,186,194,173,167,161,151,141,135,137,142,117,143,138,141,161,153,134,88,49,44,33,21,34,42,48,55,72,63,43,60,46,87,105,98,96,89,94,119,176,180,153,176,116,90,80,103,121,134,122,122,124,117,111,130,123,131,138,134,126,133,142,141,127,102,139,151
57,147,153,162,160,170,142,158,153,168,173,176,175,168,170,176,183,174,170,171,175,183,119,103,104,130,200,198,208,183,132,207,193,187,174,147,131,144,154,175,174,154,137,100,74,150,183,174,189,169,170,188,181,183,172,161,185,189,198,200,205,211,212,228,238,238,240,236,229,232,226,211,209,211,211,203,207,193,190,197,215,219,190,221,203,201,186,184,171,154,163,150,138,147,124,144,125,146,132,144,147,144,78,44,46,40,32,24,42,44,52,90,78,77,72,77,80,97,124,128,135,104,151,174,160,141,131,110,103,89,80,93,122,135,115,117,119,105,106,114,114,119,133,139,127,129,121,123,133,110,134
58,174,161,173,162,168,163,162,154,148,168,168,166,165,164,148,165,163,180,173,168,189,83,154,111,105,173,186,215,189,189,197,201,184,178,168,161,153,160,194,183,208,180,148,107,177,175,177,172,160,179,190,180,171,174,175,187,193,200,208,220,232,234,240,236,238,236,231,231,229,219,212,212,202,203,208,204,186,189,198,205,222,214,231,212,210,198,182,180,180,175,142,148,129,143,129,135,142,132,133,139,125,116,27,39,41,39,38,49,53,58,88,110,89,95,94,103,112,154,159,162,174,155,179,147,118,119,110,101,89,73,90,70,116,120,112,113,104,101,113,103,111,107,113,108,125,136,120,125,120,105
59,147,143,164,159,162,159,151,165,161,158,161,153,166,164,163,156,145,157,147,159,176,89,174,99,108,148,172,207,192,187,207,198,192,178,187,175,155,164,187,209,232,215,199,153,176,176,174,146,159,184,184,177,168,171,175,183,201,236,242,236,226,224,232,227,218,222,220,218,209,209,192,198,195,197,197,196,198,200,195,207,214,227,214,233,225,215,191,182,174,170,157,140,159,141,143,128,135,134,119,127,116,132,33,43,44,50,54,70,68,76,89,126,102,101,108,115,124,131,136,176,182,181,142,146,137,126,115,103,101,76,89,62,93,116,110,107,109,103,100,110,107,100,118,124,122,130,139,121,130,120
60,158,157,155,153,161,155,162,167,157,137,161,170,163,162,155,152,156,138,163,164,173,94,161,97,98,112,185,199,173,184,174,211,209,185,201,186,172,172,180,211,231,237,225,192,172,167,176,142,172,177,190,164,175,176,176,216,230,205,199,222,245,240,240,229,241,231,200,218,195,196,203,202,184,187,182,188,190,197,196,201,207,191,206,210,215,227,220,223,198,176,171,156,144,146,140,136,134,128,116,126,117,123,40,44,51,64,71,93,95,89,97,127,124,126,122,131,143,153,126,174,180,120,112,133,131,112,107,104,100,98,80,85,84,99,118,103,122,99,112,101,106,105,102,113,133,136,136,126,133,119
61,144,148,150,156,145,132,131,131,145,158,144,154,148,144,144,130,140,144,132,145,157,95,124,133,90,95,165,172,136,148,141,206,218,208,200,199,196,174,181,204,240,237,238,209,159,157,153,152,180,189,176,178,177,185,226,218,178,129,136,239,251,248,253,250,251,246,240,234,221,211,222,200,199,207,185,191,188,168,177,185,184,186,188,199,195,185,207,203,223,212,203,160,143,152,148,130,138,124,114,120,116,122,76,82,63,79,87,107,115,110,109,126,132,139,143,143,166,170,102,126,121,102,110,125,125,114,108,96,88,92,96,85,67,89,100,97,111,105,100,92,90,116,103,95,99,117,131,130,130,116
62,156,167,154,154,151,150,156,145,149,148,147,140,140,151,138,138,151,145,148,143,174,91,111,132,62,87,178,154,161,103,72,155,187,212,215,191,207,188,182,195,225,240,219,195,145,146,131,156,179,172,175,174,171,227,216,171,122,119,110,225,217,214,219,218,217,222,214,211,205,212,198,203,198,197,187,183,181,204,203,194,199,210,216,232,235,225,214,195,200,181,199,208,158,133,161,126,136,130,120,121,129,122,108,115,89,92,104,117,121,122,130,133,150,147,167,161,176,186,114,95,95,102,109,129,127,120,115,112,96,86,89,86,84,79,79,73,101,101,85,96,93,99,112,99,94,93,108,124,98,113
63,156,140,149,151,154,147,154,157,137,152,154,155,159,151,136,135,142,151,140,141,163,107,113,172,54,106,170,159,154,98,64,163,154,164,202,185,172,202,199,195,230,212,174,153,139,145,134,166,171,169,176,175,232,216,161,126,127,117,98,166,155,162,197,193,189,190,201,186,195,190,199,195,193,186,180,185,179,187,174,175,200,197,208,211,228,214,237,215,222,149,123,164,199,150,145,125,130,128,127,115,126,123,135,140,126,110,123,132,141,133,151,151,150,156,174,164,176,149,119,94,94,105,110,122,124,121,117,115,109,103,92,81,78,85,76,90,96,98,87,101,104,100,114,111,119,109,92,111,102,112
64,145,151,152,160,152,160,151,137,141,133,158,132,154,144,130,154,149,144,145,152,144,74,81,160,98,139,145,159,147,137,105,150,134,126,133,166,105,134,189,212,222,183,162,163,143,137,133,168,169,170,179,226,236,177,120,130,107,99,84,117,121,117,141,191,181,182,183,182,184,184,188,187,180,183,179,176,181,182,178,172,187,185,189,184,184,185,185,186,202,135,89,114,138,213,162,131,131,124,119,113,111,113,147,156,155,131,131,157,158,157,166,168,153,167,156,122,112,132,92,108,103,103,112,124,125,121,117,106,102,95,102,101,77,65,72,80,94,100,98,107,106,101,102,103,96,112,112,114,109,98
65,152,154,153,140,151,152,164,172,153,141,150,154,151,151,152,134,123,129,142,133,141,105,109,132,124,121,138,135,118,149,120,142,159,162,157,157,158,159,174,200,221,168,147,148,156,131,148,166,167,152,205,232,199,124,150,125,101,79,80,95,90,79,81,141,176,167,165,177,178,178,182,183,179,177,170,173,177,179,178,176,172,178,175,170,158,159,138,113,110,115,85,114,95,169,199,138,144,125,109,110,108,86,154,160,167,175,141,168,184,176,168,162,163,129,116,110,86,105,101,89,98,105,108,122,130,120,113,117,111,106,96,92,99,75,68,70,89,94,99,93,86,87,99,105,100,100,102,108,111,98
66,154,154,149,156,155,152,154,157,145,136,147,155,168,155,155,150,150,135,149,140,133,136,137,136,121,102,148,134,125,153,118,138,149,145,165,152,163,167,177,184,180,168,151,137,154,141,155,162,155,187,227,206,170,147,141,138,85,79,78,79,84,69,61,67,164,156,167,163,171,169,172,174,172,175,173,177,179,176,172,167,166,168,164,165,165,115,100,80,93,79,98,100,115,125,177,188,130,127,109,105,93,76,99,159,142,167,179,185,188,189,183,128,138,106,96,89,67,86,96,95,97,110,112,117,115,114,103,116,118,105,99,94,93,83,68,67,63,86,72,81,82,77,78,92,105,99,97,96,86,98
67,174,162,160,159,157,126,146,141,132,153,131,140,148,140,129,148,150,145,148,143,146,137,133,143,105,96,136,133,135,147,111,143,127,137,129,134,135,138,154,154,159,165,168,166,152,140,146,164,159,219,221,208,160,155,159,127,96,82,65,62,78,78,70,59,102,169,160,167,165,164,168,173,171,168,164,174,170,168,165,164,167,165,159,147,122,64,38,48,72,66,75,98,110,117,164,175,168,137,122,116,105,77,67,170,150,135,175,177,167,156,118,94,85,67,82,70,77,88,98,88,88,98,112,128,116,108,109,104,107,112,108,101,86,79,78,81,68,74,77,60,76,80,68,80,91,105,108,97,82,88
68,159,158,152,145,145,137,147,152,158,155,157,157,160,154,154,156,148,148,142,137,138,136,134,128,128,107,139,134,120,141,100,116,141,137,138,144,134,168,160,167,163,159,141,154,160,150,144,151,154,220,231,210,193,159,160,149,123,104,60,59,69,75,73,55,43,179,166,164,153,161,162,160,163,159,157,167,170,175,169,161,160,159,158,118,62,28,41,64,64,64,64,89,114,130,123,179,185,111,103,92,92,92,88,145,153,125,99,159,165,109,88,80,91,81,78,82,85,93,84,92,92,95,105,120,114,108,103,107,106,100,95,101,102,88,72,79,69,66,67,66,65,71,63,69,75,82,99,98,88,78
69,164,162,156,157,156,167,166,149,155,150,149,136,147,145,148,146,149,150,143,137,133,124,124,119,139,112,117,125,119,123,113,142,184,139,139,142,144,133,121,147,154,144,153,146,140,132,137,145,204,212,207,207,200,180,158,147,136,128,92,51,71,74,68,60,31,186,172,166,160,164,163,164,151,127,117,150,148,146,153,159,153,160,149,112,32,58,53,47,44,57,65,93,126,123,121,159,197,154,101,102,90,83,60,90,126,116,94,73,110,110,108,98,76,76,94,79,77,83,93,107,99,96,108,121,121,111,99,100,111,100,96,91,96,84,75,73,72,69,70,65,68,73,70,70,74,83,88,91,90,82
70,130,138,126,120,147,146,140,154,152,136,133,149,159,131,114,120,126,133,134,130,132,127,119,114,109,49,96,103,112,114,91,101,110,137,128,132,146,150,156,147,145,148,151,153,150,144,150,164,226,228,201,208,190,164,156,151,140,108,140,128,66,72,66,61,27,201,168,170,155,162,165,165,153,127,139,152,156,157,163,161,142,158,134,48,54,71,73,52,39,56,78,113,133,125,122,155,165,165,101,102,80,78,79,114,108,104,97,70,66,82,82,94,83,65,90,95,80,77,83,95,102,105,98,114,121,108,96,85,98,114,88,90,87,80,78,72,85,66,71,59,50,73,75,63,77,81,89,85,84,82
71,133,132,136,139,153,136,145,140,135,133,138,138,115,119,126,148,142,145,116,126,129,117,102,102,106,91,105,120,110,112,89,91,73,132,133,149,136,134,146,152,144,158,155,139,160,149,153,203,222,205,208,196,193,160,157,152,138,153,128,129,96,80,62,46,94,183,169,166,163,164,163,164,161,168,139,161,154,159,157,155,148,159,139,42,72,74,59,51,49,93,107,128,140,124,149,176,160,144,112,92,82,82,61,67,57,73,83,82,73,83,76,78,76,91,88,94,79,90,96,97,91,101,98,108,122,100,100,93,83,100,99,90,90,84,79,72,80,67,65,59,57,71,92,76,73,80,80,80,81,83
72,145,150,163,146,142,137,139,127,139,139,146,147,152,153,151,157,150,141,130,111,127,134,137,119,117,132,121,107,117,115,115,130,129,135,143,139,138,134,156,146,152,158,165,172,177,170,163,228,219,206,219,202,188,181,158,153,150,132,153,121,115,109,97,120,228,170,167,168,170,165,163,160,160,161,156,159,156,148,157,160,144,160,137,46,62,86,48,69,85,105,114,108,125,150,150,165,176,167,121,77,69,76,79,62,60,62,76,78,58,80,68,83,71,94,90,91,84,87,94,91,95,90,90,112,109,81,82,83,89,87,85,88,77,83,79,78,66,73,59,59,54,48,62,71,72,78,78,76,81,85
73,143,146,142,144,131,133,138,149,156,146,150,155,125,139,124,126,116,125,143,130,136,141,113,121,121,128,124,139,139,145,151,134,147,164,166,158,167,156,150,168,172,170,170,174,178,168,194,229,211,177,198,191,180,174,173,148,165,166,160,164,146,144,183,238,193,170,171,158,163,165,157,161,154,145,147,152,149,158,157,161,159,150,100,124,58,64,74,70,91,80,120,100,124,131,148,172,179,174,149,85,74,57,53,59,64,66,78,79,61,94,77,92,67,100,83,84,78,97,102,87,96,104,112,120,111,91,68,70,88,87,85,82,82,73,82,75,64,66,59,53,52,55,57,71,74,62,69,72,75,72
74,153,161,130,138,154,156,150,140,127,119,115,139,142,152,140,154,150,141,143,146,145,153,131,141,135,153,139,149,147,146,158,140,151,138,147,157,142,149,151,150,147,138,157,167,163,175,213,215,203,202,206,195,176,171,158,151,194,204,221,228,228,228,217,190,180,169,168,162,159,152,154,144,145,139,147,143,157,139,145,158,151,165,141,176,106,40,50,83,100,104,112,101,123,139,148,161,186,186,177,94,88,89,69,73,67,69,90,71,77,82,72,77,72,86,64,68,80,77,105,105,86,94,108,116,122,88,70,63,75,76,78,79,86,68,71,72,69,64,59,55,47,52,55,75,76,71,75,68,81,70
75,129,139,126,111,88,123,134,135,136,139,141,148,148,138,147,131,134,136,158,143,141,138,127,145,134,144,141,140,151,168,157,153,147,157,150,159,155,148,149,169,175,165,158,151,157,170,213,209,207,200,218,197,187,177,157,165,190,150,225,222,218,200,206,177,175,166,162,147,149,143,155,127,129,145,135,143,135,140,140,152,150,146,162,171,148,151,106,117,129,101,121,140,113,142,161,158,178,179,167,107,49,51,50,49,48,47,85,91,68,92,73,68,99,85,68,63,71,70,83,110,101,89,92,104,120,104,70,55,84,80,75,74,77,74,62,66,53,58,59,57,53,51,54,53,81,68,78,63,84,82
76,135,118,113,138,138,129,128,137,120,130,145,136,130,137,140,143,155,148,148,147,143,137,157,143,151,144,149,151,149,150,147,123,147,152,138,144,156,140,162,172,159,160,167,164,162,175,213,210,205,207,198,189,174,176,161,148,148,207,213,195,190,179,181,179,168,153,144,148,129,138,110,137,137,135,130,139,147,103,150,145,148,155,162,160,167,195,194,184,180,161,147,150,112,142,156,156,171,180,182,151,80,65,64,48,49,43,91,88,89,95,55,95,79,63,90,79,76,74,74,101,105,95,97,105,116,101,73,56,69,76,74,73,72,73,53,74,54,55,70,50,61,50,61,46,65,63,66,67,77,83
77,135,159,156,133,141,135,132,150,154,156,154,139,144,143,155,159,143,170,143,156,145,141,139,140,141,146,144,149,134,142,146,144,138,155,152,164,157,155,137,131,160,155,164,169,170,169,211,213,202,183,164,176,156,165,164,136,140,157,196,184,177,187,178,152,155,138,149,130,131,129,123,115,111,133,132,124,131,128,136,126,139,150,138,147,157,172,188,196,191,164,181,134,95,130,151,166,174,171,172,167,59,80,83,66,70,38,79,74,86,107,80,68,89,37,105,75,78,79,76,95,99,90,93,106,121,103,77,56,53,64,79,65,75,73,61,70,73,61,66,57,62,52,65,58,58,62,62,61,76,85
78,161,143,139,135,119,133,123,123,129,139,139,119,139,148,162,100,123,117,117,127,129,131,136,131,136,136,136,153,146,138,138,128,142,148,138,149,140,154,163,167,161,149,158,139,156,168,215,207,193,185,178,184,163,169,142,148,111,162,162,166,178,167,158,155,134,139,141,118,122,112,107,93,118,122,118,118,128,130,112,99,144,119,117,162,146,156,167,170,167,124,120,110,149,158,148,149,154,166,164,172,110,76,75,88,60,54,105,78,88,66,96,93,88,64,58,97,58,85,90,102,98,106,97,96,115,105,81,63,51,49,86,62,75,67,72,55,62,66,57,53,50,61,57,56,65,65,65,60,69,84
79,141,130,141,148,151,158,161,146,129,134,165,162,152,147,119,124,124,145,144,138,145,148,148,145,142,120,120,111,104,144,136,138,119,133,138,140,143,145,146,147,146,150,157,163,160,178,217,205,203,193,186,172,156,160,149,144,108,138,140,156,153,136,124,151,139,137,117,118,119,84,95,108,101,118,111,122,114,110,118,98,128,136,142,125,153,140,153,155,158,154,88,134,129,163,161,158,153,155,158,160,85,62,53,92,46,60,98,88,77,73,108,85,84,81,62,77,66,78,98,103,98,95,95,98,105,105,76,60,55,46,70,62,66,68,69,53,62,60,55,51,44,62,58,58,69,59,67,65,60,77
80,140,150,140,150,135,160,155,144,137,113,157,170,137,144,116,136,142,143,116,135,156,141,127,128,132,136,148,142,161,155,152,148,153,156,135,164,157,132,120,138,145,147,145,149,168,174,224,204,182,177,171,141,159,161,145,139,62,138,157,95,149,108,143,113,126,111,97,82,99,95,82,97,96,103,113,108,113,113,114,102,125,115,123,119,134,127,141,145,139,120,101,140,154,154,143,150,152,146,148,154,113,55,53,58,41,27,110,75,63,65,117,69,67,96,68,60,101,62,97,98,106,91,96,101,114,109,83,66,64,54,65,55,68,71,58,54,58,65,63,52,58,62,54,58,67,66,71,73,70,76
81,141,150,150,142,169,155,136,159,148,155,153,143,112,139,141,147,126,140,144,145,142,137,155,143,146,149,116,126,109,106,145,128,138,131,134,161,147,139,152,136,162,183,173,171,180,208,221,203,180,169,174,160,160,144,129,145,78,84,139,133,118,118,128,104,117,88,106,89,77,75,72,94,106,94,98,83,97,81,92,109,113,110,121,91,134,135,127,118,131,97,120,130,136,147,150,153,144,152,154,153,88,42,74,67,62,52,95,79,82,70,90,73,65,110,76,78,86,71,101,87,98,93,96,97,110,101,87,69,60,48,66,61,71,68,61,58,59,55,51,49,56,59,52,54,61,67,67,71,68,72
82,159,150,169,111,93,113,130,131,129,153,121,127,144,142,142,130,138,145,130,148,137,143,139,135,132,111,138,146,144,138,157,161,120,125,156,145,140,150,145,133,131,128,147,159,177,220,201,211,199,190,168,169,154,135,140,124,101,87,143,96,122,95,101,90,79,85,69,67,51,68,68,86,93,81,85,82,88,89,85,108,96,81,108,101,114,90,122,123,90,70,123,118,145,145,155,155,157,151,146,149,83,47,33,65,51,38,79,70,81,75,83,78,61,86,75,68,79,103,65,97,101,88,98,101,107,98,90,75,66,52,62,66,68,60,62,53,48,52,45,45,47,61,52,52,63,67,64,65,65,66
83,163,149,156,145,152,151,133,132,151,130,131,154,162,153,155,166,163,152,159,154,147,153,143,140,143,139,130,146,134,152,152,151,142,147,152,127,146,163,153,152,165,151,172,166,202,208,206,197,172,179,156,151,132,152,129,133,103,73,102,102,101,98,72,74,55,65,64,65,73,54,72,65,78,71,84,61,80,68,74,65,83,83,105,94,91,91,111,113,62,91,118,129,114,138,131,152,141,157,144,149,64,36,54,74,63,47,92,71,70,74,71,100,49,64,93,66,81,96,94,82,105,90,90,98,113,104,88,72,68,54,55,67,66,49,57,55,43,53,32,36,48,53,60,54,56,57,66,71,63,63
84,140,161,145,154,170,149,125,167,167,172,169,163,149,134,136,153,183,146,142,134,146,149,142,147,152,152,144,130,126,133,107,143,118,154,166,170,172,177,149,136,147,140,163,174,225,190,205,191,181,175,165,166,126,141,112,131,94,72,111,86,84,70,66,57,54,60,53,48,58,67,61,55,53,68,57,56,57,49,61,50,53,78,67,93,87,86,84,78,95,92,114,124,136,141,140,136,149,145,151,144,94,83,71,57,55,53,79,61,75,67,61,87,58,58,90,82,77,89,103,79,98,99,90,97,110,104,88,79,70,51,63,60,63,61,53,53,51,50,48,33,46,58,56,52,58,54,60,67,69,68
85,163,172,156,164,166,152,165,166,150,174,140,162,156,177,161,177,150,150,165,171,162,160,172,158,161,144,140,149,145,152,133,136,149,147,148,131,155,158,161,172,154,174,156,181,219,201,187,187,172,158,150,146,154,136,110,130,96,56,96,58,78,51,52,52,50,46,53,54,47,49,54,52,53,48,54,42,36,47,59,45,72,50,71,62,80,88,51,130,64,105,120,133,127,126,132,141,142,147,138,145,130,55,51,56,49,79,61,75,74,56,76,79,72,68,75,77,73,87,102,85,98,95,102,103,103,100,93,73,80,50,61,65,65,64,56,66,53,56,54,41,40,56,56,51,57,59,59,65,65,66
86,172,164,169,175,184,152,156,146,153,145,146,176,169,159,129,144,161,169,158,157,148,123,132,119,162,144,156,148,102,149,147,151,148,133,125,147,169,161,171,159,153,163,156,207,203,197,192,167,181,153,157,145,135,143,112,117,83,43,76,62,55,60,47,44,41,31,35,23,20,29,21,26,22,30,34,35,37,39,51,41,51,53,49,69,61,100,92,67,77,111,130,116,130,112,113,136,137,147,143,146,116,68,57,72,64,51,57,64,58,54,39,56,81,78,80,81,83,88,93,87,88,93,93,101,111,96,99,80,73,64,48,70,53,61,53,68,51,60,59,48,49,59,64,53,54,57,54,56,57,61
87,139,163,158,149,139,162,154,126,144,151,173,175,130,139,134,160,171,164,175,174,129,135,125,136,142,121,144,129,88,140,133,154,149,123,131,150,151,140,156,149,162,160,172,218,184,189,153,160,150,150,156,138,144,113,111,87,73,50,55,49,33,26,22,17,33,22,29,23,30,17,19,24,26,19,17,20,19,19,20,29,38,44,46,56,66,52,67,48,98,101,122,122,131,119,140,131,142,148,159,140,131,87,61,53,57,69,50,75,73,63,63,60,49,81,92,97,96,90,86,94,93,96,93,95,107,109,100,82,77,54,63,70,51,49,58,64,55,57,52,52,51,54,69,55,56,54,58,60,55,60
88,155,158,156,161,166,164,169,151,178,179,136,147,164,165,190,149,166,146,150,148,170,155,177,129,148,155,133,134,144,144,126,118,132,134,142,158,146,155,157,145,154,179,154,207,194,140,165,140,111,152,134,134,129,105,110,62,51,33,19,20,34,40,45,60,55,59,62,55,70,70,56,62,46,40,45,60,59,50,33,32,24,20,16,50,42,68,50,56,86,115,101,113,117,128,122,137,137,143,147,149,116,66,40,42,59,55,68,77,67,51,40,53,57,65,77,89,84,84,88,90,99,96,99,98,102,107,104,92,69,63,61,66,57,52,56,59,60,56,59,53,49,51,59,57,62,54,58,56,50,54
89,111,153,150,157,182,161,154,154,170,155,164,156,152,146,161,139,149,146,127,110,141,140,170,153,156,133,123,167,148,148,116,121,122,119,148,139,146,133,138,132,140,153,156,204,172,147,114,111,119,128,134,113,109,93,51,12,15,18,40,49,54,69,67,84,72,82,86,78,69,73,76,71,78,66,57,82,63,61,49,53,51,47,38,13,18,39,37,48,98,117,115,125,128,111,117,144,141,137,143,146,119,65,49,40,49,40,38,59,58,70,65,62,64,73,74,71,85,90,97,93,91,86,90,97,106,110,103,95,73,67,64,70,61,56,59,59,59,58,56,51,52,53,59,57,63,60,57,57,55,57
90,163,153,145,152,147,131,148,126,148,108,119,131,148,152,136,143,133,113,166,143,144,136,149,153,154,160,153,126,142,154,172,127,153,160,159,144,147,151,133,158,155,140,160,191,168,136,90,90,78,89,92,61,83,38,12,31,41,45,53,63,75,80,87,94,97,82,88,77,83,93,90,76,85,87,78,86,85,79,65,80,66,63,56,40,35,20,12,35,74,99,118,113,107,122,102,121,146,128,135,133,115,63,60,54,58,45,43,51,73,75,61,54,72,63,87,85,82,93,94,92,93,92,95,102,101,111,105,103,77,75,68,68,65,58,58,58,58,56,55,52,53,52,56,54,63,57,61,60,53,54
91,136,175,163,147,160,143,153,158,146,155,137,152,172,185,139,140,141,113,134,114,136,138,134,114,142,155,166,167,146,157,131,154,162,162,157,143,147,165,164,158,151,172,137,186,133,127,91,93,59,67,62,42,23,27,50,58,70,69,77,74,82,85,87,80,82,78,88,74,71,84,69,78,70,83,78,93,82,84,75,90,64,68,64,77,62,38,26,11,19,68,118,103,87,117,110,103,104,111,114,128,110,41,46,45,64,60,37,75,59,51,45,53,64,79,76,86,86,102,93,98,99,91,91,101,100,113,106,103,65,71,67,65,72,60,58,60,59,52,56,54,57,53,56,55,57,63,59,55,54,54
92,146,159,134,137,146,108,136,113,118,141,175,164,171,173,165,141,135,162,152,137,163,152,156,159,151,172,165,164,171,169,134,160,161,164,172,139,140,143,151,160,142,129,146,153,149,93,96,58,50,36,26,15,41,63,74,93,87,85,79,80,70,73,84,88,67,56,66,56,58,56,56,49,78,49,36,72,83,82,82,90,72,64,64,72,53,48,40,23,10,44,85,85,90,96,98,76,85,93,97,123,111,69,47,37,45,64,45,73,68,53,41,51,67,70,82,92,84,86,88,90,94,88,86,97,104,106,106,101,72,64,73,72,63,63,58,60,60,54,61,53,54,55,52,59,61,60,59,55,48,51
93,147,116,133,148,134,152,138,115,111,111,133,168,150,142,151,182,162,150,182,188,176,149,176,165,172,185,165,137,119,143,141,140,142,133,135,142,140,156,148,129,131,151,128,152,133,81,80,46,42,33,22,34,68,84,95,100,101,110,76,87,69,63,60,70,53,45,53,45,45,39,48,39,46,42,40,46,59,59,65,67,69,60,57,48,36,33,41,30,17,13,33,45,56,73,75,55,70,77,101,122,79,76,45,36,63,54,27,59,69,70,62,56,74,67,74,98,103,101,94,92,84,83,86,96,105,105,101,102,77,70,65,77,60,58,56,63,56,49,59,58,56,57,55,53,57,52,47,50,52,52
94,131,134,157,169,159,120,118,152,162,168,154,167,137,175,147,157,174,172,187,148,160,178,161,172,149,150,111,140,143,150,145,154,150,128,121,140,157,174,152,140,138,143,126,151,141,90,57,36,37,21,33,61,86,92,105,110,109,110,116,93,106,82,62,65,39,65,82,68,76,79,88,71,93,65,59,57,30,42,57,54,53,52,59,53,54,60,72,47,36,30,7,16,22,42,50,47,72,73,92,124,79,37,45,51,51,61,47,61,78,59,58,55,63,76,67,91,94,87,88,91,90,85,82,87,103,100,94,105,95,70,68,66,57,57,62,65,57,47,55,54,52,54,57,53,51,40,27,37,51,50
95,166,158,159,147,164,160,160,168,148,165,174,182,135,156,159,150,164,169,167,146,156,122,150,161,172,140,147,134,149,134,136,138,127,140,127,169,122,165,137,136,138,129,117,139,161,97,52,28,30,24,51,84,104,104,105,123,132,112,122,104,123,99,97,108,94,92,106,97,92,86,74,75,97,94,88,93,68,70,60,49,40,56,56,42,69,92,81,77,70,63,42,9,10,18,29,48,66,73,78,122,29,66,8,52,42,67,36,52,87,74,69,56,56,70,76,82,85,101,93,88,82,86,88,86,98,103,95,97,92,73,65,67,59,53,58,64,55,47,55,52,49,48,51,46,42,39,30,37,55,51
96,177,121,126,127,127,161,141,157,181,157,142,106,154,147,159,132,130,149,131,141,167,137,151,156,143,169,144,148,142,147,153,148,160,169,161,148,143,132,133,127,113,144,144,151,159,101,63,43,28,31,72,116,117,107,119,124,119,133,123,121,123,108,111,101,100,86,105,93,83,94,72,71,98,89,86,100,97,106,86,88,71,76,96,87,97,107,96,84,100,82,64,30,6,7,14,43,39,63,83,101,37,22,70,21,63,47,45,59,77,65,68,59,50,58,73,87,92,99,90,91,87,68,85,89,96,103,102,99,92,80,63,70,58,61,57,63,58,48,51,50,50,38,39,34,35,34,33,42,51,49
97,177,166,148,138,159,165,180,148,171,157,152,190,179,177,162,144,132,107,169,138,162,143,148,150,142,151,152,142,141,158,148,137,138,147,153,140,97,134,144,137,124,114,125,143,134,124,58,45,47,36,94,127,122,135,119,122,129,117,98,115,112,107,104,91,100,88,86,91,83,78,75,66,81,80,80,105,103,93,103,99,107,92,116,92,97,102,101,99,94,93,78,35,18,13,13,25,29,55,91,63,30,42,29,56,46,69,41,53,72,78,77,70,72,67,68,86,98,102,92,85,86,85,75,85,98,102,97,95,96,83,69,67,46,55,58,66,49,47,50,49,44,29,31,31,32,31,40,49,48,43
98,176,175,162,166,157,151,152,182,162,164,177,168,174,186,128,121,128,169,151,164,132,151,139,162,143,140,145,156,138,144,128,153,166,167,164,171,145,113,126,138,114,99,126,144,152,142,84,79,71,62,109,142,137,128,130,119,108,122,106,115,103,91,96,90,89,84,73,78,80,71,72,63,69,70,85,82,89,88,98,83,103,96,114,106,102,117,99,108,97,98,93,55,29,6,17,22,41,67,102,32,37,38,48,37,40,46,71,39,71,73,70,71,67,70,70,83,89,98,87,81,72,79,80,82,87,99,98,91,96,83,61,59,49,53,50,56,55,52,49,49,45,31,44,36,32,35,45,48,43,42
99,169,158,175,165,147,171,166,149,167,176,182,173,160,135,150,134,131,162,122,154,158,138,145,130,129,129,133,141,162,157,137,130,126,144,115,107,148,151,125,119,136,104,120,112,129,140,124,121,101,88,128,161,143,137,128,116,120,99,97,95,99,87,78,76,80,80,75,70,69,72,66,67,65,77,78,71,74,76,84,76,98,87,111,94,110,124,96,111,116,98,93,61,34,36,18,25,47,83,76,33,43,28,47,38,46,50,43,66,70,73,83,80,61,71,74,87,93,97,87,82,82,75,76,87,87,97,98,95,88,87,59,51,46,53,51,52,47,53,52,49,39,38,41,33,39,48,49,45,43,47
100,166,146,158,173,132,163,175,143,170,137,190,149,161,135,155,185,176,165,153,161,151,136,121,132,150,112,134,136,151,154,108,160,154,153,113,112,121,117,113,128,124,162,158,145,132,135,153,140,108,142,154,162,150,143,127,121,112,99,103,96,101,83,80,74,71,77,85,83,73,70,72,70,66,74,70,77,75,71,79,85,90,81,91,101,101,105,99,116,116,106,105,76,38,90,24,34,72,86,20,23,43,40,37,46,44,49,49,48,76,84,77,81,79,76,86,93,90,94,88,78,67,69,76,79,91,92,96,96,93,85,56,44,41,54,47,47,51,56,51,52,44,46,48,46,47,43,49,43,47,51
101,130,139,165,160,180,149,148,148,131,157,138,141,112,115,166,173,161,114,120,142,125,145,146,129,157,168,150,153,160,117,158,146,149,151,140,123,141,152,170,154,158,124,120,144,165,134,153,133,141,135,145,161,152,150,124,130,111,106,103,94,93,75,104,89,85,74,82,78,81,77,72,58,62,74,77,84,78,67,76,84,82,86,82,105,94,114,106,106,108,109,103,69,60,79,40,42,62,36,18,34,48,36,37,33,59,45,48,53,60,72,73,70,67,70,81,98,113,97,93,80,79,70,86,75,83,92,99,98,87,85,52,46,38,56,46,48,52,53,46,50,46,41,39,45,48,44,47,47,53,51
102,127,166,177,161,149,149,164,120,145,147,119,126,141,161,185,163,175,158,177,162,149,124,140,122,124,128,127,132,128,125,144,153,162,125,149,146,125,156,151,160,129,143,132,140,131,126,165,135,139,134,133,144,155,143,130,111,122,105,105,107,80,80,94,88,91,81,82,71,75,69,56,50,60,60,84,81,83,81,88,90,80,86,91,97,92,103,106,106,102,110,99,72,71,25,110,45,27,25,29,36,37,41,40,42,59,49,37,53,58,66,78,79,81,78,83,95,103,99,93,75,74,69,84,86,86,91,92,100,91,71,48,39,47,49,55,44,54,53,44,47,44,41,41,47,50,47,47,49,51,59
103,146,161,157,121,138,111,95,99,133,115,96,135,125,152,174,165,181,177,138,135,110,148,146,138,135,104,97,121,124,138,140,182,154,128,137,149,150,139,121,114,156,109,158,152,137,142,154,152,153,137,145,138,137,133,124,117,117,108,100,105,100,102,84,94,87,87,84,82,65,59,36,40,67,75,85,93,89,91,88,94,91,88,97,81,99,106,95,93,101,104,86,81,46,46,103,55,72,30,18,36,42,47,39,51,49,50,44,56,69,64,73,79,81,74,85,95,99,82,93,76,67,75,76,90,88,93,90,97,92,49,48,36,46,48,45,51,55,54,45,47,40,46,52,52,52,50,49,48,54,62
104,123,105,132,123,116,91,131,136,139,149,140,132,145,146,135,127,163,155,127,153,124,122,126,131,117,138,147,153,109,142,169,158,158,154,155,146,119,153,131,141,162,183,150,150,168,155,165,145,103,138,124,157,119,134,124,123,114,102,95,99,96,93,79,91,86,87,77,90,78,64,32,50,72,88,89,86,92,95,75,97,89,87,92,89,95,98,96,107,102,103,77,75,45,37,81,28,23,76,61,33,53,51,48,56,56,44,46,59,69,73,73,79,89,83,86,96,103,85,79,80,65,68,76,84,90,90,97,96,78,51,45,42,42,52,47,50,54,65,55,45,47,52,50,52,51,52,56,58,61,60
105,142,133,128,94,103,112,82,106,130,138,154,135,122,143,149,142,141,114,146,115,131,128,111,118,138,126,146,134,137,113,153,165,143,137,138,162,154,179,161,149,168,163,128,162,137,154,150,164,167,161,139,131,110,112,120,104,105,96,86,89,95,78,85,93,88,86,82,87,81,68,35,53,83,89,90,79,92,87,91,92,86,82,81,91,94,86,79,86,79,100,79,78,49,42,76,32,34,16,41,71,42,51,61,47,61,47,51,59,72,72,78,76,93,87,98,100,89,91,67,70,70,69,76,84,90,94,102,97,75,56,41,60,51,54,51,47,59,72,56,51,54,55,57,55,52,48,57,66,60,59
106,124,139,133,124,122,128,124,136,99,136,109,129,120,129,127,119,135,112,116,135,131,117,98,87,133,129,124,115,106,132,141,153,140,147,141,122,141,137,176,178,182,161,155,151,129,154,148,154,137,137,154,156,157,139,122,124,104,95,91,85,86,78,94,77,80,82,81,86,81,66,29,44,85,88,90,77,102,82,72,74,81,75,75,73,87,80,72,74,81,85,70,67,63,43,83,27,56,30,44,45,78,52,48,64,58,49,54,65,60,75,76,87,79,90,97,103,102,83,79,72,70,69,75,79,93,97,103,95,84,47,50,49,55,59,56,56,69,73,58,61,60,67,57,56,61,58,63,72,68,85
107,101,134,113,157,158,157,192,177,173,151,141,87,79,122,117,100,133,140,147,132,115,105,140,128,114,114,137,134,126,145,141,151,131,136,114,140,130,69,106,159,167,137,147,162,151,138,150,137,132,123,138,147,95,132,107,132,121,97,93,88,78,85,72,77,79,84,75,80,79,65,27,44,82,89,85,72,87,73,76,79,78,86,84,87,74,68,63,78,78,85,59,74,67,33,148,18,61,66,55,49,53,53,59,68,56,54,52,69,66,65,72,76,82,80,96,105,93,79,76,74,73,74,80,79,97,98,101,92,72,65,48,56,63,69,59,63,75,66,56,66,65,62,59,62,62,69,70,81,134,164
108,114,101,125,133,141,149,163,163,133,123,112,87,164,162,178,139,122,139,132,134,160,165,157,161,162,143,125,141,162,164,142,147,120,109,129,98,131,140,124,165,145,125,116,122,114,134,154,133,115,116,124,121,134,164,149,145,133,140,102,86,78,80,73,78,73,78,89,72,72,65,39,47,72,82,83,84,78,66,72,73,75,67,70,77,73,76,79,90,85,82,69,73,75,71,53,18,51,57,51,59,41,45,78,65,58,54,47,62,61,56,61,75,67,61,100,94,106,90,72,71,72,75,77,84,95,99,101,83,69,58,58,61,65,68,61,69,67,55,54,61,63,63,64,62,74,76,97,110,148,184
109,153,168,150,171,133,129,102,104,118,102,131,135,170,151,130,180,169,150,150,112,128,127,138,126,130,175,155,169,142,194,178,140,149,115,124,135,148,121,127,151,147,123,123,96,112,140,160,142,158,117,149,126,155,161,146,175,141,131,145,106,89,86,72,79,81,82,80,78,65,62,50,58,62,81,85,80,78,69,64,71,70,68,67,73,77,76,66,79,92,91,79,77,80,55,11,76,55,53,50,53,51,51,59,102,50,50,59,61,57,55,65,64,84,70,86,97,86,79,73,71,77,75,78,89,101,101,100,84,66,56,57,54,67,66,63,65,66,60,57,59,66,76,79,85,96,107,112,114,134,147
110,160,139,165,130,148,154,156,147,135,134,130,147,136,142,120,124,155,163,121,108,96,73,146,112,153,144,174,153,168,169,145,142,134,154,155,121,183,154,169,113,158,118,100,125,149,110,149,148,130,135,153,151,133,148,155,150,107,149,151,124,115,100,86,76,86,89,84,78,72,56,51,54,53,63,74,73,71,70,66,70,71,71,75,71,64,54,53,64,75,83,98,81,69,58,44,75,39,45,44,53,47,48,81,87,41,52,54,63,52,58,52,62,71,94,87,93,79,72,72,72,75,76,81,82,81,101,98,91,68,48,59,55,70,76,74,67,65,62,60,68,74,86,94,105,110,126,126,119,132,111
111,99,116,113,123,126,158,177,156,172,163,168,169,152,157,136,132,133,126,123,118,124,100,125,115,140,123,168,151,159,138,144,121,123,132,151,175,179,172,164,156,151,108,110,128,129,136,127,148,128,152,133,147,139,110,134,165,129,120,112,151,133,114,85,71,65,77,83,65,73,52,54,45,62,49,59,59,64,60,61,67,64,52,60,58,54,62,48,34,44,53,94,78,64,49,52,46,45,43,49,53,47,70,52,45,94,50,57,52,61,50,70,56,69,81,91,97,96,79,72,72,72,72,82,88,85,99,95,91,79,52,55,69,62,77,74,70,58,66,72,79,92,98,109,117,105,114,120,123,119,90
112,152,142,127,110,126,151,154,130,153,155,133,135,144,121,133,112,143,121,93,76,115,162,143,141,160,143,149,177,176,127,152,130,139,84,98,119,155,143,131,99,106,140,142,123,119,134,116,126,124,139,140,167,151,161,140,159,150,152,160,161,166,118,80,70,70,57,77,65,63,52,51,43,41,48,42,53,51,57,52,48,57,43,46,52,56,60,49,33,37,45,39,43,39,51,54,32,57,40,44,46,52,59,56,54,141,44,63,60,61,51,70,59,64,84,76,83,76,70,77,76,77,75,82,90,97,90,90,92,73,65,64,63,64,69,75,59,66,82,89,98,98,111,125,126,116,116,110,112,105,71
113,130,153,184,148,137,121,178,137,155,123,119,105,142,113,141,94,105,150,170,160,157,169,158,164,160,167,148,157,73,127,179,100,114,124,166,124,166,104,80,105,94,150,87,128,109,76,123,178,149,147,137,169,176,142,175,129,112,134,140,149,121,142,117,106,69,66,64,53,49,46,50,40,49,35,39,39,47,42,47,51,31,27,41,50,55,58,49,40,48,64,22,13,22,55,50,49,50,64,48,48,46,52,62,46,93,60,61,57,47,67,48,66,49,75,75,91,83,72,70,69,79,80,85,91,96,84,88,94,93,74,67,66,67,75,73,79,90,106,105,107,98,92,92,91,92,107,110,128,101,67
114,154,133,157,169,131,118,138,135,125,135,162,127,155,159,141,117,136,154,190,162,146,82,138,152,147,123,157,135,141,135,140,114,127,130,101,153,143,160,98,88,109,150,133,146,86,128,133,126,155,182,124,124,113,130,169,141,133,88,103,93,98,96,121,148,125,105,73,50,62,38,50,40,31,41,39,49,50,48,52,30,29,24,40,56,58,43,40,46,59,46,20,4,16,54,41,45,48,62,47,47,47,62,57,56,52,80,56,69,62,62,56,52,54,66,74,76,74,72,71,67,74,80,82,86,79,73,80,80,83,66,69,73,81,84,105,96,88,84,89,89,53,107,73,61,87,71,90,106,101,83
115,153,145,188,134,103,127,144,106,139,98,125,162,96,158,147,177,172,132,159,131,146,145,131,134,83,124,86,145,107,132,117,106,118,105,128,151,146,130,140,122,130,139,93,124,137,128,157,154,173,169,127,112,105,117,139,149,135,135,152,130,159,149,138,181,172,158,109,91,126,73,53,49,42,87,151,83,69,42,35,37,44,31,35,46,36,33,47,53,62,12,6,8,25,41,47,44,54,50,68,45,48,62,64,46,59,113,61,73,54,57,63,47,55,62,78,84,69,70,72,75,79,85,79,78,66,70,86,100,86,77,88,91,96,106,87,94,93,110,70,96,103,83,103,109,129,67,105,99,99,104
116,113,108,105,130,110,110,132,72,119,109,122,151,154,126,177,176,134,122,111,148,154,159,155,121,80,109,121,104,149,102,116,103,121,123,118,151,136,126,177,111,131,135,115,132,123,96,139,136,137,179,147,139,159,117,149,155,114,125,133,162,157,124,172,135,150,98,139,163,94,116,66,69,83,112,170,159,91,43,49,36,33,20,32,34,36,38,37,51,45,6,9,7,23,19,25,32,26,47,63,66,63,54,64,54,59,136,56,56,69,58,49,56,63,71,78,79,76,65,66,71,81,81,83,76,71,81,94,98,102,89,105,129,72,89,115,87,98,86,89,78,84,85,109,116,110,87,71,103,123,92
117,109,118,114,121,110,131,103,121,154,117,109,123,158,145,167,141,148,138,147,164,151,127,119,90,161,129,98,93,126,114,100,125,145,104,152,149,113,121,182,170,141,124,119,116,158,170,148,174,151,163,122,126,184,140,138,159,163,146,170,158,164,142,123,92,119,94,116,102,127,146,135,95,166,152,130,170,128,72,57,20,24,20,27,30,28,18,32,39,34,0,6,3,0,15,40,11,45,52,42,73,61,54,67,64,66,145,49,64,63,67,54,59,78,85,76,70,68,60,63,81,78,80,81,84,73,90,107,106,110,104,112,131,128,139,142,107,80,86,99,87,74,98,99,107,81,80,66,116,127,117
118,128,133,117,102,143,175,157,141,144,160,164,158,132,120,167,136,123,136,156,138,145,129,124,96,101,101,115,131,157,107,140,119,132,102,94,86,130,126,169,164,163,146,145,123,152,168,172,166,128,119,168,156,162,124,128,141,154,132,149,154,138,133,80,79,92,121,99,82,128,156,137,130,166,172,172,186,172,49,27,27,27,28,25,29,34,28,29,46,20,4,2,4,6,11,60,58,64,60,53,58,76,58,61,65,70,126,53,66,55,73,60,57,73,81,70,59,61,62,67,80,77,81,76,82,84,103,121,121,109,97,108,129,138,119,125,128,115,99,85,117,113,94,132,114,117,67,109,107,108,113
119,149,142,180,185,182,149,102,168,154,150,179,118,141,148,108,113,153,174,171,182,150,141,95,152,123,141,157,122,87,125,149,154,145,120,120,108,122,153,140,138,166,170,175,186,133,140,117,150,149,144,85,128,164,138,61,131,121,119,147,123,147,52,142,88,93,134,92,119,128,131,118,182,163,177,159,169,174,97,27,18,33,38,30,39,32,19,29,43,34,7,4,12,19,20,17,56,48,45,61,58,54,78,78,68,64,112,62,64,53,69,61,65,69,67,65,66,56,59,62,78,75,83,75,80,90,104,119,121,132,132,135,138,110,91,132,110,76,101,136,111,86,114,96,111,105,132,125,97,108,87
120,132,151,161,148,106,128,157,130,148,111,124,147,135,100,124,151,162,183,167,130,157,168,176,121,86,145,179,132,131,167,138,145,145,150,119,106,118,111,105,137,95,103,167,154,85,131,109,121,107,109,131,146,126,127,156,150,129,178,160,144,110,125,139,130,146,152,155,151,168,154,180,141,119,120,137,123,118,139,40,28,37,35,37,45,30,36,40,39,50,28,12,27,32,12,23,29,43,46,55,50,66,96,72,68,116,72,55,75,53,67,68,67,63,64,59,62,63,63,70,88,80,86,84,82,95,106,107,108,89,111,131,122,100,87,98,97,81,94,97,105,118,126,102,114,96,111,118,131,91,114
121,137,150,151,158,149,144,117,131,116,88,118,80,108,55,146,163,128,173,161,147,110,167,138,160,142,168,176,172,163,173,117,138,40,83,101,86,70,73,105,58,112,165,147,118,92,82,145,128,66,143,149,154,201,176,171,152,157,117,112,101,139,96,140,137,155,125,159,147,152,158,136,129,96,119,110,85,118,174,80,47,40,24,49,41,37,41,46,28,34,29,28,41,54,24,30,24,32,60,47,67,64,88,62,135,70,62,77,40,69,57,65,65,73,65,54,61,57,66,70,85,87,90,98,92,93,127,116,118,81,110,119,95,86,98,112,96,90,68,100,65,60,117,114,113,93,115,128,95,99,125
122,104,132,140,161,131,140,152,93,113,73,81,75,79,99,132,133,165,124,174,132,130,160,125,119,141,127,101,138,149,60,89,108,130,147,135,67,102,151,90,112,141,153,181,152,132,166,177,159,125,148,170,153,153,151,176,137,157,158,118,117,91,137,154,171,133,155,159,133,158,143,150,102,113,91,109,153,61,150,49,39,32,24,46,31,36,29,28,22,25,24,26,40,41,39,26,45,32,62,51,72,60,112,106,65,88,72,64,80,63,65,71,68,64,67,62,60,61,71,75,84,91,92,101,92,99,127,132,129,101,111,76,126,102,128,78,90,78,95,84,89,70,80,95,103,82,67,97,111,95,89
123,178,95,147,124,163,110,96,79,87,97,141,97,136,105,100,126,172,141,115,87,118,77,102,114,133,118,103,133,132,83,119,126,103,166,143,108,65,75,164,142,186,169,143,132,168,171,114,145,145,157,147,128,130,130,132,159,160,178,166,93,115,107,122,126,168,142,132,120,139,138,178,175,169,141,158,131,129,133,43,18,21,33,35,20,19,25,29,33,22,27,31,41,44,45,20,50,59,56,48,98,106,74,82,89,85,84,77,65,76,66,66,72,66,67,58,52,67,72,80,83,86,94,103,102,105,99,140,102,111,114,125,104,91,112,87,96,110,102,101,43,87,65,93,103,108,74,114,96,75,78
124,121,85,74,129,124,146,135,130,93,74,121,136,128,106,168,128,127,103,102,125,129,126,159,167,118,129,122,84,72,154,138,109,132,115,98,99,121,141,147,144,185,184,166,163,168,125,161,147,104,155,130,124,164,130,142,160,154,105,145,175,137,113,127,150,148,176,154,144,181,190,185,162,190,153,168,203,172,124,42,32,27,32,29,20,21,25,34,39,31,33,38,42,42,36,21,61,73,65,47,101,88,83,93,93,90,88,78,77,78,75,76,73,82,74,69,66,70,71,83,90,82,99,104,112,76,114,126,114,108,133,115,122,117,94,120,103,92,89,67,78,65,73,69,83,94,68,116,92,104,63
125,108,135,139,137,174,119,120,137,138,121,153,111,133,146,102,91,109,120,91,111,180,180,135,125,147,91,80,87,159,139,140,114,155,179,146,176,170,186,168,162,178,160,181,135,144,166,158,128,166,123,112,150,171,186,159,135,120,125,109,158,126,152,128,140,102,147,133,155,94,119,140,150,180,171,171,178,160,158,32,26,27,30,29,22,25,42,36,30,43,32,42,43,39,38,45,54,93,84,82,101,102,83,105,97,94,83,80,74,78,76,81,76,67,69,68,71,72,76,76,88,89,98,99,108,111,88,134,77,94,65,78,110,81,83,123,123,100,69,79,86,76,87,50,91,94,90,103,90,75,80
126,115,182,147,129,143,123,132,153,132,157,104,81,117,128,107,86,46,86,105,103,140,132,135,107,124,162,156,159,121,137,141,168,176,135,142,128,177,196,173,145,207,154,126,116,147,157,135,161,137,166,178,216,169,144,144,141,144,135,110,73,89,123,147,148,123,113,107,141,140,150,128,201,129,129,171,143,118,151,77,32,29,28,24,21,32,52,39,29,43,25,38,40,41,52,61,59,112,93,89,95,92,102,98,105,95,92,86,81,88,70,78,82,80,81,76,73,73,78,73,87,84,88,106,113,91,128,67,100,83,66,127,147,96,107,76,121,117,108,124,43,111,56,63,97,67,103,96,140,128,133
127,157,167,159,123,183,126,106,99,141,142,136,130,111,126,163,83,83,76,117,112,124,103,141,103,116,109,140,174,152,151,171,177,140,135,143,131,151,174,179,138,151,122,132,139,113,108,116,127,111,125,124,137,148,212,172,133,98,114,83,68,83,121,120,172,164,155,176,134,139,149,153,183,185,158,140,139,124,139,128,43,32,29,23,20,31,55,44,23,42,26,38,44,55,67,63,87,94,94,95,97,93,100,106,107,103,97,98,93,81,84,85,86,84,79,78,74,70,74,71,85,88,92,116,92,143,100,163,149,125,100,124,121,133,141,125,92,86,115,99,101,84,47,56,53,74,74,101,62,66,60
128,128,116,98,86,122,108,122,133,108,111,134,116,123,89,57,47,84,111,107,95,126,131,117,124,93,93,110,120,66,156,121,154,198,136,145,164,129,152,134,138,122,129,174,133,78,101,139,114,86,117,138,137,152,160,160,148,150,148,120,115,98,51,125,113,158,138,147,128,157,166,182,156,160,118,131,64,114,53,140,68,39,27,23,32,44,45,50,29,19,23,34,56,55,68,86,90,90,83,83,90,98,100,113,106,106,79,94,90,97,91,89,86,86,89,89,83,73,73,80,84,87,87,123,135,152,114,165,117,125,133,118,161,111,152,97,123,83,70,85,100,70,81,82,36,81,27,95,95,23,74
129,87,86,86,82,87,118,136,118,141,131,151,149,160,165,134,84,154,147,120,132,117,111,98,118,132,76,69,103,146,157,150,138,186,76,144,211,152,160,169,147,154,164,157,161,132,154,129,132,186,150,137,145,182,114,169,119,149,136,156,158,160,102,96,160,177,153,130,145,154,169,137,150,160,141,169,98,95,117,150,78,35,33,22,34,47,42,48,40,15,18,30,54,56,81,75,89,77,77,94,104,85,105,121,112,94,71,94,96,97,90,91,90,98,91,72,77,80,82,83,90,90,91,124,134,172,145,147,119,97,96,130,96,74,101,116,102,122,105,84,102,74,125,68,87,101,114,99,115,56,46
130,103,54,102,110,112,118,138,141,83,90,81,92,156,146,122,118,109,105,107,124,115,161,143,79,112,161,144,131,126,127,107,113,162,124,108,140,142,164,89,155,134,162,177,154,168,151,197,161,151,101,117,143,182,114,157,161,146,130,129,152,155,169,124,140,166,137,178,137,161,170,150,109,170,164,184,153,160,151,152,133,76,42,32,45,51,45,45,39,25,16,30,46,69,66,79,75,70,92,98,106,102,117,116,104,90,83,85,93,96,98,91,90,79,89,88,83,81,88,82,86,96,98,121,120,178,112,110,101,126,110,82,55,111,76,35,86,115,144,121,84,123,71,111,91,85,99,109,72,76,70
131,106,122,117,131,114,103,150,105,131,97,40,96,131,69,106,82,95,83,104,90,147,128,158,180,155,152,110,128,78,135,128,137,118,105,173,169,84,120,130,162,126,124,122,139,176,184,142,155,131,109,140,132,151,123,111,144,154,130,130,106,151,132,168,176,152,148,141,165,153,170,151,116,122,126,176,169,176,165,175,202,139,141,133,110,55,57,53,43,34,23,24,33,54,60,83,78,85,99,99,115,119,112,119,99,100,89,79,85,89,105,94,91,88,91,95,86,82,94,85,85,84,118,155,137,147,186,115,118,108,141,97,153,107,108,97,138,138,78,121,95,98,119,121,117,70,94,121,98,96,85
132,82,146,158,145,137,130,126,91,87,92,100,113,170,115,154,116,101,138,77,167,121,132,169,174,143,137,152,165,103,112,75,78,117,100,181,152,165,117,129,134,149,148,163,135,173,121,144,143,140,176,92,123,107,147,108,159,194,144,142,149,131,105,168,134,135,177,201,151,112,181,170,184,164,164,159,164,143,181,106,143,119,142,116,127,132,92,55,49,41,23,18,23,23,33,58,50,84,100,107,132,122,105,113,121,85,90,83,79,94,103,100,78,95,95,75,80,69,81,92,87,83,117,116,112,112,104,83,88,84,59,124,103,107,128,82,107,83,120,122,110,78,98,117,65,103,100,68,103,85,73
133,97,166,205,110,198,119,131,112,42,88,99,123,125,140,97,100,136,144,113,138,152,213,155,189,174,161,150,120,109,128,92,56,120,159,174,119,174,142,146,174,176,127,138,138,99,87,111,135,95,138,141,125,147,127,112,162,138,134,170,148,126,153,111,150,142,148,102,133,146,147,158,178,189,170,155,122,88,87,157,126,168,131,88,97,126,151,110,68,39,20,23,30,23,25,31,43,79,104,93,147,137,148,151,131,79,95,89,81,94,93,103,85,90,94,79,80,79,70,76,88,95,128,134,125,99,101,103,90,64,83,72,64,102,111,87,76,69,83,36,93,88,144,79,68,88,127,57,56,95,64
134,106,144,138,119,116,95,135,141,89,136,86,76,161,85,61,128,152,152,165,132,170,189,152,141,160,158,117,134,173,85,111,106,137,143,145,120,140,146,145,186,149,145,110,97,102,90,103,118,128,101,122,99,139,125,163,167,51,156,125,171,112,139,161,141,153,150,121,126,111,107,170,100,127,139,149,169,153,130,146,166,112,79,152,128,137,144,104,84,64,41,31,34,30,40,57,58,59,138,76,100,134,147,121,115,93,98,88,81,88,91,95,85,91,79,75,75,74,75,86,85,112,118,92,104,112,130,74,37,128,78,62,43,54,77,44,96,113,87,85,101,79,56,75,96,65,52,78,47,42,62
135,109,168,90,158,143,135,107,66,101,37,39,20,65,97,140,155,163,151,133,151,128,68,118,158,155,114,160,109,136,77,116,97,153,156,96,160,112,153,177,178,156,159,141,130,139,139,154,106,129,167,128,147,138,171,117,74,133,100,137,135,157,108,177,101,116,77,138,78,97,134,62,113,114,148,88,173,135,149,158,139,117,81,94,51,33,156,83,74,72,67,58,57,56,60,64,65,83,99,52,107,126,135,109,91,103,90,81,81,92,95,100,78,81,68,58,64,70,76,78,99,113,104,80,107,91,118,139,137,115,118,110,82,97,54,91,82,99,108,71,106,90,80,114,71,112,79,7,58,14,15
136,85,86,85,97,154,92,169,110,134,79,104,117,157,123,137,98,104,102,88,125,134,154,137,120,143,119,79,69,121,136,101,123,110,85,166,135,132,130,111,148,96,121,114,139,121,171,128,108,170,117,156,115,123,108,124,111,108,139,105,141,153,192,127,99,98,31,96,4,79,75,70,80,112,110,137,151,154,110,137,115,91,101,106,37,96,115,90,66,64,59,59,60,70,67,67,71,83,155,93,85,112,138,125,68,107,76,80,79,91,93,92,84,68,64,59,63,62,69,70,91,114,111,74,111,62,92,134,95,90,120,173,146,157,127,121,98,96,78,70,68,122,69,31,85,75,43,58,74,60,36
137,151,133,147,112,102,142,198,126,122,173,151,108,91,89,82,75,125,55,70,57,86,115,82,89,81,97,77,101,103,91,98,66,62,140,126,173,139,123,129,140,129,173,144,166,149,118,131,144,168,70,97,171,132,101,91,180,161,114,164,174,98,112,58,132,115,146,143,97,132,128,100,122,154,147,132,190,154,142,81,126,173,58,67,181,121,117,99,80,61,59,63,65,71,73,68,73,97,132,110,92,125,174,126,130,111,75,73,86,86,97,83,78,67,63,58,64,69,75,86,96,119,110,122,120,68,71,63,100,105,95,106,84,123,118,98,94,82,51,93,94,90,49,39,31,48,50,84,96,55,56
138,141,96,123,172,143,148,133,104,182,188,171,138,52,114,105,97,66,55,71,77,31,45,60,71,101,73,101,49,65,81,133,100,85,86,112,116,167,147,178,129,150,115,151,130,120,171,103,107,68,75,162,119,148,161,170,155,117,149,170,118,130,137,185,128,138,144,114,84,190,129,114,149,137,169,152,152,149,122,136,131,135,153,115,92,108,132,112,68,67,64,68,73,68,75,65,70,81,154,102,52,108,125,103,101,159,72,76,88,85,85,70,71,72,65,59,65,67,70,87,104,107,81,90,144,75,71,24,93,59,87,88,107,51,119,106,151,109,92,84,58,35,6,91,91,86,111,72,48,70,63
139,149,147,153,131,104,73,78,109,73,127,100,115,87,90,66,70,41,32,71,69,51,65,78,111,82,127,48,29,60,105,181,132,152,119,93,142,146,149,127,189,151,140,122,77,110,127,123,40,95,189,156,126,190,153,156,161,168,165,179,127,178,115,68,61,119,136,148,152,144,79,73,162,102,116,133,131,125,136,135,131,98,114,121,137,107,152,102,88,70,67,73,84,70,82,68,73,91,127,107,115,113,95,129,160,119,70,74,92,95,76,69,75,71,65,60,69,72,79,91,102,76,104,126,112,124,89,89,30,117,123,35,76,83,67,29,69,103,92,61,41,79,56,88,79,90,88,45,61,70,100
140,134,113,122,151,121,86,135,94,119,94,71,104,118,107,98,67,56,40,69,98,85,108,90,89,102,61,75,113,142,99,99,157,126,128,140,162,201,150,155,144,55,128,160,149,130,124,120,177,135,66,138,144,141,89,168,127,157,120,158,131,158,122,137,134,151,130,100,149,128,128,74,95,94,121,106,127,84,68,64,110,78,81,157,89,144,111,127,85,71,69,72,82,71,85,72,71,98,127,136,71,89,90,107,87,77,74,78,86,83,74,72,69,63,58,57,64,75,86,102,110,99,109,91,89,126,142,103,133,96,120,92,95,39,112,105,96,87,105,116,71,46,98,67,79,78,92,77,46,47,100
141,113,86,135,92,64,49,55,40,109,110,181,122,78,97,95,74,62,98,64,104,67,73,89,44,106,129,96,139,158,152,120,113,88,143,151,99,121,181,174,153,194,165,114,126,131,60,89,101,154,104,106,103,118,105,56,96,133,129,105,176,135,77,166,98,117,132,141,159,119,105,79,153,127,112,112,88,62,124,178,134,63,142,99,129,86,83,149,89,77,72,72,78,77,84,76,73,91,121,100,113,140,131,85,72,93,80,80,70,81,70,72,70,62,56,66,76,73,105,90,128,98,134,86,100,109,118,112,98,103,94,46,56,133,88,89,75,62,61,95,51,66,92,75,81,103,36,38,34,64,74
142,67,98,138,115,106,61,40,64,46,77,100,118,109,124,126,69,53,74,70,59,80,78,79,103,137,104,109,163,144,102,180,108,72,134,174,127,158,143,122,137,130,110,126,71,141,101,142,93,133,114,191,71,150,116,109,148,126,125,164,125,119,112,102,136,148,111,142,145,129,108,105,137,136,78,98,177,66,130,32,79,81,101,156,74,97,104,159,85,78,71,68,72,75,68,68,73,101,172,74,73,144,135,150,132,125,70,78,77,68,69,64,58,58,56,66,77,89,104,98,116,94,105,114,122,95,77,105,112,75,72,74,20,78,98,114,75,53,96,36,23,93,97,135,84,131,94,83,27,84,96
143,97,94,105,128,79,79,141,91,129,134,167,106,136,67,112,79,70,111,68,83,56,44,63,96,112,83,99,114,105,213,122,84,126,137,108,169,129,123,102,88,78,118,133,140,122,134,189,70,131,145,154,159,128,137,141,108,49,136,121,143,117,116,138,104,176,95,202,120,113,104,98,105,105,105,126,115,123,125,132,138,96,144,150,139,124,122,155,100,80,70,63,63,65,59,68,72,112,111,98,140,164,127,92,92,142,90,70,79,66,64,71,61,56,62,70,83,94,88,101,105,72,96,139,105,88,60,120,87,72,77,87,85,53,51,67,69,107,62,63,43,40,101,76,116,107,88,47,82,68,143
144,147,96,133,107,146,189,46,168,166,87,161,133,143,145,91,78,65,128,82,80,103,113,62,70,109,120,101,117,101,71,108,81,159,126,146,149,108,115,58,104,160,147,114,142,127,149,135,171,123,102,73,138,112,152,166,144,118,124,149,97,130,138,145,106,130,132,164,125,160,95,148,78,143,135,96,94,161,207,178,165,151,146,134,153,110,133,145,99,82,70,66,58,67,63,75,73,113,121,118,177,151,99,94,123,131,88,76,66,71,68,64,61,61,70,77,93,98,113,89,120,21,63,97,94,129,125,101,116,79,75,51,86,88,63,82,96,62,108,117,86,55,90,64,99,71,89,95,62,104,127
145,79,144,134,96,149,126,163,83,115,150,116,148,115,102,102,133,120,55,170,138,114,144,159,112,134,152,135,115,155,96,110,170,137,137,119,123,78,175,163,147,150,111,102,141,132,173,116,123,144,95,147,116,184,138,147,163,128,122,135,85,90,81,65,126,111,152,72,81,140,145,146,101,123,63,54,61,111,142,155,149,108,120,148,146,147,162,133,78,65,73,70,59,68,68,77,76,124,97,124,118,136,110,130,116,132,90,78,70,68,65,62,61,57,65,75,94,89,101,80,122,70,117,64,87,112,126,86,82,58,88,54,100,33,103,105,128,112,115,72,83,95,39,24,40,17,75,46,67,3,105
146,109,99,76,83,102,109,118,136,141,95,133,142,97,139,124,75,120,105,120,155,96,122,116,129,111,89,122,81,114,119,172,127,132,106,89,134,158,120,122,158,116,93,163,119,85,118,121,59,52,128,100,141,155,138,139,128,156,133,178,129,104,156,143,111,179,200,128,112,109,173,93,121,113,76,108,115,143,113,156,144,169,140,171,123,142,110,122,63,59,58,50,51,58,60,69,80,126,119,157,84,99,107,103,89,132,100,86,73,71,66,61,60,60,71,81,95,91,148,128,111,102,53,99,105,165,95,97,122,88,68,79,51,79,83,56,83,101,67,96,100,59,133,76,51,30,36,87,64,10,75
147,102,133,140,149,164,113,87,107,116,179,100,107,131,114,88,97,97,151,117,160,82,122,161,79,86,79,122,182,100,139,169,73,125,147,116,134,149,201,138,147,85,144,42,80,131,151,150,137,110,103,98,96,141,117,98,110,94,90,114,121,116,141,173,179,148,90,150,129,124,117,166,87,70,96,137,135,140,126,105,148,158,134,166,102,115,140,142,45,47,53,57,51,51,54,65,87,154,154,122,107,163,98,127,146,141,103,84,77,67,62,60,62,64,72,81,100,113,102,166,153,91,127,86,112,87,87,90,95,75,64,77,87,51,112,82,148,54,80,94,119,146,155,125,88,97,57,113,75,34,43
148,47,174,72,111,85,78,190,93,169,107,100,53,93,53,131,59,76,121,50,170,125,100,122,114,106,106,55,83,187,100,84,103,119,98,120,117,65,122,132,138,129,135,163,161,151,153,111,153,139,122,137,148,91,108,144,151,132,162,130,90,193,175,149,132,95,164,133,104,62,144,116,129,146,119,100,100,132,105,167,164,164,133,124,155,97,104,117,64,28,37,43,41,39,39,58,117,92,53,140,110,69,124,130,158,134,107,85,71,68,65,58,61,63,80,94,97,121,181,140,116,145,148,90,120,114,109,111,134,112,109,59,135,102,103,81,140,91,107,159,123,138,128,119,101,87,109,67,64,25,78
149,100,105,112,143,119,82,101,138,99,135,86,72,107,99,132,149,139,130,114,135,166,139,117,109,120,132,111,145,113,87,127,144,88,91,160,124,151,184,125,99,125,125,142,117,123,133,172,131,135,186,153,131,120,116,92,157,102,87,119,155,136,122,116,126,107,69,98,72,139,54,31,104,75,84,82,92,122,114,97,149,83,50,129,127,52,136,60,181,24,12,33,35,32,46,79,113,48,53,92,105,132,96,127,166,127,103,84,71,63,60,58,66,71,83,99,102,88,121,130,168,140,78,90,69,177,103,143,112,146,150,123,116,137,144,115,84,39,61,119,206,88,88,120,76,137,137,66,77,81,55
150,171,180,128,119,106,164,81,130,185,126,173,152,62,102,115,168,128,145,130,141,145,193,139,94,169,186,148,135,120,116,100,113,63,143,120,128,118,165,88,105,130,97,93,140,104,109,84,100,175,147,147,109,116,126,154,104,118,100,133,109,106,147,114,85,111,127,65,100,138,75,81,90,67,75,84,111,109,109,103,87,89,127,123,125,49,119,185,159,57,2,29,33,41,56,108,106,132,151,91,144,126,145,154,144,136,105,82,72,65,63,59,62,73,81,93,111,59,133,116,131,143,118,177,139,122,125,124,150,97,139,107,81,103,122,162,105,134,119,70,105,170,86,65,109,102,169,33,96,55,77
151,92,100,39,51,119,79,106,34,89,64,171,140,111,120,75,108,57,96,138,108,162,91,29,111,142,125,108,169,139,161,173,147,160,87,103,145,119,128,124,115,46,119,143,111,78,119,121,132,110,111,81,118,126,135,112,78,134,137,124,120,106,112,98,93,72,111,128,50,74,93,41,90,111,68,76,93,133,133,119,56,97,111,156,150,116,50,58,85,95,26,32,40,56,69,110,132,140,96,61,156,177,158,155,163,122,99,82,70,58,61,62,65,69,82,89,110,137,144,63,120,139,156,126,156,154,105,87,146,118,108,135,131,99,134,109,94,126,171,95,80,73,200,77,101,104,65,40,61,55,100
152,96,112,114,64,63,44,128,114,110,151,99,91,97,96,121,154,98,135,43,96,176,107,95,105,128,120,96,120,132,98,87,177,63,81,147,157,135,74,121,147,98,70,120,72,97,152,110,137,88,73,92,113,72,127,87,104,129,94,108,127,84,136,139,109,85,90,90,93,86,220,172,127,68,89,80,41,72,119,106,58,106,52,92,113,107,152,98,87,92,64,52,50,71,76,118,113,149,177,176,145,90,168,162,141,116,88,77,67,64,62,65,68,69,78,91,114,151,68,115,97,83,90,143,136,40,106,87,113,30,100,47,49,90,120,100,136,142,166,90,142,120,80,124,34,88,108,56,65,69,88
153,108,83,53,128,106,72,100,128,120,43,95,162,128,107,98,72,138,117,140,107,113,137,162,107,130,72,92,84,101,122,77,150,70,68,71,114,176,89,96,35,120,71,80,67,43,63,42,92,66,84,64,134,105,61,84,102,109,134,142,137,136,142,106,118,146,137,134,129,165,173,155,173,113,149,120,98,65,149,80,96,102,137,87,139,121,178,153,155,97,69,61,63,69,77,127,80,119,91,162,97,100,163,165,136,110,87,80,68,65,65,69,73,76,78,85,125,9,94,48,24,88,108,102,72,83,91,121,137,76,175,52,71,49,89,103,95,70,30,128,136,144,102,37,104,34,68,41,75,40,60
154,98,120,140,96,128,98,90,114,110,94,92,77,142,159,128,127,83,88,116,101,118,143,123,106,33,83,97,82,108,103,116,102,94,184,199,180,101,134,119,66,82,77,69,87,99,121,119,116,99,88,82,131,156,120,119,84,99,116,120,101,106,153,147,131,110,172,143,163,152,167,190,127,148,141,66,109,148,134,143,121,120,134,121,88,129,120,161,157,97,71,69,62,60,75,132,27,79,127,83,122,111,181,152,136,109,87,82,71,66,68,74,76,77,84,89,150,120,115,40,78,130,64,44,53,88,80,103,60,83,118,158,87,84,74,53,47,1,25,69,105,103,54,64,103,39,54,47,99,80,80
155,122,110,175,82,143,116,191,114,60,142,120,98,124,137,76,138,150,134,102,118,115,140,143,124,12,62,50,73,125,93,104,146,153,125,131,130,157,125,105,107,76,96,134,84,72,130,92,80,144,124,139,107,131,101,139,56,129,105,131,142,127,127,86,144,125,128,126,129,124,137,82,185,176,166,138,198,131,126,169,152,104,175,168,151,111,143,107,129,93,71,73,65,69,78,157,96,101,173,132,108,161,168,146,123,102,82,79,73,69,71,76,77,77,76,91,133,85,72,108,69,69,61,108,49,28,113,49,112,101,49,160,60,50,102,101,88,63,50,90,77,66,77,58,73,9,58,94,126,128,106
156,117,86,185,181,156,129,157,130,196,112,149,90,69,141,143,181,97,161,107,137,137,134,98,119,98,144,117,105,75,99,139,128,147,170,138,117,125,39,112,158,126,75,150,89,94,102,85,146,34,67,63,70,78,107,65,134,111,125,111,147,149,131,103,130,103,60,131,151,162,109,149,156,157,150,146,113,163,169,130,104,177,162,114,89,30,116,64,156,95,72,66,60,66,78,145,157,146,150,107,162,156,157,139,113,92,84,73,69,67,71,72,76,85,91,99,135,141,46,90,44,27,52,58,55,19,83,112,119,88,63,52,30,29,102,66,50,70,63,99,97,85,91,97,99,119,41,122,50,70,103
157,83,109,145,112,98,181,156,167,144,134,105,126,142,168,188,105,171,194,143,174,101,106,126,163,134,146,110,77,61,114,155,124,144,102,104,79,89,116,195,133,171,139,155,112,122,133,142,29,20,166,71,98,72,148,78,145,79,120,124,96,94,67,149,88,39,99,133,54,107,151,147,170,140,135,154,167,192,104,117,94,83,120,147,102,124,159,85,147,96,73,62,56,66,81,149,113,152,115,128,155,140,151,120,108,94,82,73,71,67,68,68,74,79,83,115,124,85,58,48,160,27,89,89,88,95,100,70,102,57,77,81,74,90,92,59,58,43,87,92,82,102,41,68,139,118,117,88,74,113,82
158,120,88,112,169,142,143,142,137,140,149,129,127,107,139,98,154,173,203,180,86,136,81,85,117,122,91,144,113,120,142,168,95,124,89,76,106,114,90,48,94,137,152,163,141,138,122,162,122,82,79,157,89,140,149,99,69,74,16,71,108,116,76,125,131,124,119,159,107,115,66,184,161,182,183,132,154,120,176,138,103,68,116,145,93,87,163,139,133,91,73,63,62,69,76,107,117,124,82,116,50,142,136,117,102,91,81,76,66,70,72,73,77,77,71,132,125,130,173,65,119,135,21,80,75,67,88,118,64,83,114,95,117,103,73,62,77,40,108,116,86,41,96,83,139,111,47,58,74,101,41
159,162,127,148,115,154,154,149,111,150,127,127,133,143,169,148,146,195,161,136,145,163,49,79,62,65,117,155,123,171,157,100,147,61,79,60,62,126,83,107,123,86,127,162,139,158,128,129,177,189,117,134,128,67,128,163,165,130,83,144,133,119,106,89,78,78,78,107,90,90,120,106,133,90,110,133,107,139,134,99,113,149,125,162,159,124,162,164,106,89,72,62,64,69,74,143,126,67,165,91,120,142,117,123,98,98,81,76,67,67,72,73,76,64,84,128,104,96,107,134,141,106,97,56,37,43,19,112,87,127,130,99,59,80,105,101,82,63,81,73,105,81,10,68,38,82,109,32,211,65,59
160,109,103,123,124,95,136,115,137,86,137,95,88,77,126,82,132,87,132,120,91,93,100,69,81,120,56,153,94,137,133,111,110,108,44,182,118,102,128,90,105,166,54,150,120,153,49,98,94,119,152,54,156,102,104,128,118,135,86,105,99,175,174,127,152,47,102,158,101,115,78,108,110,93,52,84,156,68,128,113,92,59,126,108,127,136,123,135,109,88,74,67,67,74,72,139,139,136,117,115,101,135,127,117,116,101,89,78,70,65,59,65,66,74,88,113,119,95,98,89,124,122,48,34,145,51,116,98,86,76,126,43,93,116,62,91,99,95,78,138,89,117,72,116,120,112,97,129,120,63,65
